pointIndex,mode,runKind,inputName,perturbationPercent,perturbationIndex,engineVersion,stateHash,param.edgeFluxMax,param.gapWidth,param.restoreWeight,measurement.advectionShare,measurement.backflowEvents,measurement.bandCells,measurement.bandThreshold,measurement.blockedCellCount,measurement.capacityLimitedAmount,measurement.coherenceLength,measurement.coherenceLengthSigma,measurement.completionRatio,measurement.completionStep,measurement.densityMax,measurement.densityMaxCell,measurement.densityMaxExSource,measurement.densityMaxExSourceCell,measurement.densityMaxExSourceStep,measurement.densityMaxRatio,measurement.densityMaxStep,measurement.diffusionShare,measurement.fluxLimitedAmount,measurement.fluxLimitedEvents,measurement.gapThroughput,measurement.guideMagnitudeMax,measurement.injectionBase,measurement.injectionRemainder,measurement.maxStagnation,measurement.meanResidency,measurement.meanSegmentWidth,measurement.occupiedCellsPeak,measurement.outOfField,measurement.outOfFieldRatio,measurement.remainingRatio,measurement.segmentCount,measurement.sigmaProfile,measurement.sinkCellCount,measurement.sourceCellCount,measurement.sourceDensityFinal,measurement.sourceDistance,measurement.sourceExclusionCellCount,measurement.sourceOutflowAverage,measurement.sourcePositiveScoreDirections,measurement.sourcePositiveScoreDirectionsStep,measurement.totalCompleted,measurement.totalInjected,measurement.w0,sensitivityBasisPoints,criterion4Dominated,criterion2MedianTwiceBasisPoints,criterion3Median3TwiceBasisPoints,criterion3Median10TwiceBasisPoints
0,B,basic,straight,,,0.8.0,e3ddaebc,65536,1,0,83,0,"0,0,0,1,3,3,3,3,4,3,8,9,12,19,21,21,22,21,23,24,23,24,25,25,23,26,25,26,25,26,27,28,3,5,4,3,3,3,3,3,4,4,4,4,5,5,5,5,5,5,5,5,5,5,5,5,5,5,5,0,0,0,0,0",40,58,0,14,6,85,2491,4164,"4,32",4032,"31,31",3118,1,29,17,0,0,[object Object],65536,1024,0,0,338,",,,65536,196608,196608,196608,196608,131072,196608,87381,117964,262144,311296,1376256,458752,720896,688128,502442,524288,1507328,786432,1638400,819200,1507328,851968,819200,1703936,819200,567978,442368,611669,98304,109226,131072,196608,196608,196608,196608,196608,262144,262144,262144,262144,327680,327680,327680,327680,327680,327680,327680,327680,327680,327680,327680,327680,327680,327680,327680,,,,,",3719,227317,6,8,"0,0,0,1,1,1,1,1,2,1,6,5,3,4,1,3,2,2,3,3,1,2,1,2,1,2,2,1,2,3,4,3,2,3,2,1,1,1,1,1,1,1,1,1,1,1,1,1,1,1,1,1,1,1,1,1,1,1,1,0,0,0,0,0","467951,499189,528202,654344,416162,377223,407834,424235,444841,462141,484159,497572,507306,529967,544324,554209,568275,570990,576056,587868,580246,589872,587428,588391,584730,581426,576308,579264,569028,562688,488925,406528,284881,579256,572167,571052,566871,556327,551232,543790,543550,537555,534402,532717,530282,529925,532077,536726,524426,528911,531703,533017,530151,524012,516362,509900,486740,464052,433041,1053813,997405,958530,934539,938420",5,1,3140,[object Object],5,1038.0897222222222,4,3600,3135317,3686400,196608,,false,876,,
0,B,basic,distributed,,,0.8.0,6e03aff9,65536,1,0,52,0,"23,26,29,31,32,33,33,34,34,36,38,39,43,42,45,46,49,48,48,49,50,49,52,50,50,51,52,53,53,54,51,50,6,40,39,41,40,41,43,49,50,49,49,52,52,52,52,52,51,52,53,52,52,53,51,52,49,49,47,38,43,38,29,21",19,58,0,63,6,34,-1,4152,"4,32",1912,"5,31",40,1,3581,48,0,0,[object Object],65536,1024,0,0,1333,"1507328,1703936,1900544,2031616,2097152,2162688,2162688,2228224,2228224,1179648,498073,638976,469674,688128,421302,502442,535210,1048576,629145,535210,819200,642252,851968,655360,819200,668467,851968,868352,1157802,1769472,835584,819200,196608,374491,425984,671744,327680,537395,563609,1070421,1638400,642252,802816,3407872,1135957,1135957,1703936,851968,1114112,1135957,1157802,3407872,1135957,3473408,3342336,3407872,3211264,1070421,1026730,830122,2818048,2490368,633514,688128",3893,1893613,51,14,"1,1,1,1,1,1,1,1,1,2,5,4,6,4,7,6,6,3,5,6,4,5,4,5,4,5,4,4,3,2,4,4,2,7,6,4,8,5,5,3,2,5,4,1,3,3,2,4,3,3,3,1,3,1,1,1,1,3,3,3,1,1,3,2","553104,604415,613865,638011,478124,475322,488302,509872,529409,549204,555038,572912,572263,581023,589480,583250,585703,596739,587972,590499,582736,588928,574274,573362,562480,563445,545528,552531,553415,538155,544295,538671,614361,716711,711652,709682,717001,705847,700715,709461,714214,708272,702028,702370,686790,680691,678372,678676,677867,680406,674345,685106,687549,696734,694277,682002,653693,639771,626147,904531,881057,885796,855092,842527",5,1,3126,[object Object],5,1034.1041666666667,4,3600,1256995,3686400,2162688,,true,876,,
0,B,basic,detour,,,0.8.0,ae3a98ad,65536,1,0,38,0,"39,48,54,57,58,59,61,60,61,61,62,62,62,61,63,63,63,63,62,64,64,64,64,63,63,63,64,63,63,63,61,63,6,51,51,51,52,51,55,54,54,55,56,57,57,57,57,56,57,56,56,56,55,55,55,54,52,50,48,42,39,36,25,5",20,58,0,63,6,6,-1,4169,"4,32",2038,"5,31",1136,1,615,62,0,0,[object Object],65536,1024,0,0,6525,"851968,1048576,1769472,3735552,3801088,1933312,3997696,1966080,3997696,3997696,2031616,4063232,4063232,3997696,4128768,4128768,4128768,4128768,4063232,4194304,4194304,4194304,4194304,4128768,4128768,4128768,4194304,4128768,4128768,4128768,3997696,4128768,196608,3342336,3342336,3342336,3407872,3342336,1802240,1769472,1769472,1802240,3670016,3735552,1867776,3735552,3735552,3670016,3735552,3670016,1223338,1835008,3604480,1802240,3604480,3538944,3407872,1638400,1572864,688128,851968,786432,327680,109226",4023,2915966,79,14,"3,3,2,1,1,2,1,2,1,1,2,1,1,1,1,1,1,1,1,1,1,1,1,1,1,1,1,1,1,1,1,1,2,1,1,1,1,1,2,2,2,2,1,1,2,1,1,1,1,1,3,2,1,2,1,1,1,2,2,4,3,3,5,3","869773,910141,904820,904606,584437,591266,622461,641364,674074,706724,727390,746716,773107,781537,818471,819763,843050,850150,866627,869577,884989,884656,878305,890652,880263,884609,888985,884026,888218,885367,872294,889467,466160,887388,876737,873575,886578,890463,876768,889983,881893,882262,885327,878223,872036,859449,864120,849811,847267,847857,838845,844949,838319,836141,838462,836618,840082,845763,848213,981480,970079,970032,947152,921285",5,1,3145,[object Object],5,1039.5333333333333,4,3600,248973,3686400,3997696,,true,876,,
0,B,perturbation,distributed,1,1,0.8.0,ef76c026,65536,1,0,51,0,"22,25,28,30,32,32,33,35,33,35,36,44,42,42,46,47,49,50,48,49,48,50,50,52,51,51,50,52,50,52,51,49,6,42,45,45,45,48,46,50,51,52,50,50,52,54,54,54,53,54,51,53,52,53,49,51,48,49,46,39,40,36,30,20",19,58,0,63,6,35,-1,4148,"4,32",1917,"5,31",2639,1,29,49,0,0,[object Object],65536,1024,0,0,1328,"1441792,1638400,1835008,983040,2097152,2097152,2162688,1146880,2162688,1146880,786432,360448,688128,393216,502442,440027,535210,655360,629145,458752,1048576,1092266,655360,681574,835584,1671168,1092266,1135957,1092266,1135957,1671168,802816,196608,550502,491520,983040,737280,786432,753664,1092266,1114112,1135957,1638400,1638400,1703936,3538944,1769472,1769472,1157802,1179648,835584,1736704,1135957,1157802,1605632,1114112,1572864,1605632,1507328,851968,1310720,786432,983040,436906",3901,1825810,49,15,"1,1,1,2,1,1,1,2,1,2,3,8,4,7,6,7,6,5,5,7,3,3,5,5,4,2,3,3,3,3,2,4,2,5,6,3,4,4,4,3,3,3,2,2,2,1,2,2,3,3,4,2,3,3,2,3,2,2,2,3,2,3,2,3","532611,600691,613820,643063,482221,473432,494895,514272,535035,545911,564411,560231,577855,583869,580816,589412,575652,585746,586495,579396,576294,566987,555378,555219,552928,546533,546079,537701,527565,540040,525686,529544,612931,684039,691853,685293,683248,680531,685178,679623,681176,678769,677599,673514,667499,664314,666752,658238,664657,668753,669503,677883,674474,685272,684493,668993,645574,626782,613724,913836,898140,897635,871694,818827",5,1,3123,[object Object],5,1034.1030555555556,4,3600,1302404,3686400,2162688,361,,876,,
0,B,perturbation,distributed,1,2,0.8.0,9cef323c,65536,1,0,51,0,"23,26,29,30,32,33,33,33,34,39,39,37,40,44,44,50,45,48,48,49,53,52,48,49,53,52,52,52,52,54,52,50,6,43,43,45,46,46,49,49,50,50,51,49,54,56,54,54,54,53,52,51,52,55,53,53,48,48,47,41,40,36,33,17",19,58,0,63,6,35,-1,4148,"4,32",1916,"5,31",199,1,31,49,0,0,[object Object],65536,1024,0,0,1332,"1507328,1703936,1900544,983040,2097152,2162688,2162688,2162688,1114112,511180,511180,606208,436906,480597,720896,1638400,491520,524288,629145,642252,868352,1135957,786432,535210,1157802,1703936,851968,1135957,1703936,707788,1703936,819200,196608,563609,939349,983040,1004885,753664,802816,642252,819200,819200,3342336,1070421,1769472,1835008,3538944,1179648,1769472,1157802,1703936,1671168,1703936,1802240,3473408,1736704,1048576,3145728,3080192,671744,2621440,2359296,720896,185685",3927,1819742,49,15,"1,1,1,2,1,1,1,1,2,5,5,4,6,6,4,2,6,6,5,5,4,3,4,6,3,2,4,3,2,5,2,4,2,5,3,3,3,4,4,5,4,4,1,3,2,2,1,3,2,3,2,2,2,2,1,2,3,1,1,4,1,1,3,6","558825,611194,631200,641376,486354,475552,498101,516761,541416,551948,561861,570253,576529,579572,571802,577766,583584,580365,567636,574974,572445,572479,550308,551964,547259,552445,539043,537967,540424,528900,531951,525835,613335,687119,688751,694855,685125,684757,690718,686011,690562,679981,679147,683862,669995,684727,672158,683171,676971,675041,675993,677102,681705,694072,684204,681774,657453,643029,611508,909981,894356,886113,885425,834339",5,1,3123,[object Object],5,1034.1036111111111,4,3600,1306682,3686400,2162688,395,,876,,
0,B,perturbation,distributed,1,3,0.8.0,c8d8a660,65536,1,0,50,0,"16,20,24,27,31,31,32,31,31,32,32,32,33,33,33,33,33,32,33,33,33,33,33,33,33,33,33,33,33,33,33,32,6,41,42,39,39,42,42,43,44,42,43,42,43,45,48,48,46,47,48,48,47,47,46,45,42,42,40,31,33,29,16,3",27,58,0,63,6,31,-1,4148,"4,32",2788,"31,30",2688,1,32,50,0,0,[object Object],65536,1024,0,0,1580,"524288,655360,1572864,884736,2031616,2031616,2097152,2031616,2031616,2097152,2097152,2097152,2162688,2162688,2162688,2162688,2162688,2097152,2162688,2162688,2162688,2162688,2162688,2162688,2162688,2162688,2162688,2162688,2162688,2162688,2162688,2097152,196608,671744,688128,851968,638976,917504,1376256,1409024,1441792,2752512,939349,2752512,939349,983040,1572864,3145728,3014656,770048,1048576,1572864,1026730,1026730,1004885,983040,1376256,917504,1310720,677205,540672,633514,209715,98304",3028,1910586,51,16,"2,2,1,2,1,1,1,1,1,1,1,1,1,1,1,1,1,1,1,1,1,1,1,1,1,1,1,1,1,1,1,1,2,4,4,3,4,3,2,2,2,1,3,1,3,3,2,1,1,4,3,2,3,3,3,3,2,3,2,3,4,3,5,2","477372,497675,492473,497964,459726,447107,447097,459263,465070,476111,478137,483067,483067,487119,482341,472210,473846,475094,478974,479069,476635,459356,441201,453053,434623,436252,435331,423841,424094,422950,433100,432752,545983,672792,662244,672230,660286,660709,666163,672476,660586,662770,662357,655875,657723,669010,665078,664354,660464,667180,681819,676720,688912,689063,672496,659838,638353,626850,621732,903807,898260,893026,884197,826211",5,1,3123,[object Object],5,1034.1030555555556,4,3600,1175842,3686400,2097152,645,,876,,
0,B,perturbation,distributed,1,4,0.8.0,15bc1e43,65536,1,0,52,0,"20,24,29,34,47,50,52,56,57,58,58,57,59,59,62,61,61,61,62,62,61,61,60,60,61,60,61,60,60,59,60,59,6,35,37,32,42,39,43,44,48,50,48,50,50,51,52,51,53,52,54,55,52,52,52,49,50,47,46,36,41,37,30,16",19,58,0,10,6,33,-1,4148,"4,32",1909,"5,31",43,1,31,48,0,0,[object Object],65536,1024,0,0,1370,"1310720,1572864,633514,371370,616038,1092266,1135957,1835008,1867776,1267029,3801088,3735552,3866624,1933312,4063232,3997696,3997696,3997696,4063232,4063232,3997696,3997696,3932160,3932160,3997696,3932160,3997696,3932160,3932160,3866624,3932160,3866624,196608,458752,269425,299593,305834,365129,402578,360448,786432,655360,629145,1092266,1092266,1671168,1135957,1114112,1736704,1703936,1769472,3604480,1135957,1703936,1135957,1605632,1638400,1026730,1004885,589824,2686976,1212416,655360,262144",4011,1919821,52,14,"1,1,3,6,5,3,3,2,2,3,1,1,1,2,1,1,1,1,1,1,1,1,1,1,1,1,1,1,1,1,1,1,2,5,9,7,9,7,7,8,4,5,5,3,3,2,3,3,2,2,2,1,3,2,3,2,2,3,3,4,1,2,3,4","803627,866519,900843,872642,544729,534468,558431,582383,613311,647569,655234,673358,684927,697889,704718,714195,707880,741812,725821,746107,763616,743636,760782,745851,751748,758298,753694,755674,773819,745065,757282,726783,635954,695706,698177,697764,693300,693733,686925,686191,697741,675455,682813,689179,663537,672855,675870,675004,674405,677428,674785,692990,687372,698465,701234,695019,673651,649685,631068,913145,901151,890346,864590,829756",5,1,3124,[object Object],5,1034.1025,4,3600,1230739,3686400,1135957,208,,876,,
0,B,perturbation,distributed,1,5,0.8.0,75d292b8,65536,1,0,50,0,"16,22,23,26,30,32,32,32,32,32,32,32,33,33,33,33,33,33,33,33,33,32,32,32,32,32,32,32,31,32,32,32,6,40,41,40,41,41,41,41,42,43,42,43,45,47,51,48,48,48,49,49,47,47,45,43,46,40,41,32,32,31,17,2",28,58,0,63,6,31,-1,4144,"4,32",2869,"31,30",3313,1,28,50,0,0,[object Object],65536,1024,0,0,1617,"1048576,720896,753664,851968,1966080,2097152,2097152,2097152,2097152,2097152,2097152,2097152,2162688,2162688,2162688,2162688,2162688,2162688,2162688,2162688,2162688,2097152,2097152,2097152,2097152,2097152,2097152,2097152,2031616,2097152,2097152,2097152,196608,655360,895658,655360,671744,895658,1343488,1343488,2752512,2818048,1376256,1409024,983040,1540096,3342336,1048576,3145728,1048576,1605632,1070421,3080192,1540096,983040,1409024,3014656,2621440,1343488,524288,1048576,677205,278528,65536",3057,1920326,52,16,"1,2,2,2,1,1,1,1,1,1,1,1,1,1,1,1,1,1,1,1,1,1,1,1,1,1,1,1,1,1,1,1,2,4,3,4,4,3,2,2,1,1,2,2,3,2,1,3,1,3,2,3,1,2,3,2,1,1,2,4,2,3,4,2","470126,486794,486550,503451,458292,449370,449290,461243,468775,478012,475219,483536,483104,479823,472558,474013,464200,471567,458777,475000,453493,438518,436942,435524,417865,422498,418651,417240,417622,413488,425553,422287,544709,704459,676785,689772,688929,685811,688473,684242,686021,683070,685791,671797,688169,664033,681963,667730,682764,684823,678292,696918,698111,697288,684600,670155,658510,639026,640327,911784,884047,886274,880768,814786",5,1,3120,[object Object],5,1034.1036111111111,4,3600,1159238,3686400,2097152,777,,876,,
0,B,perturbation,distributed,1,6,0.8.0,bd8964d9,65536,1,0,52,0,"20,25,29,39,41,51,52,56,58,58,58,59,61,61,60,61,61,60,61,62,62,62,61,62,61,61,60,61,61,61,60,62,6,36,33,38,39,41,41,41,45,45,45,47,49,50,51,50,51,50,52,51,50,50,50,49,46,45,45,36,41,35,28,11",19,58,0,9,6,33,-1,4148,"4,32",1913,"5,31",850,1,30,48,0,0,[object Object],65536,1024,0,0,1367,"655360,1638400,475136,638976,447829,1671168,1135957,1223338,1900544,3801088,1900544,1933312,3997696,3997696,3932160,3997696,3997696,3932160,3997696,4063232,4063232,4063232,3997696,4063232,3997696,3997696,3932160,3997696,3997696,3997696,3932160,4063232,196608,294912,308955,415061,365129,447829,383853,383853,737280,983040,983040,770048,1070421,655360,3342336,1638400,1671168,1092266,851968,1671168,1092266,1092266,1092266,1605632,1507328,2949120,737280,471859,1343488,1146880,1835008,144179",4003,1914359,51,14,"2,1,4,4,6,2,3,3,2,1,2,2,1,1,1,1,1,1,1,1,1,1,1,1,1,1,1,1,1,1,1,1,2,8,7,6,7,6,7,7,4,3,3,4,3,5,1,2,2,3,4,2,3,3,3,2,2,1,4,5,2,2,1,5","805783,859804,878008,891328,548017,537135,556172,584633,615991,647447,658286,679919,680657,702057,704503,717507,722321,718896,725114,738375,747695,746859,746346,742244,747150,745441,750439,745939,736449,751933,737968,715471,626763,704574,705193,698502,689887,689212,694254,676907,679306,694911,677140,674711,679543,658443,671164,656062,657448,656937,667192,659248,678113,690319,686683,678092,659887,631042,627168,909465,886456,885704,857589,824985",5,1,3123,[object Object],5,1034.1033333333332,4,3600,1235609,3686400,1135957,170,,876,,
0,B,perturbation,distributed,1,7,0.8.0,effc721e,65536,1,0,52,0,"20,25,31,40,49,53,54,57,58,60,59,59,60,61,61,61,62,61,62,62,61,62,62,62,63,62,62,62,62,61,61,61,6,36,36,37,42,38,44,43,46,45,48,49,49,52,52,51,52,54,53,51,52,48,52,50,48,46,46,38,38,38,28,14",19,58,0,7,6,32,-1,4152,"4,32",1909,"5,31",753,1,699,48,0,0,[object Object],65536,1024,0,0,1390,"1310720,1638400,677205,436906,1605632,1157802,1179648,3735552,3801088,3932160,3866624,1933312,3932160,3997696,1998848,3997696,2031616,3997696,4063232,4063232,3997696,4063232,4063232,4063232,4128768,4063232,4063232,4063232,4063232,3997696,3997696,3997696,196608,235929,337042,404138,393216,415061,360448,469674,376832,491520,786432,642252,1070421,1135957,851968,1114112,1135957,1769472,3473408,668467,1703936,1048576,3407872,1092266,1572864,3014656,602931,830122,1245184,1245184,611669,305834",4011,1968614,53,14,"1,1,3,6,2,3,3,1,1,1,1,2,1,1,2,1,2,1,1,1,1,1,1,1,1,1,1,1,1,1,1,1,2,10,7,6,7,6,8,6,8,6,4,5,3,3,4,3,3,2,1,5,2,3,1,3,2,1,5,3,2,2,3,3","815434,868052,884735,901496,547244,544881,558270,601889,621397,656021,666920,685851,692537,705785,707341,736787,728072,742548,760321,757532,754688,738413,764420,754304,757280,752490,759839,759843,759559,757743,746945,724949,627833,716974,719799,710467,719599,709927,718404,721801,702113,714841,719172,693467,686392,696957,683159,682577,695337,691192,696198,709618,712021,708573,705970,696439,667590,654714,637654,926875,902039,913992,876001,830683",5,1,3128,[object Object],5,1034.8575,4,3600,1192603,3686400,1179648,512,,876,,
0,B,perturbation,distributed,1,8,0.8.0,71d97a51,65536,1,0,50,0,"16,20,23,25,30,31,31,31,31,32,32,31,32,31,32,33,33,33,32,32,32,33,32,32,32,32,32,31,31,31,31,32,6,41,41,41,39,40,39,40,40,42,42,42,42,43,47,47,45,48,48,48,46,47,45,44,44,41,40,32,34,27,14,1",29,58,0,63,6,32,-1,4148,"4,32",2973,"31,30",2826,1,31,50,0,0,[object Object],65536,1024,0,0,1581,"1048576,1310720,1507328,546133,1966080,2031616,2031616,2031616,2031616,2097152,2097152,2031616,2097152,2031616,2097152,2162688,2162688,2162688,2097152,2097152,2097152,2162688,2097152,2097152,2097152,2097152,2097152,2031616,2031616,2031616,2031616,2097152,196608,671744,1343488,671744,851968,873813,638976,655360,1310720,1376256,1376256,1376256,917504,2818048,1026730,1026730,2949120,1048576,1048576,1572864,3014656,1540096,1474560,2883584,1441792,1343488,2621440,524288,557056,1769472,229376,65536",3040,1877730,50,16,"1,1,1,3,1,1,1,1,1,1,1,1,1,1,1,1,1,1,1,1,1,1,1,1,1,1,1,1,1,1,1,1,2,4,2,4,3,3,4,4,2,2,2,2,3,1,3,3,1,3,3,2,1,2,2,1,2,2,1,4,4,1,4,1","468455,490658,493104,501371,456227,448195,445136,460660,465162,467887,477055,478054,480201,479514,472140,468242,469294,456081,465408,454811,461063,448211,430572,429288,424463,418074,419382,419322,412831,416587,420390,424653,548216,691090,672474,679518,676496,682749,677335,667450,686731,678570,669811,680775,670403,660195,681203,672560,660282,679310,672340,684168,689784,699013,679684,667625,652172,630774,618725,914110,894251,899687,885582,825444",5,1,3124,[object Object],5,1034.1030555555556,4,3600,1196442,3686400,2031616,481,,876,,
0,B,perturbation,distributed,1,9,0.8.0,cc0da93f,65536,1,0,52,0,"22,25,28,41,45,52,54,56,57,58,60,59,60,61,61,61,62,62,62,61,63,62,62,61,62,62,61,61,62,60,60,59,6,35,35,38,37,44,43,42,43,49,50,49,50,50,51,52,50,51,50,53,52,50,51,48,47,47,45,38,38,35,29,14",19,58,0,8,6,33,-1,4154,"4,32",1912,"5,31",181,1,3494,48,0,0,[object Object],65536,1024,0,0,1376,"1441792,1638400,917504,537395,491520,1135957,1769472,1835008,3735552,3801088,3932160,1933312,3932160,1998848,3997696,1998848,4063232,4063232,4063232,3997696,4128768,4063232,4063232,3997696,4063232,4063232,3997696,3997696,4063232,3932160,3932160,3866624,196608,327680,573440,276707,242483,480597,402578,393216,469674,1070421,1092266,1070421,1638400,1638400,1671168,681574,655360,1671168,1092266,3473408,1703936,819200,1114112,1572864,3080192,3080192,2949120,622592,1245184,1146880,950272,183500",4009,1911531,51,14,"1,1,2,5,6,3,2,2,1,1,1,2,1,2,1,2,1,1,1,1,1,1,1,1,1,1,1,1,1,1,1,1,2,7,4,9,10,6,7,7,6,3,3,3,2,2,2,5,5,2,3,1,2,4,3,2,1,1,1,4,2,2,2,5","814818,878602,870055,898033,550086,536569,558594,595883,618421,652515,669750,676616,689349,702387,708987,720237,722963,730753,744477,755343,733021,744824,740965,753045,740840,756276,745083,756542,736127,750975,747028,722893,626383,702212,697042,695365,687637,697120,672857,686626,669624,683017,681000,662940,660774,666657,658975,660117,658525,663494,660022,678791,675840,680230,692338,678500,652949,636400,621963,912156,892327,891558,866500,827412",5,1,3130,[object Object],5,1034.891388888889,4,3600,1234441,3686400,1769472,179,,876,,
0,B,perturbation,distributed,1,10,0.8.0,5bb0e85c,65536,1,0,51,0,"15,20,25,26,31,32,31,31,30,31,31,32,32,32,32,32,33,32,32,32,32,33,32,32,32,33,32,32,32,33,32,33,6,39,41,40,42,41,42,42,40,41,41,44,42,46,48,49,48,49,50,48,48,45,46,45,47,44,43,35,33,29,23,7",28,58,0,63,6,32,-1,4145,"4,32",2838,"31,30",3252,1,26,49,0,0,[object Object],65536,1024,0,0,1580,"491520,1310720,1638400,567978,2031616,2097152,2031616,2031616,1966080,2031616,2031616,2097152,2097152,2097152,1048576,2097152,2162688,2097152,2097152,2097152,1048576,2162688,2097152,2097152,2097152,2162688,2097152,2097152,2097152,2162688,2097152,2162688,196608,638976,895658,873813,1376256,671744,917504,917504,655360,895658,1343488,961194,917504,1004885,3145728,1605632,3145728,1605632,3276800,1048576,1572864,983040,1004885,2949120,1540096,1441792,1409024,1146880,1081344,633514,753664,114688",3052,1901898,51,16,"2,1,1,3,1,1,1,1,1,1,1,1,1,1,2,1,1,1,1,1,2,1,1,1,1,1,1,1,1,1,1,1,2,4,3,3,2,4,3,3,4,3,2,3,3,3,1,2,1,2,1,3,2,3,3,1,2,2,2,2,2,3,2,4","469415,497116,484925,499705,451044,449095,448767,449387,458871,465337,473537,475208,473131,469129,469576,464104,456864,452837,455075,461595,449084,452276,438758,434027,432757,426227,430946,425648,430448,431810,423227,448989,543880,702495,696049,705399,691235,703853,694938,695662,683397,699876,692350,694940,684012,678576,677929,683763,672831,681394,693356,695960,697865,696687,688541,677792,666378,648709,638082,918594,894012,880043,869828,833330",5,1,3121,[object Object],5,1034.1038888888888,4,3600,1182300,3686400,2031616,594,,876,,
1,B,basic,straight,,,0.8.0,b6f7afda,512,1,0,50,0,"0,0,0,1,3,3,3,3,3,3,3,3,3,3,3,3,3,6,6,8,10,15,17,18,22,26,27,27,29,28,29,27,1,1,1,1,1,1,1,1,2,2,2,2,2,2,2,2,2,2,2,2,2,2,2,2,2,2,2,0,0,0,0,0",274,58,0,25,6,47,-1,27432,"31,31",27432,"31,31",3588,10,3588,50,113447548,47179,[object Object],65536,1024,0,0,1154,",,,65536,196608,196608,196608,196608,196608,196608,196608,196608,196608,196608,196608,196608,196608,98304,98304,131072,327680,327680,371370,294912,360448,567978,884736,884736,950272,1835008,950272,884736,65536,65536,65536,65536,65536,65536,65536,65536,131072,131072,131072,131072,131072,131072,131072,131072,131072,131072,131072,131072,131072,131072,131072,131072,131072,131072,131072,,,,,",3568,1261206,34,18,"0,0,0,1,1,1,1,1,1,1,1,1,1,1,1,1,1,4,4,4,2,3,3,4,4,3,2,2,2,1,2,2,1,1,1,1,1,1,1,1,1,1,1,1,1,1,1,1,1,1,1,1,1,1,1,1,1,1,1,0,0,0,0,0","1028109,1059281,1055945,847132,344118,664509,680843,702746,723862,717252,749009,753024,764326,770008,778956,788265,792486,786038,798558,801820,800801,795116,805185,793112,788625,776505,760234,738852,677398,496032,384651,350786,579033,658903,659231,659032,656957,657716,658458,644082,651356,642861,644391,641540,622025,619045,611606,605097,595617,601225,587767,574174,560803,549018,535478,521951,508202,495717,490027,808185,781670,743879,719006,653072",5,1,17967,[object Object],5,1271.1919444444445,4,3600,1752506,3686400,196608,,false,815,,
1,B,basic,distributed,,,0.8.0,2301e864,512,1,0,52,0,"23,27,29,31,32,33,33,34,37,38,36,43,41,43,46,48,46,47,49,49,50,54,51,53,51,53,51,52,56,54,52,49,6,35,37,38,43,46,45,45,49,48,50,51,51,53,51,50,52,53,51,54,52,53,52,49,50,47,44,40,42,35,34,15",19,58,0,63,6,32,-1,5039,"4,32",1944,"5,31",68,1,3415,48,781376,3594,[object Object],65536,1024,0,0,1382,"1507328,1769472,1900544,2031616,2097152,2162688,2162688,1114112,606208,498073,1179648,563609,671744,469674,502442,524288,502442,770048,642252,642252,655360,1179648,1114112,868352,668467,1157802,835584,851968,3670016,1769472,851968,1605632,196608,382293,346404,355766,352256,602931,737280,589824,642252,1572864,1638400,1671168,1671168,1157802,835584,1092266,1703936,3473408,1114112,1769472,1703936,868352,1703936,3211264,1638400,770048,2883584,873813,1376256,2293760,2228224,327680",3938,1961174,53,14,"1,1,1,1,1,1,1,2,4,5,2,5,4,6,6,6,6,4,5,5,5,3,3,4,5,3,4,4,1,2,4,2,2,6,7,7,8,5,4,5,5,2,2,2,2,3,4,3,2,1,3,2,2,4,2,1,2,4,1,3,2,1,1,3","572609,618168,645322,658752,466058,488475,501270,529507,548706,553896,569287,578224,581364,582883,593504,593359,596056,589112,595505,589599,591042,585999,570141,582401,577459,557531,568849,552361,556340,547503,548121,539755,611354,722726,710867,712682,712797,712535,709113,703510,709794,714339,699206,706476,682990,687742,685697,677032,677617,678389,690499,690249,689056,699590,704096,679514,661914,646401,632249,908419,895450,881002,881166,827645",5,1,4015,[object Object],5,1038.8227777777777,4,3600,1196701,3686400,2162688,,true,815,,
1,B,basic,detour,,,0.8.0,0afb352f,512,1,0,38,0,"40,47,53,58,58,59,59,61,61,61,61,61,62,62,62,62,63,63,63,62,63,63,62,63,64,63,64,63,64,63,62,63,6,50,51,51,52,52,53,51,53,55,56,56,57,56,57,56,57,56,56,57,56,56,55,54,53,53,48,42,42,36,20,1",20,58,0,63,6,6,-1,4660,"4,32",2057,"5,31",2794,1,2627,62,418805,3592,[object Object],65536,1024,0,0,6521,"1310720,3080192,3473408,3801088,1900544,3866624,3866624,3997696,3997696,3997696,3997696,3997696,4063232,4063232,4063232,4063232,4128768,4128768,4128768,4063232,4128768,4128768,4063232,4128768,4194304,4128768,4194304,4128768,4194304,4128768,4063232,4128768,196608,3276800,1671168,3342336,1703936,1703936,1736704,3342336,1736704,3604480,1835008,1835008,1867776,3670016,3735552,1835008,1867776,3670016,1835008,1867776,3670016,1835008,1802240,3538944,1157802,3473408,1048576,917504,917504,1179648,187245,65536",4023,2906965,78,14,"2,1,1,1,2,1,1,1,1,1,1,1,1,1,1,1,1,1,1,1,1,1,1,1,1,1,1,1,1,1,1,1,2,1,2,1,2,2,2,1,2,1,2,2,2,1,1,2,2,1,2,2,1,2,2,1,3,1,3,3,3,2,7,1","879859,917168,909567,922154,583653,600985,609334,653262,667988,705276,723187,756307,771310,789286,795818,823857,837834,844359,866679,876114,883397,880921,881148,882533,883749,893067,878643,882487,881483,885740,897986,879744,426526,871048,870130,870950,888320,876017,876189,875808,885513,877577,877877,881328,871365,863747,860765,865949,841347,850428,847144,838537,840503,840472,836423,839703,842193,841486,845512,982235,962244,976140,961362,912728",5,1,3635,[object Object],5,1041.4372222222223,4,3600,251870,3686400,3866624,,true,815,,
1,B,perturbation,distributed,1,1,0.8.0,61fc52a8,512,1,0,51,0,"22,25,28,30,32,33,34,34,34,37,38,42,41,44,46,45,49,50,46,49,48,52,54,46,52,52,52,53,52,50,50,52,6,35,36,38,41,45,50,48,48,51,51,53,52,53,50,53,54,52,53,52,52,54,52,50,49,46,46,37,41,36,30,18",19,58,0,41,6,33,-1,4972,"4,32",1936,"5,31",56,1,158,49,723930,3594,[object Object],65536,1024,0,0,1364,"1441792,1638400,1835008,983040,2097152,2162688,1114112,1114112,2228224,808277,498073,393216,537395,360448,430665,491520,1070421,655360,753664,642252,524288,681574,1179648,753664,1135957,1703936,1703936,1157802,1703936,1092266,1092266,1135957,196608,458752,471859,498073,537395,421302,1092266,1048576,786432,3342336,1671168,1736704,1703936,868352,1092266,1736704,1769472,1135957,1736704,1703936,1703936,1769472,851968,1638400,1070421,1004885,3014656,808277,895658,2359296,983040,393216",3928,1886346,51,14,"1,1,1,2,1,1,2,2,1,3,5,7,5,8,7,6,3,5,4,5,6,5,3,4,3,2,2,3,2,3,3,3,2,5,5,5,5,7,3,3,4,1,2,2,2,4,3,2,2,3,2,2,2,2,4,2,3,3,1,3,3,1,2,3","559198,621848,638915,655144,464113,481344,500190,519407,534204,554600,564904,575014,580217,582091,589479,585987,592118,581866,587982,579622,575252,569301,560817,562233,551544,544587,549283,541297,547619,542054,527576,534750,611175,684113,675517,685315,683014,683151,676942,686816,675559,678405,671611,665419,672389,664313,660429,670313,661882,668516,668607,672765,675982,690970,689400,676110,644308,633003,620886,920360,894385,890670,870032,827345",5,1,3948,[object Object],5,1038.8347222222221,4,3600,1251818,3686400,1114112,460,,815,,
1,B,perturbation,distributed,1,2,0.8.0,0253d75d,512,1,0,51,0,"21,26,29,30,32,33,34,35,36,41,41,45,44,46,46,49,50,49,47,49,51,53,55,50,51,54,54,53,51,52,52,51,6,39,39,40,42,43,44,45,48,49,50,51,52,51,51,52,53,52,53,54,52,52,51,52,50,50,47,39,39,38,32,18",19,58,0,26,6,33,-1,5108,"4,32",1952,"5,31",79,1,3512,49,831979,3594,[object Object],65536,1024,0,0,1370,"1376256,1703936,1900544,1966080,2097152,2162688,1114112,764586,786432,537395,537395,491520,360448,430665,502442,802816,1092266,802816,440027,642252,835584,1736704,1201493,655360,835584,1179648,3538944,1736704,835584,1135957,1135957,668467,196608,638976,425984,524288,393216,469674,320398,491520,1048576,1070421,1638400,3342336,1135957,1114112,1671168,1135957,3473408,1135957,1736704,3538944,3407872,1135957,1114112,1703936,1092266,1092266,1540096,1277952,1277952,1245184,699050,294912",3938,1881636,51,14,"1,1,1,1,1,1,2,3,3,5,5,6,8,7,6,4,3,4,7,5,4,2,3,5,4,3,1,2,4,3,3,5,2,4,6,5,7,6,9,6,3,3,2,1,3,3,2,3,1,3,2,1,1,3,3,2,3,3,2,2,2,2,3,4","556574,620045,644861,661768,463010,482643,504397,522059,546071,565423,579181,585069,590528,595776,582174,583752,575388,587427,585222,571937,572023,576406,559012,554233,561910,544129,550509,541478,537125,535758,542591,532359,608945,680541,694748,684473,680395,674471,692224,677154,682392,677727,671541,668782,670613,674265,670154,677639,665793,667268,680070,678824,685184,697411,691018,686103,661961,644200,619336,919379,908262,893349,888266,825020",5,1,4083,[object Object],5,1038.8083333333334,4,3600,1252828,3686400,1114112,469,,815,,
1,B,perturbation,distributed,1,3,0.8.0,d75d8f8d,512,1,0,50,0,"17,24,25,28,30,32,33,31,32,32,32,32,32,32,33,33,33,33,33,33,33,33,33,33,33,33,33,33,33,33,32,32,6,39,40,41,41,40,44,42,43,42,42,43,43,46,46,48,44,46,48,47,48,48,45,46,43,43,39,32,35,31,20,0",26,58,0,63,6,30,-1,4944,"4,32",2660,"31,30",2145,1,60,50,698884,3593,[object Object],65536,1024,0,0,1615,"1114112,786432,1638400,917504,1966080,2097152,2162688,2031616,2097152,2097152,2097152,2097152,2097152,2097152,2162688,2162688,2162688,2162688,2162688,2162688,2162688,2162688,2162688,2162688,2162688,2162688,2162688,2162688,2162688,2162688,2097152,2097152,196608,511180,655360,671744,895658,873813,2883584,2752512,939349,917504,1376256,939349,1409024,1004885,3014656,1572864,720896,3014656,786432,1026730,1572864,1048576,1474560,1507328,939349,2818048,2555904,419430,1146880,1015808,655360,",3033,1962002,53,16,"1,2,1,2,1,1,1,1,1,1,1,1,1,1,1,1,1,1,1,1,1,1,1,1,1,1,1,1,1,1,1,1,2,5,4,4,3,3,1,1,3,3,2,3,2,3,1,2,4,1,4,3,2,3,2,2,3,1,1,5,2,2,2,0","473946,488364,498393,506705,433619,449076,452789,462977,463775,474546,479178,480537,481066,486496,481037,479043,476858,474400,477612,475373,472862,469798,450695,441616,441227,432198,429675,434270,434276,423041,433968,440110,531965,660101,667247,652343,650068,658315,655872,654318,666607,646514,653957,646240,650020,674353,661805,652620,661184,665744,669577,680518,684842,688381,671246,658466,643283,628702,614504,916073,897355,896455,880217,846653",5,1,3920,[object Object],5,1037.8569444444445,4,3600,1133771,3686400,2162688,525,,815,,
1,B,perturbation,distributed,1,4,0.8.0,c39cc16b,512,1,0,53,0,"20,24,29,33,39,46,52,52,55,59,56,60,59,59,60,59,60,59,61,61,62,60,61,59,61,60,62,60,61,60,60,59,6,30,33,35,40,40,43,44,43,46,46,46,50,54,54,53,52,53,49,53,51,51,52,49,49,47,46,36,42,37,33,17",19,58,0,8,6,32,-1,5144,"4,32",1948,"5,31",180,1,170,47,870587,3594,[object Object],65536,1024,0,0,1392,"1310720,1572864,1900544,1081344,425984,1004885,681574,851968,1802240,3866624,3670016,1966080,3866624,1933312,1966080,3866624,1966080,3866624,3997696,3997696,4063232,3932160,3997696,3866624,3997696,1966080,4063232,1966080,3997696,3932160,3932160,3866624,196608,327680,308955,254862,374491,374491,402578,576716,469674,430665,753664,602931,819200,1769472,1769472,868352,1703936,1736704,1070421,1736704,1671168,3342336,1703936,1605632,802816,1540096,753664,1179648,2752512,1212416,2162688,371370",4004,1960505,53,14,"1,1,1,2,6,3,5,4,2,1,1,2,1,2,2,1,2,1,1,1,1,1,1,1,1,2,1,2,1,1,1,1,2,6,7,9,7,7,7,5,6,7,4,5,4,2,2,4,2,2,3,2,2,1,2,2,4,2,4,2,1,2,1,3","771777,818194,843133,840666,507921,530722,553619,574149,604142,636052,639852,654347,671080,679246,693860,695506,701308,711517,727347,731231,729483,745372,739319,734964,745502,734270,738425,745603,737432,744041,732627,721601,634231,696295,703082,694995,693244,678064,698106,687556,680176,688791,684236,675541,665713,672748,678392,663360,666266,675201,676187,686217,687987,695372,708630,691790,674809,657167,637107,903680,908905,880269,873364,818944",5,1,4120,[object Object],5,1040.6997222222221,4,3600,1197467,3686400,681574,6,,815,,
1,B,perturbation,distributed,1,5,0.8.0,8ee7e1d8,512,1,0,50,0,"20,23,24,27,31,31,32,31,31,32,32,32,33,33,33,33,33,33,33,33,32,33,32,32,33,33,32,32,32,32,31,32,6,39,37,39,42,39,41,41,41,42,41,41,47,46,50,47,48,48,48,48,46,47,47,46,43,44,39,33,34,32,20,3",27,58,0,63,6,30,-1,4880,"4,32",2753,"31,30",3112,1,61,50,641559,3593,[object Object],65536,1024,0,0,1645,"1310720,1507328,1572864,884736,2031616,2031616,2097152,2031616,2031616,2097152,2097152,2097152,2162688,2162688,2162688,2162688,2162688,2162688,2162688,2162688,2097152,2162688,2097152,2097152,2162688,2162688,2097152,2097152,2097152,2097152,2031616,2097152,196608,851968,484966,638976,688128,851968,895658,1343488,1343488,917504,2686976,1343488,1026730,1507328,1092266,1540096,1572864,1572864,1048576,1048576,1004885,1540096,1026730,3014656,1409024,1441792,851968,720896,742741,1048576,655360,65536",3054,1968258,53,16,"1,1,1,2,1,1,1,1,1,1,1,1,1,1,1,1,1,1,1,1,1,1,1,1,1,1,1,1,1,1,1,1,2,3,5,4,4,3,3,2,2,3,1,2,3,2,3,2,2,2,3,3,3,2,3,1,2,2,3,3,3,2,2,3","470781,489934,500659,499653,438828,448930,456858,465202,455816,480616,469883,482434,476159,481872,469232,471873,474277,471965,470315,473818,446629,446861,428260,435888,428233,435568,419242,420437,416948,418112,418490,431742,531089,687120,680542,678537,687503,679458,682545,675082,678872,683199,669576,667434,672128,668061,675033,671231,677882,688820,676279,695242,695513,703566,686310,679582,659952,645923,644923,905080,889710,901728,857771,845140",5,1,3856,[object Object],5,1037.8725,4,3600,1121310,3686400,2097152,629,,815,,
1,B,perturbation,distributed,1,6,0.8.0,7cc7f6b6,512,1,0,52,0,"22,26,29,33,39,44,49,54,56,57,59,59,59,60,60,60,61,61,61,62,61,61,62,61,62,62,61,61,62,62,61,62,6,32,36,33,40,41,41,41,42,48,50,46,50,50,52,50,49,53,53,53,49,52,52,49,48,47,42,39,41,37,30,16",19,58,0,12,6,32,-1,5204,"4,32",1956,"5,31",730,1,705,48,920509,3594,[object Object],65536,1024,0,0,1390,"1441792,851968,1900544,720896,851968,480597,1605632,1769472,1835008,1867776,1933312,1933312,3866624,1966080,3932160,3932160,3997696,1998848,1998848,4063232,3997696,3997696,4063232,3997696,4063232,4063232,3997696,1998848,4063232,4063232,3997696,4063232,196608,299593,294912,308955,524288,268697,447829,383853,458752,524288,819200,753664,819200,1092266,1703936,1092266,1605632,3473408,3473408,1157802,3211264,1135957,1703936,1070421,1048576,3080192,2752512,851968,2686976,2424832,655360,262144",4009,1958667,53,14,"1,2,1,3,3,6,2,2,2,2,2,2,1,2,1,1,1,2,2,1,1,1,1,1,1,1,1,2,1,1,1,1,2,7,8,7,5,10,6,7,6,6,4,4,4,3,2,3,2,1,1,3,1,3,2,3,3,1,1,3,1,1,3,4","783336,824464,842832,837344,507116,529172,545507,577061,603439,632746,649570,655468,668359,680447,682174,695972,702024,703286,705273,724866,735809,728554,725968,721662,725275,728750,721612,726633,731520,719439,723179,714657,625398,697010,710577,694108,694507,706945,683541,685036,685085,692176,687976,679624,685193,669685,672696,664609,652608,657902,672627,665309,683835,686252,694799,678507,666763,641024,615031,925420,882897,904361,864230,802276",5,1,4180,[object Object],5,1040.5216666666668,4,3600,1199362,3686400,1605632,22,,815,,
1,B,perturbation,distributed,1,7,0.8.0,b857b375,512,1,0,52,0,"21,26,29,31,42,48,52,52,57,58,58,60,61,60,60,61,61,61,61,61,62,61,61,62,61,61,61,61,60,61,60,60,6,34,37,36,41,41,45,43,43,48,48,48,50,51,52,51,53,52,52,54,52,53,49,51,50,46,45,38,38,37,28,13",19,58,0,11,6,31,-1,5088,"4,32",1944,"5,31",729,1,705,48,818966,3594,[object Object],65536,1024,0,0,1407,"1376256,1703936,950272,677205,458752,1048576,1135957,1135957,1867776,1900544,1900544,3932160,3997696,3932160,3932160,3997696,3997696,3997696,3997696,3997696,4063232,3997696,3997696,4063232,3997696,3997696,3997696,3997696,3932160,3997696,3932160,3932160,196608,371370,269425,262144,335872,383853,737280,469674,352256,524288,1048576,786432,1092266,3342336,1703936,1114112,1736704,1703936,1703936,3538944,1135957,3473408,802816,1671168,1092266,1507328,983040,622592,622592,2424832,458752,170393",4011,2006146,54,14,"1,1,2,3,6,3,3,3,2,2,2,1,1,1,1,1,1,1,1,1,1,1,1,1,1,1,1,1,1,1,1,1,2,6,9,9,8,7,4,6,8,6,3,4,3,1,2,3,2,2,2,1,3,1,4,2,3,2,3,4,4,1,4,5","765229,840881,834537,836033,510869,538694,557342,583027,612781,637818,656243,670222,683555,678786,702526,709318,718972,723948,731040,732059,734214,743668,736978,743414,737330,750796,727633,732554,742613,735692,738688,716210,627165,727849,723132,732996,708959,723186,714737,714850,707104,715316,708027,700445,694591,687127,694668,680991,697964,696817,697087,704019,714897,709798,713860,697607,679328,652058,642917,923944,909225,892540,882098,843482",5,1,4064,[object Object],5,1039.4847222222222,4,3600,1163113,3686400,1135957,280,,815,,
1,B,perturbation,distributed,1,8,0.8.0,f8891351,512,1,0,50,0,"18,22,25,29,30,32,32,31,32,32,31,32,32,32,32,33,33,33,33,33,33,33,32,32,33,32,32,32,31,32,31,32,6,40,42,40,41,41,40,43,43,40,42,43,44,45,46,48,46,47,49,49,46,48,48,45,46,44,39,35,32,30,20,5",27,58,0,63,6,31,-1,5000,"4,32",2796,"31,30",3209,1,65,50,749094,3594,[object Object],65536,1024,0,0,1617,"1179648,1441792,1638400,950272,1966080,2097152,2097152,2031616,2097152,2097152,2031616,2097152,2097152,2097152,2097152,2162688,2162688,2162688,2162688,2162688,2162688,2162688,2097152,2097152,2162688,2097152,2097152,1048576,2031616,2097152,2031616,2097152,196608,524288,688128,873813,895658,671744,655360,2818048,1409024,1310720,688128,1409024,961194,1474560,1004885,786432,1004885,1026730,1605632,3211264,1507328,3145728,1048576,1474560,1004885,1441792,2555904,764586,699050,655360,436906,109226",3035,1930408,52,16,"1,1,1,2,1,1,1,1,1,1,1,1,1,1,1,1,1,1,1,1,1,1,1,1,1,1,1,2,1,1,1,1,2,5,4,3,3,4,4,1,2,2,4,2,3,2,3,4,3,3,2,1,2,1,3,2,3,2,1,3,3,3,3,3","476158,495513,494682,506336,433083,445574,444851,462256,460113,471837,470542,479967,479772,477064,474780,465886,465314,456331,461060,461354,464166,442614,437135,431295,425086,419785,424094,416805,416011,417577,418073,430150,533822,671460,675519,667502,675681,681762,667819,679033,673573,661794,673560,665638,667642,671311,665233,667277,666222,678281,671755,683259,690544,695413,681512,667599,650565,638976,626508,913419,892836,898184,876466,830542",5,1,3976,[object Object],5,1038.826111111111,4,3600,1152589,3686400,2097152,368,,815,,
1,B,perturbation,distributed,1,9,0.8.0,d5d57238,512,1,0,52,0,"21,26,28,30,46,49,53,55,58,58,58,59,60,59,60,60,62,61,60,61,60,62,62,60,62,61,61,60,60,60,60,60,6,35,36,36,41,43,42,45,44,49,48,51,50,51,53,52,54,52,50,52,50,51,48,51,50,47,45,39,40,36,30,13",19,58,0,9,6,32,-1,5121,"4,32",1948,"5,31",657,1,1577,48,845286,3594,[object Object],65536,1024,0,0,1394,"1376256,1703936,917504,1966080,602931,642252,1157802,1201493,1900544,3801088,3801088,3866624,3932160,3866624,1966080,3932160,4063232,3997696,3932160,3997696,3932160,4063232,4063232,3932160,4063232,3997696,3997696,3932160,1966080,1966080,3932160,1966080,196608,327680,471859,393216,383853,469674,344064,589824,360448,1070421,524288,835584,1092266,1114112,1736704,3407872,1769472,3407872,1092266,3407872,1638400,1671168,786432,1114112,655360,770048,737280,638976,2621440,786432,1966080,212992",4011,1951873,52,14,"1,1,2,1,5,5,3,3,2,1,1,1,1,1,2,1,1,1,1,1,1,1,1,1,1,1,1,1,2,2,1,2,2,7,5,6,7,6,8,5,8,3,6,4,3,3,2,1,2,1,3,1,2,2,4,3,5,4,4,4,1,3,1,4","783374,825080,847612,837171,509489,528116,551222,577179,606858,633148,645063,658082,678542,673973,699759,698041,699194,715162,727109,721879,720496,722219,722721,729696,736360,727552,724071,732885,731731,734585,718903,723889,626064,708793,695258,697344,687699,684999,691028,691659,675501,686201,670791,682039,659503,662951,663682,660974,659022,664947,664873,673438,680946,688864,685130,686574,664977,640644,622480,920697,897007,883492,862724,823523",5,1,4095,[object Object],5,1040.4525,4,3600,1202530,3686400,1157802,48,,815,,
1,B,perturbation,distributed,1,10,0.8.0,9ccb915e,512,1,0,51,0,"17,20,24,27,30,31,31,30,31,31,32,32,32,32,31,33,32,32,32,32,32,32,32,32,32,32,32,33,33,33,32,33,6,40,39,40,39,42,41,42,42,43,43,42,44,47,47,49,50,49,49,51,48,48,47,47,44,45,41,33,37,31,25,8",27,58,0,63,6,31,-1,4972,"4,32",2719,"31,30",2989,1,156,49,723916,3594,[object Object],65536,1024,0,0,1611,"1114112,1310720,786432,589824,1966080,1015808,2031616,1966080,2031616,2031616,2097152,2097152,2097152,2097152,2031616,2162688,2097152,2097152,2097152,2097152,2097152,2097152,2097152,2097152,2097152,2097152,2097152,2162688,2162688,2162688,2097152,2162688,196608,524288,851968,873813,638976,688128,671744,688128,1376256,939349,1409024,2752512,720896,616038,1026730,1605632,1092266,1070421,1070421,1114112,1572864,786432,3080192,1540096,2883584,1474560,895658,720896,606208,1015808,819200,262144",3055,1949566,52,16,"1,1,2,3,1,2,1,1,1,1,1,1,1,1,1,1,1,1,1,1,1,1,1,1,1,1,1,1,1,1,1,1,2,5,3,3,4,4,4,4,2,3,2,1,4,5,3,2,3,3,3,3,2,4,1,2,1,2,3,3,4,2,2,2","458940,483886,496287,495698,436317,433352,449304,451175,461116,458664,469386,471003,474399,466998,468833,458929,461968,457619,453333,457573,455929,444268,440779,444018,428429,435587,423642,428660,434950,427987,431703,447385,529305,693374,689107,688135,680220,705927,688183,693634,689950,687103,679852,693868,673660,676724,673817,682418,673159,682650,687366,691860,700115,703704,692044,685062,667632,651246,641393,912442,896368,887002,868909,822194",5,1,3948,[object Object],5,1038.8344444444444,4,3600,1143119,3686400,2031616,447,,815,,
2,B,basic,straight,,,0.8.0,07a4d652,65536,3,0,92,0,"0,0,0,1,3,3,3,3,3,3,3,3,3,3,3,3,3,3,3,3,3,3,3,3,3,3,3,3,3,3,3,3,3,20,22,21,22,23,23,22,26,21,21,19,22,19,19,19,18,15,11,8,10,5,5,5,5,5,5,0,0,0,0,0",38,56,0,36,14,88,2384,4164,"4,32",3868,"6,32",42,1,29,8,0,0,[object Object],65536,1024,0,0,282,",,,65536,196608,196608,196608,196608,196608,196608,196608,196608,196608,196608,196608,196608,196608,196608,196608,196608,196608,196608,196608,196608,196608,196608,196608,196608,196608,196608,196608,196608,196608,187245,205970,275251,480597,753664,376832,360448,425984,344064,229376,415061,1441792,311296,249036,249036,235929,491520,180224,131072,163840,327680,327680,327680,327680,327680,327680,,,,,",2528,132222,3,7,"0,0,0,1,1,1,1,1,1,1,1,1,1,1,1,1,1,1,1,1,1,1,1,1,1,1,1,1,1,1,1,1,1,7,7,5,3,2,4,4,4,4,6,3,1,4,5,5,5,2,4,4,4,1,1,1,1,1,1,0,0,0,0,0",",,,0,12967,15628,18728,21201,23235,24958,26562,27930,77670,120792,154740,196918,233886,263278,286991,306978,331767,344739,354406,373158,367587,366041,371891,369558,374202,371995,376571,371191,215659,539561,545719,541427,546003,546603,549122,548520,546572,544564,545582,544358,536874,543206,541217,537970,535762,542376,539527,543822,541520,537502,529877,514457,516961,509051,482303,1116251,1069475,1034617,1011101,972162",5,1,3140,[object Object],5,1038.0897222222222,4,3600,3278985,3686400,196608,,false,534,,
2,B,basic,distributed,,,0.8.0,a0de4c54,65536,3,0,55,0,"22,26,27,31,32,32,33,33,34,34,34,34,34,34,34,34,34,34,34,34,34,34,34,34,34,34,34,33,34,34,33,33,8,44,46,46,43,45,47,46,47,48,50,51,52,52,51,52,55,54,52,52,52,51,50,51,48,48,47,38,39,35,28,17",19,56,0,63,6,37,-1,4148,"4,32",1912,"5,31",40,1,31,45,0,0,[object Object],65536,1024,0,0,1089,"1441792,851968,1769472,2031616,2097152,2097152,2162688,2162688,2228224,2228224,2228224,2228224,2228224,2228224,2228224,2228224,2228224,2228224,2228224,2228224,2228224,2228224,2228224,2228224,2228224,2228224,2228224,2162688,2228224,2228224,2162688,2162688,262144,1441792,1507328,753664,704512,2949120,1026730,602931,770048,1048576,1638400,1114112,1703936,3407872,1114112,3407872,3604480,1769472,3407872,3407872,3407872,1671168,1638400,1671168,1048576,1572864,3080192,830122,1277952,1146880,611669,371370",3067,1825317,49,13,"1,2,1,1,1,1,1,1,1,1,1,1,1,1,1,1,1,1,1,1,1,1,1,1,1,1,1,1,1,1,1,1,2,2,2,4,4,1,3,5,4,3,2,3,2,1,3,1,1,2,1,1,1,2,2,2,3,2,1,3,2,2,3,3","472110,497981,497055,504362,464970,443503,462162,457855,468623,470548,477230,477977,484491,486818,491676,492153,495636,495506,507741,496118,514445,501807,489533,489250,483988,479789,476014,467717,480672,461784,466809,472693,623271,660323,663446,660785,656598,661217,663900,661979,661042,667049,671722,666726,664136,668787,666624,653466,671189,663224,667710,675824,673396,681253,680305,664713,638331,621419,607376,932130,898578,893281,886301,819838",5,1,3124,[object Object],5,1034.1030555555556,4,3600,1381751,3686400,2162688,,true,534,,
2,B,basic,detour,,,0.8.0,2b2b7b0e,65536,3,0,38,0,"36,48,51,56,57,58,60,60,61,61,62,61,61,62,63,63,62,62,62,63,63,63,62,64,63,63,63,63,62,63,63,63,8,51,52,51,51,51,53,52,55,56,58,56,57,57,56,58,57,58,57,57,56,55,57,53,51,53,49,40,43,38,23,4",20,56,0,63,6,6,-1,4169,"4,32",2038,"5,31",1332,1,597,62,0,0,[object Object],65536,1024,0,0,6406,"786432,1572864,1671168,1835008,1867776,3801088,3932160,1966080,3997696,3997696,4063232,3997696,3997696,4063232,4128768,4128768,4063232,4063232,4063232,4128768,4128768,4128768,4063232,4194304,4128768,4128768,4128768,4128768,4063232,4128768,4128768,2064384,262144,3342336,1135957,3342336,3342336,3342336,3473408,1703936,1802240,1835008,3801088,3670016,3735552,3735552,1835008,3801088,3735552,3801088,3735552,3735552,3670016,1802240,1867776,1736704,1671168,1736704,1605632,873813,939349,2490368,502442,87381",4025,2913458,79,14,"3,2,2,2,2,1,1,2,1,1,1,1,1,1,1,1,1,1,1,1,1,1,1,1,1,1,1,1,1,1,1,2,2,1,3,1,1,1,1,2,2,2,1,1,1,1,2,1,1,1,1,1,1,2,2,2,2,2,2,3,3,1,3,3","864011,917676,896564,898490,588815,587091,619112,639201,669273,695506,723836,743833,770231,785323,806279,821152,838023,845318,857835,874993,884861,872732,882827,877245,896469,872213,890055,887045,881351,882207,887365,891666,600445,870720,871842,873666,877283,871833,893308,882511,884528,868134,893969,874835,873861,865602,869767,853572,838308,843088,850111,840406,834135,847603,835462,848883,832303,849154,851302,977231,984114,970343,945157,915033",5,1,3145,[object Object],5,1039.5155555555555,4,3600,252978,3686400,3932160,,true,534,,
2,B,perturbation,distributed,1,1,0.8.0,5c097073,65536,3,0,54,0,"20,24,28,29,33,32,33,33,33,34,34,34,34,34,34,34,34,34,34,34,34,34,34,34,34,33,34,33,32,32,32,32,8,45,44,44,46,46,48,46,48,52,50,51,52,52,53,54,53,51,52,51,53,53,53,52,49,49,44,41,38,32,32,12",19,56,0,63,6,38,-1,4148,"4,32",1916,"5,31",69,1,29,46,0,0,[object Object],65536,1024,0,0,1099,"1310720,1572864,1835008,950272,2162688,2097152,2162688,2162688,2162688,2228224,2228224,2228224,2228224,2228224,2228224,2228224,2228224,2228224,2228224,2228224,2228224,2228224,2228224,2228224,2228224,2162688,2228224,2162688,2097152,2097152,2097152,2097152,262144,1474560,2883584,961194,1507328,753664,1572864,502442,1048576,1135957,819200,1114112,1703936,1135957,1736704,1769472,1157802,1671168,1703936,3342336,1157802,1736704,1736704,1703936,1605632,1605632,961194,671744,2490368,2097152,1048576,196608",3063,1770651,48,13,"1,1,1,2,1,1,1,1,1,1,1,1,1,1,1,1,1,1,1,1,1,1,1,1,1,1,1,1,1,1,1,1,2,2,1,3,2,4,2,6,3,3,4,3,2,3,2,2,3,2,2,1,3,2,2,2,2,2,3,4,1,1,2,4","468835,483396,494307,489430,465556,444113,445481,457620,467205,466986,474781,472050,479268,489532,482824,492873,486061,503909,496886,496470,493612,486536,476328,477632,470583,464468,464219,459886,459971,448024,461679,453760,622238,627398,631473,630558,625843,627864,642834,638066,628948,644491,644799,639157,642773,640154,650516,632866,649078,639520,640610,656531,662414,666373,668989,652333,630951,599970,595571,918400,896541,886278,881753,827031",5,1,3123,[object Object],5,1034.1030555555556,4,3600,1416033,3686400,2162688,248,,534,,
2,B,perturbation,distributed,1,2,0.8.0,805328bb,65536,3,0,54,0,"22,26,28,30,32,32,33,33,33,34,33,34,34,34,34,34,34,34,34,34,34,34,34,34,34,33,33,33,32,33,33,33,8,45,46,48,48,46,48,45,48,49,51,50,50,53,51,54,54,53,53,54,50,50,53,50,52,47,44,40,40,37,29,15",19,56,0,63,6,38,-1,4148,"4,32",1916,"5,31",199,1,31,46,0,0,[object Object],65536,1024,0,0,1103,"720896,1703936,1835008,1966080,2097152,2097152,2162688,2162688,2162688,2228224,2162688,2228224,2228224,2228224,2228224,2228224,2228224,2228224,2228224,2228224,2228224,2228224,2228224,2228224,2228224,2162688,2162688,2162688,2097152,2162688,2162688,2162688,262144,983040,1507328,1048576,1048576,753664,1572864,1474560,1048576,802816,1114112,819200,1638400,1736704,1114112,3538944,1769472,1736704,1736704,3538944,1638400,1638400,868352,1638400,1703936,1540096,720896,655360,2621440,606208,633514,196608",3069,1759337,47,13,"2,1,1,1,1,1,1,1,1,1,1,1,1,1,1,1,1,1,1,1,1,1,1,1,1,1,1,1,1,1,1,1,2,3,2,3,3,4,2,2,3,4,3,4,2,2,3,1,2,2,2,1,2,2,4,2,2,2,4,4,1,4,3,5","482040,485136,488032,502642,464231,443707,452754,459493,459697,470020,469144,477360,471223,481652,479636,481690,484425,485221,482614,495881,490891,479407,476947,473800,468458,464458,456382,462084,452415,453757,456710,448763,621237,640423,618885,639089,635999,629994,643670,631217,643977,649197,638645,644526,637002,650195,643503,661920,651344,649022,654428,667554,672223,675247,678099,660419,637986,609258,601118,928356,906269,905270,874248,837314",5,1,3124,[object Object],5,1034.1030555555556,4,3600,1423136,3686400,2162688,299,,534,,
2,B,perturbation,distributed,1,3,0.8.0,b39e6385,65536,3,0,54,0,"22,26,28,29,33,31,33,34,34,33,34,34,34,34,34,34,34,34,34,34,34,34,34,34,34,34,34,34,34,34,34,34,8,46,48,47,47,47,47,47,48,49,47,48,48,50,53,52,54,54,53,52,52,52,51,53,51,50,47,41,40,35,31,9",19,56,0,63,6,35,-1,4148,"4,32",1920,"5,31",60,1,32,46,0,0,[object Object],65536,1024,0,0,1219,"1441792,1703936,1835008,950272,2162688,2031616,2162688,2228224,2228224,2162688,2228224,2228224,2228224,2228224,2228224,2228224,2228224,2228224,2228224,2228224,2228224,2228224,2228224,2228224,2228224,2228224,2228224,2228224,2228224,2228224,2228224,2228224,262144,1507328,3145728,3080192,3080192,1540096,1540096,3080192,1572864,1605632,3080192,1048576,3145728,1092266,3473408,1703936,1179648,1769472,1736704,1703936,3407872,1135957,1671168,1736704,3342336,1638400,1026730,537395,2621440,458752,1015808,294912",3024,1853270,50,13,"1,1,1,2,1,1,1,1,1,1,1,1,1,1,1,1,1,1,1,1,1,1,1,1,1,1,1,1,1,1,1,1,2,2,1,1,1,2,2,1,2,2,1,3,1,3,1,2,3,2,2,2,1,3,2,2,1,2,3,5,1,5,2,2","477240,500777,498559,494433,464894,443218,451866,461719,463222,477861,475589,481256,480182,488100,489772,492375,496451,493488,493221,495493,492112,483386,473746,461765,472058,451105,453498,455095,450073,451602,450509,456748,610749,705941,703057,698062,701798,697743,691430,705250,704429,699605,697188,695508,695737,703609,689983,692385,695624,693346,687503,686924,703349,693920,674420,652750,631288,605420,599342,915162,902175,913277,883045,848756",5,1,3123,[object Object],5,1034.1030555555556,4,3600,1322059,3686400,2162688,432,,534,,
2,B,perturbation,distributed,1,4,0.8.0,b14142a9,65536,3,0,55,0,"21,25,27,31,33,34,33,34,38,42,43,48,49,45,53,53,54,52,54,55,55,56,53,55,55,54,55,55,53,54,54,53,8,39,39,45,43,46,45,50,51,48,51,51,53,52,52,54,55,54,52,53,54,52,53,52,51,49,49,42,41,37,36,23",19,56,0,18,6,38,-1,4148,"4,32",1909,"5,31",43,1,31,45,0,0,[object Object],65536,1024,0,0,1172,"1376256,1638400,1769472,2031616,2162688,1114112,1081344,1114112,498073,393216,469674,524288,535210,421302,1736704,1736704,1179648,1135957,3538944,1802240,1802240,1223338,3473408,3604480,1802240,1769472,1201493,3604480,1736704,3538944,1769472,1736704,262144,319488,511180,327680,402578,376832,421302,819200,835584,786432,1114112,1671168,1157802,1135957,1703936,1769472,1201493,1179648,1135957,1736704,1769472,1703936,1157802,3407872,1114112,1605632,3211264,917504,895658,808277,1179648,376832",3996,1748904,47,14,"1,1,1,1,1,2,2,2,5,7,6,6,6,7,2,2,3,3,1,2,2,3,1,1,2,2,3,1,2,1,2,2,2,8,5,9,7,8,7,4,4,4,3,2,3,3,2,2,3,3,3,2,2,2,3,1,3,2,1,3,3,3,2,4","637702,733836,763849,761785,515715,499845,522151,555805,567262,586482,582752,593208,603811,601088,607495,611754,606766,603439,620779,610415,621138,611078,604339,605424,610393,598702,607027,606042,604035,605597,599482,602075,636876,629925,630668,630979,631551,635225,626214,622181,630145,630219,628182,635895,630700,636559,628103,633184,635586,631757,649177,650895,675611,673023,683904,671152,650984,626997,613894,906751,890336,890965,882144,820472",5,1,3124,[object Object],5,1034.1025,4,3600,1408608,3686400,1081344,194,,534,,
2,B,perturbation,distributed,1,5,0.8.0,7ce58429,65536,3,0,54,0,"21,25,27,30,32,33,33,33,34,34,34,34,34,34,34,34,34,34,34,34,34,34,34,34,34,33,34,34,33,33,33,34,8,48,48,48,48,48,46,47,51,48,51,53,53,54,55,54,55,56,57,53,53,53,53,51,50,49,48,40,44,37,32,14",19,56,0,63,6,35,-1,4144,"4,32",1917,"5,31",245,1,28,46,0,0,[object Object],65536,1024,0,0,1242,"1376256,1638400,1769472,983040,2097152,2162688,2162688,2162688,2228224,2228224,2228224,2228224,2228224,2228224,2228224,2228224,2228224,2228224,2228224,2228224,2228224,2228224,2228224,2228224,2228224,2162688,2228224,2228224,2162688,2162688,2162688,2228224,262144,3145728,1572864,3145728,1572864,3145728,1507328,1540096,835584,1572864,1671168,1736704,1736704,1179648,1802240,1769472,3604480,1223338,3735552,868352,1736704,1157802,1736704,835584,1638400,1605632,629145,873813,961194,1212416,2097152,183500",3061,1860769,50,14,"1,1,1,2,1,1,1,1,1,1,1,1,1,1,1,1,1,1,1,1,1,1,1,1,1,1,1,1,1,1,1,1,2,1,2,1,2,1,2,2,4,2,2,2,2,3,2,2,1,3,1,4,2,3,2,4,2,2,5,3,3,2,1,5","460714,485475,486747,493622,451735,452318,442816,460627,460270,470117,473039,479861,483452,481456,478553,489125,479223,480007,492103,492199,474737,456755,464069,460661,448327,441974,444811,439835,434115,443121,436335,442349,609782,727331,724970,720631,736425,713402,731406,715528,732499,711444,726354,714955,716711,718250,721717,703059,703477,712275,703116,706321,707652,701231,686008,666363,646170,620741,618697,923314,912963,909273,883514,847397",5,1,3120,[object Object],5,1034.1036111111111,4,3600,1309136,3686400,2162688,525,,534,,
2,B,perturbation,distributed,1,6,0.8.0,fdd1ab45,65536,3,0,54,0,"21,24,28,30,33,32,32,34,39,41,42,49,50,47,51,52,53,54,54,53,55,55,56,56,55,55,54,52,54,56,56,56,8,40,40,40,41,42,45,49,46,50,51,49,50,50,51,51,53,52,53,52,53,53,51,48,51,47,47,40,40,36,30,23",19,56,0,63,6,38,-1,4148,"4,32",1912,"5,31",74,1,30,46,0,0,[object Object],65536,1024,0,0,1168,"1376256,1572864,1835008,1966080,2162688,2097152,2097152,1114112,425984,383853,458752,802816,819200,440027,835584,3407872,1157802,1769472,1769472,1157802,1802240,1802240,1223338,1835008,1201493,3604480,3538944,1135957,3538944,3670016,1835008,3670016,262144,436906,655360,374491,537395,550502,589824,1605632,1004885,1092266,1671168,1070421,1638400,1638400,1114112,1114112,1157802,1703936,1736704,3407872,1736704,1736704,835584,1572864,1671168,1540096,1540096,873813,873813,786432,491520,502442",3989,1745809,47,14,"1,1,1,1,1,1,1,2,6,7,6,4,4,7,4,1,3,2,2,3,2,2,3,2,3,1,1,3,1,1,2,1,2,6,4,7,5,5,5,2,3,3,2,3,2,2,3,3,3,2,2,1,2,2,4,2,2,2,2,3,3,3,4,3","635144,701404,756800,752109,511042,502561,525509,545018,572592,586241,593365,597182,598792,609640,601284,612753,601074,606683,607983,606698,609810,606697,603322,588608,597636,594200,585658,604143,591363,586478,592966,583592,622486,628501,630834,623708,629189,625715,634695,625502,635697,638046,630728,631495,643776,624389,639924,630736,632073,629565,633302,645289,643712,668293,661669,653143,636559,609845,599800,906354,885097,889689,857059,822992",5,1,3123,[object Object],5,1034.1033333333332,4,3600,1412678,3686400,2097152,223,,534,,
2,B,perturbation,distributed,1,7,0.8.0,8ffada4b,65536,3,0,55,0,"22,25,27,29,32,33,33,34,35,44,44,47,52,50,53,55,54,56,54,54,54,56,56,54,56,55,55,55,55,52,53,54,8,38,40,41,44,42,48,48,52,51,52,51,52,54,51,55,51,53,53,53,53,52,51,51,48,49,46,40,43,38,31,18",19,56,0,63,6,37,-1,4148,"4,32",1904,"5,31",38,1,31,45,0,0,[object Object],65536,1024,0,0,1163,"1441792,1638400,1769472,950272,2097152,2162688,2162688,1114112,764586,480597,411940,440027,681574,655360,868352,3604480,1179648,1835008,1179648,1769472,1179648,1223338,1835008,3538944,1223338,1802240,3604480,1802240,1802240,3407872,3473408,1769472,262144,276707,524288,383853,576716,344064,629145,786432,1703936,3342336,1135957,1114112,3407872,3538944,1671168,3604480,1671168,1157802,1736704,1736704,1157802,3407872,1114112,1671168,1572864,1070421,1507328,873813,939349,2490368,1015808,393216",3987,1792307,48,13,"1,1,1,2,1,1,1,2,3,6,7,7,5,5,4,1,3,2,3,2,3,3,2,1,3,2,1,2,2,1,1,2,2,9,5,7,5,8,5,4,2,1,3,3,1,1,2,1,2,3,2,2,3,1,3,2,2,3,2,3,3,1,2,3","638933,722043,751194,761663,513736,507224,524014,552526,574610,581352,602737,596656,609313,609771,609038,621796,619451,613399,628858,621907,621984,608805,619389,607631,601760,614900,599124,603353,601235,596551,608490,591912,623173,646152,647056,649505,648486,649868,646918,657390,651181,654676,661685,655639,653561,654669,651149,652472,645758,665655,668512,675316,682034,684351,689729,674369,651318,626855,613131,909658,900499,900673,857328,834517",5,1,3124,[object Object],5,1034.1030555555556,4,3600,1382722,3686400,2162688,7,,534,,
2,B,perturbation,distributed,1,8,0.8.0,0ae0b65a,65536,3,0,54,0,"21,25,27,30,32,32,33,33,33,34,34,33,34,34,34,34,34,34,34,34,34,34,34,34,34,34,34,33,33,34,34,34,8,48,48,47,48,48,48,48,49,48,48,50,48,54,52,55,55,55,55,54,54,53,53,53,53,50,47,40,43,40,29,16",19,56,0,63,6,36,-1,4148,"4,32",1921,"5,31",205,1,31,46,0,0,[object Object],65536,1024,0,0,1220,"1376256,1638400,884736,1966080,2097152,2097152,2162688,2162688,2162688,2228224,2228224,2162688,2228224,2228224,2228224,2228224,2228224,2228224,2228224,2228224,2228224,2228224,2228224,2228224,2228224,2228224,2228224,2162688,2162688,2228224,2228224,2228224,262144,3145728,1572864,1540096,3145728,1572864,3145728,1572864,1605632,3145728,3145728,1092266,1572864,3538944,3407872,3604480,3604480,1802240,3604480,3538944,1179648,1736704,1736704,1736704,3473408,1638400,1540096,1310720,1409024,2621440,633514,209715",3039,1820153,49,14,"1,1,2,1,1,1,1,1,1,1,1,1,1,1,1,1,1,1,1,1,1,1,1,1,1,1,1,1,1,1,1,1,2,1,2,2,1,2,1,2,2,1,1,3,2,1,1,1,1,2,1,1,3,2,2,2,1,2,2,2,2,1,3,5","465095,501342,490324,494067,453156,438466,447228,454313,458767,471136,472816,477008,486353,484197,483782,479696,484962,476970,477071,474765,482443,468905,452548,459820,448562,448770,436598,434149,447055,437957,437008,439145,609538,714569,730227,720935,716872,720983,725136,712799,721162,702719,720193,710507,705525,713732,705155,703007,707789,698377,699778,701478,700052,703145,678338,665074,634665,615980,602521,921157,909393,907302,892734,835410",5,1,3124,[object Object],5,1034.1030555555556,4,3600,1344923,3686400,2162688,266,,534,,
2,B,perturbation,distributed,1,9,0.8.0,c921b9ab,65536,3,0,54,0,"22,25,28,30,32,32,35,36,40,40,47,48,51,51,52,53,53,54,54,55,54,54,55,55,56,55,54,55,56,52,54,54,8,34,37,41,43,43,49,50,49,50,52,51,51,53,51,52,54,54,52,52,49,52,52,51,50,49,45,39,41,37,31,22",19,56,0,19,6,38,-1,4149,"4,32",1912,"5,31",181,1,1975,46,0,0,[object Object],65536,1024,0,0,1169,"1441792,1638400,1835008,1966080,2097152,2097152,1146880,786432,374491,436906,513365,786432,668467,668467,1703936,868352,1157802,1179648,1769472,3604480,1769472,1769472,1201493,1802240,1835008,1802240,3538944,1802240,1835008,1135957,1179648,1769472,262144,247580,484966,537395,704512,563609,1070421,655360,802816,1638400,1135957,1114112,1671168,1736704,1114112,1135957,1769472,3538944,1703936,1135957,1605632,1703936,1703936,1671168,1638400,3211264,1474560,511180,1343488,808277,1015808,480597",3991,1736591,47,14,"1,1,1,1,1,1,2,3,7,6,6,4,5,5,2,4,3,3,2,1,2,2,3,2,2,2,1,2,2,3,3,2,2,9,5,5,4,5,3,5,4,2,3,3,2,2,3,3,2,1,2,3,2,2,2,2,2,1,2,5,2,3,2,3","647091,734798,764523,761723,512528,510102,524550,544179,580414,582439,591919,598804,601613,601667,602430,600723,614221,607594,609026,602766,609853,602916,591047,607950,587603,599109,598966,593542,590615,592078,594100,590105,622439,624698,621134,622915,620063,630020,619921,636329,623669,618844,632018,621214,624650,627771,627291,614928,632828,637949,642649,639734,645777,661926,663747,654252,638011,613163,608244,901754,888053,891981,856773,810882",5,1,3123,[object Object],5,1034.1058333333333,4,3600,1418797,3686400,1146880,268,,534,,
2,B,perturbation,distributed,1,10,0.8.0,fb0491af,65536,3,0,56,0,"21,24,27,30,32,33,32,33,33,33,33,34,34,34,34,34,34,34,34,34,34,34,33,34,34,34,34,34,34,34,34,34,8,49,48,49,48,48,48,49,48,47,50,51,52,53,54,54,55,54,55,54,55,55,55,53,53,49,49,42,43,39,32,21",19,56,0,63,6,36,-1,4145,"4,32",1924,"5,31",278,1,26,44,0,0,[object Object],65536,1024,0,0,1219,"688128,1572864,1769472,983040,2097152,2162688,2097152,2162688,2162688,2162688,2162688,2228224,2228224,2228224,2228224,2228224,2228224,2228224,2228224,2228224,2228224,2228224,2162688,2228224,2228224,2228224,2228224,2228224,2228224,2228224,2228224,2228224,262144,1605632,3145728,1605632,3145728,1572864,3145728,1605632,3145728,1540096,1638400,835584,3407872,1736704,3538944,1769472,1802240,1769472,1802240,1769472,3604480,1802240,3604480,1157802,1736704,802816,1605632,917504,1409024,2555904,1048576,275251",3052,1840204,49,13,"2,1,1,2,1,1,1,1,1,1,1,1,1,1,1,1,1,1,1,1,1,1,1,1,1,1,1,1,1,1,1,1,2,2,1,2,1,2,1,2,1,2,2,4,1,2,1,2,2,2,2,2,1,2,1,3,2,4,2,3,2,1,2,5","469783,488299,487335,491391,459061,437336,447010,450007,460230,460028,467154,475305,471827,476072,477386,472377,478259,468337,478759,480778,472814,470617,459980,461580,460628,449316,453034,447339,451978,457299,454662,464141,610814,739647,738126,738464,743884,736128,730710,741155,729517,737153,724381,732801,718439,726536,708414,720680,714432,716594,711249,706292,709567,712170,694335,673716,654444,633419,617690,931170,915010,912741,886660,856388",5,1,3121,[object Object],5,1034.1038888888888,4,3600,1331736,3686400,2097152,361,,534,,
3,B,basic,straight,,,0.8.0,acbd08b1,512,3,0,90,0,"0,0,0,1,3,3,3,3,3,3,3,5,5,5,5,5,5,5,5,5,5,5,6,7,9,9,12,12,9,13,13,11,7,49,46,50,47,49,48,48,47,49,46,45,48,49,45,49,44,44,44,45,43,38,34,30,27,23,9,1,0,0,0,0",20,56,0,33,13,87,2429,18989,"4,32",2072,"27,32",253,7,164,10,12386763,3598,[object Object],65536,1024,0,0,309,",,,65536,196608,196608,196608,196608,196608,196608,196608,327680,327680,327680,327680,327680,327680,327680,327680,327680,327680,327680,196608,229376,196608,117964,157286,131072,117964,141994,170393,102985,229376,1605632,1507328,1638400,1540096,1605632,1572864,1048576,1540096,3211264,753664,983040,1572864,1070421,983040,1070421,1441792,1441792,1441792,983040,939349,355766,557056,327680,294912,301465,196608,65536,,,,",2613,170321,4,8,"0,0,0,1,1,1,1,1,1,1,1,1,1,1,1,1,1,1,1,1,1,1,2,2,3,5,5,6,5,6,5,7,2,2,2,2,2,2,2,3,2,1,4,3,2,3,3,3,2,2,2,3,3,7,4,6,6,5,3,1,0,0,0,0",",,0,8091,21335,47007,47130,47447,47796,47918,48229,70645,119926,157882,198926,228703,258614,285031,307035,330528,350042,361806,377506,374716,375175,363439,379264,385541,378955,384522,386058,376900,217176,551548,563480,560382,555067,562785,556572,565645,561000,560275,557680,558345,555948,550387,553241,562448,544427,553599,553367,549629,548020,547068,532471,534222,523943,526518,494089,1106058,1043509,1018883,985342,948526",5,1,17964,[object Object],5,1271.1730555555555,4,3600,3219574,3686400,196608,,false,557,,
3,B,basic,distributed,,,0.8.0,6b937d07,512,3,0,55,0,"23,28,27,31,32,33,33,34,34,34,34,34,34,34,34,34,34,34,34,34,34,34,34,34,34,34,33,34,33,33,33,33,8,44,46,47,45,46,47,48,50,50,48,51,51,52,53,53,51,52,53,55,51,52,52,52,49,49,46,38,41,35,27,15",19,56,0,63,6,35,-1,5036,"4,32",1944,"5,31",68,1,60,45,781376,3594,[object Object],65536,1024,0,0,1150,"1507328,1835008,1769472,2031616,2097152,2162688,2162688,2228224,2228224,2228224,2228224,2228224,2228224,2228224,2228224,2228224,2228224,2228224,2228224,2228224,2228224,2228224,2228224,2228224,2228224,2228224,2162688,2228224,2162688,2162688,2162688,1081344,262144,1441792,1507328,1540096,1474560,1004885,1026730,1048576,655360,819200,1048576,3342336,1671168,1135957,1157802,1736704,1114112,3407872,3473408,1201493,1671168,1703936,1703936,1703936,1605632,3211264,1004885,830122,895658,1146880,884736,327680",3067,1898589,51,13,"1,1,1,1,1,1,1,1,1,1,1,1,1,1,1,1,1,1,1,1,1,1,1,1,1,1,1,1,1,1,1,2,2,2,2,2,2,3,3,3,5,4,3,1,2,3,3,2,3,1,1,3,2,2,2,2,2,1,3,3,3,2,2,3","472481,486739,495477,500901,443596,444128,459237,456403,469525,472844,466473,478672,474005,484306,492995,486928,493235,497457,506552,504183,510279,506343,485246,489933,477791,477455,472909,468671,468226,468424,465419,466595,623200,657240,655066,658219,661245,652708,667833,664971,670395,671103,659151,672782,657596,669585,669893,661852,657085,668202,671180,670197,684347,689452,686528,669853,646354,630204,619737,922815,894686,896361,872456,824873",5,1,4012,[object Object],5,1038.8227777777777,4,3600,1308213,3686400,2162688,,true,557,,
3,B,basic,detour,,,0.8.0,cc27892f,512,3,0,38,0,"38,49,53,56,57,59,59,60,61,61,62,62,62,62,62,62,62,62,63,63,62,63,63,63,63,63,63,63,63,63,63,63,8,51,50,51,52,54,53,55,52,56,56,55,57,57,58,58,57,57,57,57,56,54,55,55,52,51,51,43,41,35,29,3",20,56,0,63,6,6,-1,4658,"4,32",2056,"5,31",684,1,2909,62,418654,3592,[object Object],65536,1024,0,0,6407,"1245184,1605632,3473408,3670016,3735552,3866624,3866624,3932160,3997696,3997696,4063232,4063232,2031616,4063232,4063232,4063232,4063232,4063232,4128768,4128768,4063232,4128768,4128768,4128768,4128768,4128768,4128768,4128768,4128768,4128768,4128768,4128768,262144,1671168,3276800,3342336,3407872,1179648,1736704,3604480,1703936,3670016,1835008,3604480,1867776,3735552,1900544,3801088,1867776,1867776,3735552,3735552,1223338,1769472,3604480,1802240,1703936,1671168,1114112,704512,671744,2293760,316757,196608",4025,2904312,78,14,"2,2,1,1,1,1,1,1,1,1,1,1,2,1,1,1,1,1,1,1,1,1,1,1,1,1,1,1,1,1,1,1,2,2,1,1,1,3,2,1,2,1,2,1,2,1,2,1,2,2,1,1,3,2,1,2,2,2,3,4,4,1,6,1","874246,915946,916600,907600,573630,594304,613055,643576,665160,698650,729497,739793,763181,790091,808330,813566,856963,836037,861385,882767,873395,879903,884516,885062,886691,877931,892871,869205,890945,889982,877827,885212,595387,870201,873537,871245,871481,874818,881422,882104,876463,873886,877417,877590,873689,876924,853676,864878,850348,844312,840188,842137,854546,830316,838889,848697,830219,847413,848061,984844,960404,972919,956940,923077",5,1,3634,[object Object],5,1041.4302777777777,4,3600,255868,3686400,3866624,,true,557,,
3,B,perturbation,distributed,1,1,0.8.0,c275e01e,512,3,0,54,0,"23,24,28,29,32,32,33,33,34,34,34,34,34,34,34,34,34,34,34,34,34,34,34,34,33,33,33,33,32,32,32,32,8,45,44,44,45,47,49,48,50,51,49,51,50,53,52,52,53,51,51,54,52,51,50,50,49,46,43,39,39,36,29,11",19,56,0,63,6,36,-1,4972,"4,32",1936,"5,31",56,1,158,46,723930,3594,[object Object],65536,1024,0,0,1156,"1507328,1572864,1835008,950272,2097152,2097152,2162688,2162688,2228224,2228224,2228224,2228224,2228224,2228224,2228224,2228224,2228224,2228224,2228224,2228224,2228224,2228224,2228224,2228224,2162688,2162688,2162688,2162688,2097152,2097152,2097152,2097152,262144,983040,2883584,1441792,1474560,1026730,1070421,1048576,655360,1114112,1070421,1671168,1092266,3473408,1703936,1135957,3473408,1114112,3342336,1769472,1703936,1671168,1638400,1092266,3211264,1507328,939349,851968,851968,786432,950272,240298",3065,1838453,49,13,"1,1,1,2,1,1,1,1,1,1,1,1,1,1,1,1,1,1,1,1,1,1,1,1,1,1,1,1,1,1,1,1,2,3,1,2,2,3,3,3,5,3,3,2,3,1,2,3,1,3,1,2,2,2,2,3,1,2,3,3,3,3,2,3","474327,486078,497129,494941,439522,440504,458531,459213,459633,470138,471514,471434,484298,480721,486564,487684,489870,489060,500163,492020,493016,483944,467613,487301,467882,458465,458795,466906,456224,448252,459881,458438,621675,626018,626406,632783,632070,629940,632422,626436,643851,634055,635548,642263,644876,639416,643151,632755,652818,639180,641591,658641,666661,668462,664119,653708,630568,611649,601583,921488,891043,911351,877245,824590",5,1,3948,[object Object],5,1038.8347222222221,4,3600,1347731,3686400,2162688,302,,557,,
3,B,perturbation,distributed,1,2,0.8.0,3287dd76,512,3,0,53,0,"24,26,28,31,32,33,33,34,34,33,34,34,34,34,34,34,34,34,34,34,34,34,34,34,34,33,33,33,33,33,32,32,8,43,45,46,47,47,47,49,49,50,50,50,52,53,51,52,53,53,52,51,51,53,52,50,50,47,46,39,40,36,31,18",19,56,0,63,6,36,-1,5100,"4,32",1952,"5,31",79,1,64,47,831577,3594,[object Object],65536,1024,0,0,1165,"1572864,851968,1835008,2031616,2097152,2162688,2162688,2228224,2228224,2162688,2228224,2228224,2228224,2228224,2228224,2228224,2228224,2228224,2228224,2228224,2228224,2228224,2228224,2228224,2228224,2162688,2162688,2162688,2162688,2162688,2097152,2097152,262144,1409024,1474560,1507328,1026730,770048,1026730,1605632,1070421,1638400,1638400,1638400,1135957,1736704,1114112,1135957,1736704,1157802,1135957,1114112,1671168,1157802,3407872,1638400,3276800,3080192,753664,851968,1310720,1179648,1015808,294912",3067,1834322,49,13,"1,2,1,1,1,1,1,1,1,1,1,1,1,1,1,1,1,1,1,1,1,1,1,1,1,1,1,1,1,1,1,1,2,2,2,2,3,4,3,2,3,2,2,2,3,2,3,3,2,3,3,3,2,3,1,2,1,1,4,3,2,2,2,4","471774,494893,495769,494379,443271,446563,454076,452801,466482,467232,480296,466626,475727,477978,481952,477586,484439,486433,489672,487630,490742,485164,470439,464133,468484,459475,457566,455871,459038,452341,454881,451242,620949,627420,630801,627608,640570,625780,651297,626152,643463,634809,631639,648157,639421,652571,647591,658922,652498,651423,659400,667807,668622,683760,681175,667990,647086,617616,609769,918182,898895,911737,881979,837337",5,1,4076,[object Object],5,1038.8072222222222,4,3600,1347988,3686400,2162688,304,,557,,
3,B,perturbation,distributed,1,3,0.8.0,9abbdb97,512,3,0,54,0,"22,26,28,32,31,32,33,34,34,33,34,34,34,34,34,34,34,34,34,34,34,34,34,34,34,34,34,34,34,34,34,34,7,46,48,47,47,46,46,47,47,45,46,48,49,49,53,52,52,53,53,53,52,53,51,51,49,46,48,37,41,34,26,12",19,56,0,63,6,34,-1,4944,"4,32",1944,"5,31",74,1,60,46,698884,3593,[object Object],65536,1024,0,0,1250,"1441792,1703936,1835008,2097152,2031616,2097152,2162688,2228224,2228224,2162688,2228224,2228224,2228224,2228224,2228224,2228224,2228224,2228224,2228224,2228224,2228224,2228224,2228224,2228224,2228224,2228224,2228224,2228224,2228224,2228224,2228224,2228224,229376,3014656,1572864,3080192,1540096,3014656,1507328,1540096,1540096,1474560,1507328,1572864,1070421,1605632,3473408,1703936,1703936,1736704,1736704,3473408,1703936,1736704,1671168,1671168,3211264,1507328,1572864,1212416,1343488,1114112,851968,131072",3023,1906583,51,13,"1,1,1,1,1,1,1,1,1,1,1,1,1,1,1,1,1,1,1,1,1,1,1,1,1,1,1,1,1,1,1,1,2,1,2,1,2,1,2,2,2,2,2,2,3,2,1,2,2,2,2,1,2,2,2,2,1,2,2,2,2,2,2,6","474532,493045,495465,502138,432247,450705,449937,463735,463978,469178,475289,483318,485603,487918,487580,492317,491919,485082,497816,495142,493718,492115,468929,470838,456424,460440,461678,450760,455390,451526,454105,458255,606873,691264,691771,689142,691561,694000,691226,685067,697448,685670,685711,698982,685899,697931,680455,689499,677561,682877,686327,691605,692693,691764,674744,656228,632610,609157,602138,928884,908803,906198,882215,840762",5,1,3920,[object Object],5,1037.8569444444445,4,3600,1275461,3686400,2162688,250,,557,,
3,B,perturbation,distributed,1,4,0.8.0,fe1f4fbc,512,3,0,54,0,"22,24,28,30,32,32,33,35,36,39,44,41,47,51,51,54,50,54,54,56,54,52,53,56,54,52,54,52,52,53,54,52,8,38,38,43,43,44,43,46,50,49,49,52,53,51,51,53,55,54,54,53,54,52,52,49,49,50,46,39,41,39,30,23",19,56,0,23,6,36,-1,5144,"4,32",1948,"5,31",180,1,170,46,869863,3594,[object Object],65536,1024,0,0,1226,"1441792,1572864,1835008,1966080,2097152,2097152,1081344,1146880,786432,851968,720896,447829,440027,557056,835584,1179648,819200,1769472,1179648,1835008,1179648,851968,1157802,3670016,1179648,1703936,1769472,1135957,1703936,1157802,1769472,1703936,262144,311296,276707,352256,469674,1441792,469674,502442,655360,802816,1070421,1703936,1157802,1114112,1671168,1157802,1802240,1769472,3538944,1736704,1769472,1703936,1703936,1605632,3211264,1092266,1507328,1277952,1343488,1277952,1966080,376832",3983,1816288,49,14,"1,1,1,1,1,1,2,2,3,3,4,6,7,6,4,3,4,2,3,2,3,4,3,1,3,2,2,3,2,3,2,2,2,8,9,8,6,2,6,6,5,4,3,2,3,3,2,3,2,2,1,2,2,2,2,2,1,3,2,2,2,2,1,4","615972,696662,721356,746476,473420,500452,517164,544772,560508,581945,584149,589971,596273,598991,607377,614390,598228,594523,615733,617183,614860,615518,606690,597485,609762,593667,602975,592951,609434,594891,589268,599324,635387,628907,624240,628337,629279,624673,619522,626283,634715,632930,622336,630993,638596,624520,645781,634502,644457,639619,641037,652117,669587,679363,676456,670822,653845,638562,623907,907415,890134,880083,856503,834746",5,1,4120,[object Object],5,1040.4986111111111,4,3600,1342635,3686400,1081344,263,,557,,
3,B,perturbation,distributed,1,5,0.8.0,3956df80,512,3,0,54,0,"24,26,28,31,32,33,33,33,34,34,34,34,34,34,34,34,34,34,34,34,34,34,34,34,34,34,33,34,34,33,34,33,8,47,48,47,47,47,46,47,47,49,48,52,54,55,55,56,55,55,55,55,54,53,50,52,52,49,45,39,43,38,32,16",19,56,0,63,6,34,-1,4880,"4,32",1932,"5,31",63,1,61,46,641559,3593,[object Object],65536,1024,0,0,1267,"1572864,851968,917504,2031616,2097152,2162688,2162688,2162688,2228224,2228224,2228224,2228224,2228224,2228224,2228224,2228224,2228224,2228224,2228224,2228224,2228224,2228224,2228224,2228224,2228224,2228224,2162688,2228224,2228224,2162688,2228224,2162688,262144,3080192,3145728,1540096,1540096,1540096,1507328,1540096,1540096,1605632,786432,1703936,1769472,3604480,1802240,1835008,3604480,3604480,3604480,1802240,1769472,3473408,1638400,1703936,1703936,1605632,1474560,851968,2818048,830122,1048576,349525",3055,1910248,51,13,"1,2,2,1,1,1,1,1,1,1,1,1,1,1,1,1,1,1,1,1,1,1,1,1,1,1,1,1,1,1,1,1,2,1,1,2,2,2,2,2,2,2,4,2,2,1,2,2,1,1,1,2,2,1,2,2,2,2,2,3,1,3,2,3","485236,492929,508116,496997,438948,446361,450063,456310,464985,473534,472816,471864,480731,479442,482593,484443,484928,490412,489237,484107,478237,465077,466710,447638,456591,453951,438943,439926,445206,431728,447347,437424,607078,720314,722635,724522,716565,717673,726204,704601,715375,719409,710333,716673,706532,707016,709047,700880,707435,704374,704019,701744,713762,704418,687495,668303,652136,624938,615855,929851,915264,908219,883482,834067",5,1,3856,[object Object],5,1037.8725,4,3600,1266341,3686400,2162688,320,,557,,
3,B,perturbation,distributed,1,6,0.8.0,bdd4197d,512,3,0,54,0,"20,27,28,30,33,32,34,34,37,37,42,40,43,45,50,50,52,53,54,54,54,54,55,53,55,53,54,54,53,54,56,52,8,37,39,43,40,42,48,43,48,49,50,51,52,51,54,53,53,54,52,51,54,50,52,49,48,48,46,38,39,36,31,19",19,56,0,26,6,36,-1,5196,"4,32",1952,"5,31",68,1,66,46,917594,3594,[object Object],65536,1024,0,0,1222,"1310720,1769472,1835008,1966080,2162688,2097152,1114112,1114112,606208,606208,458752,436906,352256,421302,546133,546133,851968,868352,884736,884736,1769472,884736,1201493,868352,1201493,1736704,3538944,1769472,1736704,3538944,1835008,1703936,262144,346404,425984,704512,436906,550502,629145,469674,786432,1605632,655360,1114112,1135957,1114112,1179648,3473408,1736704,1179648,851968,1671168,3538944,3276800,1703936,1070421,786432,1048576,1004885,830122,2555904,2359296,1015808,415061",3987,1812230,49,14,"1,1,1,1,1,1,2,2,4,4,6,6,8,7,6,6,4,4,4,4,2,4,3,4,3,2,1,2,2,1,2,2,2,7,6,4,6,5,5,6,4,2,5,3,3,3,3,1,2,3,4,2,1,1,2,3,4,3,3,3,1,1,2,3","630420,692890,719488,741914,479344,506015,521296,546878,569772,586541,593970,588627,598228,607601,607732,604971,606169,612027,605448,604766,609138,598087,599791,595604,590076,590558,597090,584953,584301,583230,589921,584782,622006,625285,626935,627380,622282,626503,641496,624217,629072,643990,622928,642211,634145,624818,639092,629430,628270,632460,641437,637118,657729,657509,660704,657182,646201,621571,608932,906060,880030,873619,875821,826458",5,1,4172,[object Object],5,1039.7727777777777,4,3600,1346702,3686400,1114112,294,,557,,
3,B,perturbation,distributed,1,7,0.8.0,5df5c4ab,512,3,0,54,0,"21,25,29,29,32,33,33,36,36,41,43,48,46,49,50,52,53,54,54,55,57,54,54,55,55,52,56,54,56,55,54,53,8,39,42,40,45,41,45,51,48,49,47,53,52,52,51,52,54,55,55,53,52,49,51,49,49,49,46,38,40,37,29,18",19,56,0,63,6,35,-1,5076,"4,32",1940,"5,31",70,1,62,46,813639,3594,[object Object],65536,1024,0,0,1217,"1376256,1638400,1900544,1900544,2097152,1081344,2162688,589824,786432,447829,352256,524288,430665,535210,655360,1135957,1736704,1769472,884736,1201493,1867776,1769472,1179648,1201493,3604480,1703936,3670016,3538944,3670016,1802240,1769472,3473408,262144,425984,688128,436906,589824,298552,491520,1114112,786432,802816,770048,3473408,1703936,1703936,1114112,3407872,3538944,3604480,3604480,1736704,1703936,3211264,1671168,1605632,1605632,1070421,1004885,622592,655360,1212416,1900544,393216",3991,1857241,50,13,"1,1,1,1,1,2,1,4,3,6,8,6,7,6,5,3,2,2,4,3,2,2,3,3,1,2,1,1,1,2,2,1,2,6,4,6,5,9,6,3,4,4,4,1,2,2,3,1,1,1,1,2,2,1,2,2,2,3,3,4,4,2,1,3","648400,701962,746937,746976,488637,512034,532240,548612,576723,582866,593356,604470,604328,609585,607456,620834,622703,615698,617429,628565,611576,618709,596810,609019,596223,604913,598333,593067,603806,601248,584004,606818,623647,652246,647056,654209,651540,647868,652451,658334,661846,648475,661130,655534,652069,648263,656159,653370,662192,657624,675828,673202,687413,685014,690382,675721,662529,637486,621857,911075,904897,877677,893402,816272",5,1,4052,[object Object],5,1038.8133333333333,4,3600,1318682,3686400,2162688,80,,557,,
3,B,perturbation,distributed,1,8,0.8.0,e1c26446,512,3,0,54,0,"21,26,28,30,32,32,33,33,34,34,34,34,34,34,34,34,34,34,34,34,34,34,34,34,34,34,34,34,34,33,34,34,8,47,46,47,47,46,48,45,47,48,46,49,50,51,51,53,52,53,53,54,53,53,54,51,50,47,50,38,41,36,28,16",19,56,0,63,6,35,-1,5000,"4,32",1948,"5,31",77,1,65,46,749094,3594,[object Object],65536,1024,0,0,1251,"1376256,1703936,1835008,1966080,2097152,2097152,2162688,2162688,2228224,2228224,2228224,2228224,2228224,2228224,2228224,2228224,2228224,2228224,2228224,2228224,2228224,2228224,2228224,2228224,2228224,2228224,2228224,2228224,2228224,2162688,2228224,2228224,262144,3080192,3014656,1540096,1540096,3014656,1572864,1474560,3080192,3145728,1507328,1070421,1638400,1671168,1671168,1157802,1135957,3473408,1736704,1769472,1736704,3473408,1769472,1671168,1638400,3080192,3276800,1245184,895658,1179648,367001,349525",3035,1870217,50,14,"1,1,1,1,1,1,1,1,1,1,1,1,1,1,1,1,1,1,1,1,1,1,1,1,1,1,1,1,1,1,1,1,2,1,1,2,2,1,2,2,1,1,2,3,2,2,2,3,3,1,2,2,2,1,2,2,2,1,1,2,3,2,5,3","468878,491828,492279,497078,430157,442689,449874,455756,461944,467237,467500,475893,482109,476929,485380,479712,478854,481088,481706,475184,489615,465518,455730,451358,449310,438014,451325,429235,444964,435042,440973,440075,604124,706834,703439,701557,696655,696746,702566,688766,711187,697677,695421,699530,697563,702944,689018,696945,695777,684756,689336,697425,690245,696887,683852,655128,642793,611164,604369,920313,903738,895576,905482,832359",5,1,3976,[object Object],5,1038.826111111111,4,3600,1299908,3686400,2162688,63,,557,,
3,B,perturbation,distributed,1,9,0.8.0,d55d3743,512,3,0,54,0,"21,26,27,30,32,32,33,37,37,39,44,46,46,49,49,54,53,52,55,54,55,54,54,54,55,54,55,53,54,54,52,55,8,36,40,40,44,44,46,48,51,47,51,51,51,53,52,54,54,53,54,53,52,52,50,48,50,48,46,38,40,38,30,19",19,56,0,63,6,36,-1,5115,"4,32",1944,"5,31",73,1,3511,46,842309,3594,[object Object],65536,1024,0,0,1219,"1376256,1703936,1769472,1966080,1048576,2097152,2162688,606208,484966,425984,360448,334961,502442,535210,458752,1179648,578901,681574,1201493,3538944,1802240,1179648,1769472,1179648,1201493,1769472,3604480,1736704,3538944,1769472,3407872,1802240,262144,393216,374491,524288,720896,411940,502442,629145,1671168,1026730,3342336,1114112,1114112,1736704,1135957,3538944,3538944,1157802,1769472,3473408,1135957,1135957,1092266,1572864,1092266,1572864,1507328,622592,1310720,2490368,655360,415061",3989,1801873,48,14,"1,1,1,1,2,1,1,4,5,6,8,9,6,6,7,3,6,5,3,1,2,3,2,3,3,2,1,2,1,2,1,2,2,6,7,5,4,7,6,5,2,3,1,3,3,2,3,1,1,3,2,1,3,3,3,2,3,2,2,4,2,1,3,3","634528,700620,734463,738235,474598,507348,521417,553165,568043,583238,588055,595923,602877,600591,598084,603588,613457,593757,603891,617305,593836,602179,600360,586022,598173,585768,590342,588626,590292,586127,580868,594332,623461,617618,625938,619679,623564,617808,620309,620977,634150,623576,628565,623449,625444,627312,616281,629124,632429,631846,639166,651040,646585,666558,667413,654297,642772,619097,609074,897828,895057,881142,879792,797757",5,1,4091,[object Object],5,1038.8041666666666,4,3600,1354979,3686400,2162688,357,,557,,
3,B,perturbation,distributed,1,10,0.8.0,c129d68f,512,3,0,55,0,"23,24,28,29,31,33,33,33,33,34,34,34,34,34,34,34,34,34,34,34,34,34,34,34,34,33,33,34,34,34,34,34,8,46,47,46,46,47,47,47,47,47,48,52,52,53,53,54,54,54,54,55,56,54,53,52,53,50,48,41,42,39,32,20",19,56,0,63,6,34,-1,4972,"4,32",1948,"5,31",201,1,156,45,723916,3594,[object Object],65536,1024,0,0,1250,"1507328,786432,1835008,950272,2031616,2162688,2162688,2162688,2162688,2228224,2228224,2228224,2228224,2228224,2228224,2228224,2228224,2228224,2228224,2228224,2228224,2228224,2228224,2228224,2228224,2162688,2162688,2228224,2228224,2228224,2228224,2228224,262144,1507328,1540096,1507328,3014656,1540096,3080192,1540096,3080192,3080192,1572864,851968,3407872,3473408,3473408,1769472,1179648,1769472,1769472,1802240,1835008,1769472,3473408,1703936,1157802,1638400,3145728,671744,1376256,1277952,1048576,436906",3045,1888526,51,13,"1,2,1,2,1,1,1,1,1,1,1,1,1,1,1,1,1,1,1,1,1,1,1,1,1,1,1,1,1,1,1,1,2,2,2,2,1,2,1,2,1,1,2,4,1,1,1,2,3,2,2,2,2,2,1,2,3,2,1,4,2,2,2,3","471323,483180,493963,491959,430269,442394,436209,454561,454959,465351,467719,469911,477709,472808,474316,479354,472591,478318,467614,476766,477282,469420,457414,457135,458522,453041,451433,450189,452709,450409,458616,464055,606540,719711,720126,721691,723635,718308,716618,722763,714829,712801,716081,718729,704861,718251,702629,704219,703564,704978,700696,705080,716869,705940,698509,671306,659518,638401,621290,924574,910894,910963,894733,851576",5,1,3948,[object Object],5,1038.8344444444444,4,3600,1288173,3686400,2162688,153,,557,,
4,B,basic,straight,,,0.8.0,1e9810f5,65536,9,0,91,0,"0,0,0,1,3,3,3,3,3,3,3,3,3,3,3,3,3,3,3,3,3,3,3,3,3,3,3,3,3,3,3,4,5,14,17,18,19,18,18,20,19,17,22,19,19,18,18,17,16,16,12,11,8,5,5,5,5,5,5,0,0,0,0,0",38,50,0,63,10,88,2385,4164,"4,32",3868,"6,32",42,1,29,9,0,0,[object Object],65536,1024,0,0,286,",,,65536,196608,196608,196608,196608,196608,196608,196608,196608,196608,196608,196608,196608,196608,196608,196608,196608,196608,196608,196608,196608,196608,196608,196608,196608,196608,196608,196608,131072,327680,131072,139264,131072,249036,196608,235929,218453,155648,371370,360448,311296,249036,393216,196608,222822,349525,349525,262144,180224,174762,327680,327680,327680,327680,327680,327680,,,,,",2950,125583,3,7,"0,0,0,1,1,1,1,1,1,1,1,1,1,1,1,1,1,1,1,1,1,1,1,1,1,1,1,1,1,1,1,2,1,7,8,9,5,6,5,6,8,3,4,4,5,3,6,5,3,3,3,4,3,1,1,1,1,1,1,0,0,0,0,0",",,,0,12967,15628,18728,21201,64105,106037,139742,167950,196271,224589,251562,275756,302877,321751,339151,360989,381501,387657,391461,394996,402255,410442,409514,418736,426266,427117,435771,427345,218108,532040,541226,543645,538111,539362,546962,538623,545470,537323,541723,542313,543311,539501,540363,534239,540283,543151,542269,532763,532895,529777,528769,519034,525882,519209,489752,1119886,1079439,1028779,1008463,985143",5,1,3140,[object Object],5,1038.0897222222222,4,3600,3279322,3686400,196608,,false,410,,
4,B,basic,distributed,,,0.8.0,fc4994ad,65536,9,0,55,0,"23,26,30,31,32,33,33,33,34,34,34,34,34,34,34,34,34,34,34,35,34,36,37,35,39,41,39,37,40,39,40,40,14,42,44,42,44,45,44,48,47,48,48,50,54,52,52,52,51,54,53,52,54,52,50,50,48,48,45,38,38,37,28,14",19,50,0,63,6,37,-1,4148,"4,32",1912,"5,31",40,1,31,45,0,0,[object Object],65536,1024,0,0,1082,"1507328,1703936,1966080,2031616,2097152,2162688,2162688,2162688,2228224,2228224,2228224,2228224,2228224,2228224,2228224,2228224,2228224,2228224,2228224,1146880,2228224,1179648,808277,1146880,638976,671744,638976,606208,873813,851968,1310720,655360,458752,917504,961194,917504,961194,983040,961194,1048576,616038,786432,786432,1092266,3538944,1703936,1135957,3407872,1671168,1179648,1157802,1135957,3538944,1703936,1638400,819200,3145728,1572864,2949120,830122,830122,1212416,611669,229376",3379,1809217,49,13,"1,1,1,1,1,1,1,1,1,1,1,1,1,1,1,1,1,1,1,2,1,2,3,2,4,4,4,4,3,3,2,4,2,3,3,3,3,3,3,3,5,4,4,3,1,2,3,1,2,3,3,3,1,2,2,4,1,2,1,3,3,2,3,4","481577,493008,500850,502380,453370,450222,454114,458368,467603,474679,474896,478124,478987,489172,492029,509347,504538,520530,526885,535877,529716,535196,520530,535457,530132,529732,530718,519603,537595,529512,537916,522336,570645,624482,630693,631176,624476,636145,627057,634843,652575,635572,642811,647784,656002,649503,648835,649843,649500,657521,650763,657917,674736,677384,671838,664239,633270,606778,600361,909647,901154,900101,880126,834705",5,1,3124,[object Object],5,1034.1030555555556,4,3600,1393987,3686400,2162688,,true,410,,
4,B,basic,detour,,,0.8.0,461d5aff,65536,9,0,38,0,"34,47,52,55,58,58,59,60,61,61,60,62,62,62,61,63,62,63,62,63,63,63,63,63,63,63,63,63,62,62,63,62,14,51,52,52,51,51,54,53,55,55,57,58,58,58,59,58,59,57,58,57,56,56,56,55,53,52,49,44,44,38,25,6",20,50,0,63,6,7,-1,4169,"4,32",2038,"5,31",1427,1,673,62,0,0,[object Object],65536,1024,0,0,6264,"742741,1540096,1703936,1802240,1900544,1900544,3866624,3932160,3997696,3997696,3932160,4063232,4063232,4063232,3997696,4128768,4063232,4128768,4063232,4128768,4128768,4128768,4128768,4128768,4128768,4128768,4128768,4128768,4063232,4063232,4128768,4063232,458752,3342336,1135957,1703936,1671168,3342336,1769472,1736704,1802240,1802240,1867776,3801088,3801088,3801088,3866624,1267029,3866624,1245184,1900544,1867776,3670016,1835008,3670016,3604480,1736704,851968,1605632,720896,576716,1245184,234057,131072",4031,2908832,78,14,"3,2,2,2,2,2,1,1,1,1,1,1,1,1,1,1,1,1,1,1,1,1,1,1,1,1,1,1,1,1,1,1,2,1,3,2,2,1,2,2,2,2,2,1,1,1,1,3,1,3,2,2,1,2,1,1,2,4,2,4,5,2,7,3","849674,882907,903211,891645,575394,584548,607543,638849,657090,696922,716481,738490,758492,793930,809718,814879,825789,858158,869297,865054,885784,872188,890225,878451,891177,892965,880279,892477,893876,888084,886775,916725,632875,853277,865415,869681,865340,880864,869963,872727,877177,885534,870913,882781,867338,874980,863474,857237,860276,843932,847515,839987,850423,835652,851844,843687,844187,840735,859016,985108,972159,978848,963319,895194",5,1,3145,[object Object],5,1039.4988888888888,4,3600,258438,3686400,3866624,,true,410,,
4,B,perturbation,distributed,1,1,0.8.0,bfbfb72a,65536,9,0,54,0,"23,25,28,30,32,33,33,33,34,34,34,34,34,34,34,34,34,34,34,34,34,34,34,38,38,39,40,36,38,42,39,37,14,44,44,45,47,47,47,49,48,50,51,50,51,52,51,52,54,52,52,53,53,53,51,50,50,47,44,39,39,36,29,12",19,50,0,63,6,38,-1,4148,"4,32",1916,"5,31",69,1,29,46,0,0,[object Object],65536,1024,0,0,1094,"1507328,1638400,917504,983040,2097152,1081344,2162688,2162688,2228224,2228224,2228224,2228224,2228224,2228224,2228224,2228224,2228224,2228224,2228224,2228224,2228224,2228224,2228224,830122,622592,851968,524288,589824,830122,688128,851968,606208,458752,1441792,961194,983040,1026730,770048,770048,802816,1048576,1638400,1671168,1638400,1114112,3407872,835584,1703936,1769472,1135957,1703936,1736704,3473408,1736704,1671168,1092266,3276800,1540096,961194,638976,851968,786432,475136,196608",3383,1758484,47,13,"1,1,2,2,1,2,1,1,1,1,1,1,1,1,1,1,1,1,1,1,1,1,1,3,4,3,5,4,3,4,3,4,2,2,3,3,3,4,4,4,3,2,2,2,3,1,4,2,2,3,2,2,1,2,2,3,1,2,3,4,3,3,4,4","466404,490304,488380,498083,464533,441096,460463,457470,461638,475660,473074,478349,478400,488083,500032,491745,506931,509356,524117,520991,521983,513995,522667,507173,520902,518261,513546,516124,516373,524820,513723,518452,566600,609462,612277,611471,615878,612920,611173,620713,625434,616909,629169,629406,626035,652336,625267,623085,638487,641474,637214,659109,654616,666811,662577,650096,627672,606688,594173,924263,895329,904979,864758,830502",5,1,3124,[object Object],5,1034.1027777777779,4,3600,1424052,3686400,2162688,215,,410,,
4,B,perturbation,distributed,1,2,0.8.0,a6d9ec94,65536,9,0,54,0,"22,26,28,30,32,32,32,34,34,34,34,34,33,34,34,34,34,34,34,34,34,35,35,36,39,36,40,38,39,39,39,38,13,44,47,44,46,44,49,44,48,49,49,52,52,52,54,54,51,53,53,53,52,52,52,52,50,46,46,37,40,35,29,15",19,50,0,63,6,38,-1,4148,"4,32",1916,"5,31",199,1,31,46,0,0,[object Object],65536,1024,0,0,1099,"1441792,851968,1835008,983040,2097152,2097152,2097152,2228224,2228224,2228224,2228224,2228224,2162688,2228224,2228224,2228224,2228224,2228224,2228224,2228224,2228224,1146880,1146880,786432,638976,786432,655360,622592,1277952,851968,851968,498073,283989,961194,3080192,961194,1507328,961194,1070421,1441792,786432,802816,802816,3407872,1703936,1703936,1179648,3538944,1671168,1736704,1736704,1736704,3407872,1703936,1135957,1135957,1092266,3014656,1507328,808277,1310720,1146880,475136,245760",3369,1744139,47,13,"1,2,1,2,1,1,1,1,1,1,1,1,1,1,1,1,1,1,1,1,1,2,2,3,4,3,4,4,2,3,3,5,3,3,1,3,2,3,3,2,4,4,4,1,2,2,3,1,2,2,2,2,1,2,3,3,3,1,2,3,2,2,4,4","473158,506868,493771,501375,465514,446587,450283,462855,465348,473374,468577,477603,480875,485136,485615,494537,489981,510593,505586,513376,516174,509063,518045,502347,509657,523496,504841,507131,520024,512490,509323,512714,559546,609196,599051,618279,604477,617127,622089,599983,633091,621329,619444,630987,638643,630994,638334,635229,639140,640192,646801,655828,657453,666362,676172,658206,634386,609440,596655,913839,906183,904357,860811,838557",5,1,3124,[object Object],5,1034.1030555555556,4,3600,1432348,3686400,2097152,275,,410,,
4,B,perturbation,distributed,1,3,0.8.0,29748a31,65536,9,0,57,0,"23,24,28,29,32,32,33,33,34,34,34,35,34,38,36,38,39,40,43,45,44,43,44,44,48,48,51,48,47,47,48,49,14,48,47,47,46,46,47,46,46,47,46,46,48,50,53,50,52,51,53,53,52,52,54,51,50,47,46,40,39,36,26,9",19,50,0,63,6,38,-1,4148,"4,32",1920,"5,31",60,1,32,43,0,0,[object Object],65536,1024,0,0,1050,"1507328,786432,1835008,950272,2097152,2097152,2162688,2162688,2228224,2228224,2228224,1146880,2228224,622592,786432,622592,851968,655360,469674,737280,480597,704512,576716,480597,1048576,1048576,1114112,786432,616038,1026730,629145,642252,458752,3145728,3080192,1540096,1507328,1507328,1540096,1507328,1004885,3080192,1507328,1507328,3145728,1638400,3473408,1638400,1135957,1114112,1736704,1736704,1703936,3407872,1769472,1671168,1092266,3080192,1507328,1310720,1277952,1179648,851968,196608",3653,1789970,48,12,"1,2,1,2,1,1,1,1,1,1,1,2,1,4,3,4,3,4,6,4,6,4,5,6,3,3,3,4,5,3,5,5,2,1,1,2,2,2,2,2,3,1,2,2,1,2,1,2,3,3,2,2,2,1,2,2,3,1,2,2,2,2,2,3","465994,490314,491059,500549,459423,448000,459915,466608,478376,497276,513446,523680,533184,553177,555813,564256,579431,592374,606612,602239,617505,611576,606355,611451,623182,605312,613016,619128,616707,627562,624311,626325,565362,631732,621690,634821,623720,636540,644451,636402,642071,661432,645568,658823,650339,668292,658292,668962,649715,665203,672161,668358,683163,666911,657856,629266,613211,589934,578339,917942,923583,899854,869282,831289",5,1,3123,[object Object],5,1034.1030555555556,4,3600,1421235,3686400,2162688,195,,410,,
4,B,perturbation,distributed,1,4,0.8.0,396d5133,65536,9,0,55,0,"20,24,30,29,32,32,33,33,33,33,33,33,34,33,34,34,34,34,34,35,36,36,40,39,39,40,41,45,42,40,39,41,14,49,47,46,50,49,51,52,51,53,54,52,52,55,54,54,56,55,53,54,53,55,54,50,51,50,50,41,42,39,34,21",19,50,0,63,6,38,-1,4148,"4,32",1909,"5,31",43,1,31,45,0,0,[object Object],65536,1024,0,0,1142,"1310720,786432,1966080,1900544,2097152,2097152,2162688,2162688,2162688,2162688,2162688,2162688,2228224,2162688,2228224,2228224,2228224,2228224,2228224,1146880,786432,786432,655360,638976,638976,655360,895658,737280,458752,524288,638976,895658,458752,1070421,770048,1004885,819200,1070421,3342336,1135957,1114112,1736704,1769472,1135957,1135957,1802240,3538944,1769472,3670016,1802240,1736704,3538944,1736704,1802240,1769472,1092266,3342336,1092266,1092266,1343488,1376256,1277952,1114112,458752",3491,1751248,47,14,"1,2,1,1,1,1,1,1,1,1,1,1,1,1,1,1,1,1,1,2,3,3,4,4,4,4,3,4,6,5,4,3,2,3,4,3,4,3,1,3,3,2,2,3,3,2,1,2,1,2,2,1,2,2,2,3,1,3,3,2,2,2,2,3","471632,489887,500158,506473,451244,438275,442379,449227,455366,465127,460819,471159,473239,483622,484960,495749,500660,513102,519671,518556,535536,522762,517515,530405,524063,533449,522794,531199,530300,529056,521220,527135,577506,634834,629158,640310,638748,636801,644001,638694,631708,639210,645210,643090,635015,639168,649280,638283,642106,650973,652016,656301,670821,681897,690409,672089,652038,631165,620057,915701,900398,889545,868229,839913",5,1,3124,[object Object],5,1034.1025,4,3600,1416693,3686400,2162688,162,,410,,
4,B,perturbation,distributed,1,5,0.8.0,a08235d3,65536,9,0,57,0,"21,24,28,30,32,33,33,33,34,33,34,35,35,39,38,39,42,41,41,44,44,45,42,49,49,44,47,46,47,48,47,48,14,46,46,46,46,46,47,47,46,47,51,48,53,52,54,52,55,53,55,52,54,53,54,51,51,47,46,40,41,37,27,13",19,50,0,63,6,38,-1,4144,"4,32",1917,"5,31",245,1,28,43,0,0,[object Object],65536,1024,0,0,1054,"1376256,1572864,1835008,983040,2097152,2162688,2162688,2162688,2228224,2162688,2228224,1146880,1146880,638976,622592,638976,458752,895658,537395,576716,576716,327680,458752,1070421,1070421,480597,513365,376832,513365,629145,770048,786432,458752,1507328,1507328,1507328,3014656,1507328,3080192,1540096,3014656,1026730,1114112,1048576,3473408,1135957,3538944,1703936,1802240,1736704,3604480,1703936,3538944,1736704,884736,1671168,3342336,770048,1004885,873813,1343488,1212416,589824,283989",3685,1792941,48,12,"1,1,1,2,1,1,1,1,1,1,1,2,2,4,4,4,6,3,5,5,5,9,6,3,3,6,6,8,6,5,4,4,2,2,2,2,1,2,1,2,1,3,3,3,1,3,1,2,2,2,1,2,1,2,4,2,1,4,3,3,2,2,3,3","472841,484706,494460,496359,457690,440305,453960,459899,483578,495991,507781,520577,531368,551065,550098,561353,577743,575567,595395,593886,603344,598718,597615,586940,616548,597080,611254,620149,618077,618111,615601,625051,561463,635823,637389,637021,645156,647824,646111,661263,651388,660825,667596,666748,671916,680073,666133,669857,675909,675243,671509,684667,687380,683878,660491,645687,624071,596803,589163,923267,903368,904671,875438,839070",5,1,3120,[object Object],5,1034.1036111111111,4,3600,1416414,3686400,2162688,160,,410,,
4,B,perturbation,distributed,1,6,0.8.0,be1f4545,65536,9,0,54,0,"21,26,27,30,31,32,32,33,33,34,34,33,33,34,34,33,34,34,34,34,38,36,35,40,37,39,40,40,41,42,43,41,14,45,45,46,47,49,49,51,49,52,51,53,52,54,53,53,55,54,53,53,54,52,54,52,49,50,46,40,42,39,33,23",19,50,0,63,6,38,-1,4148,"4,32",1912,"5,31",74,1,30,46,0,0,[object Object],65536,1024,0,0,1143,"1376256,1703936,1769472,983040,2031616,2097152,2097152,2162688,2162688,2228224,2228224,2162688,2162688,2228224,2228224,2162688,2228224,2228224,2228224,2228224,622592,1179648,2293760,873813,808277,1277952,655360,655360,895658,917504,939349,537395,458752,983040,1474560,1004885,770048,1605632,1070421,1671168,3211264,1703936,1114112,1157802,1703936,3538944,1736704,1736704,1802240,1179648,1736704,1157802,1769472,1135957,1769472,3407872,1605632,1638400,1507328,655360,1376256,1277952,1081344,502442",3478,1748259,47,14,"1,1,1,2,1,1,1,1,1,1,1,1,1,1,1,1,1,1,1,1,4,2,1,3,3,2,4,4,3,3,3,5,2,3,2,3,4,2,3,2,1,2,3,3,2,1,2,2,2,3,2,3,2,3,2,1,2,2,2,4,2,2,2,3","470553,493917,495777,495249,457642,434219,446353,453925,458549,467630,470598,473167,475980,485773,492227,498104,505978,516255,516585,523667,532135,519694,522744,517523,517764,523074,518708,519537,518765,521118,516040,516296,549398,618855,626810,622085,621940,626884,631446,634233,632191,643273,632958,643769,621825,640506,635000,633350,639269,644799,633342,649993,656877,667174,667213,660066,639017,616373,606223,918115,886115,893595,866892,820637",5,1,3123,[object Object],5,1034.1033333333332,4,3600,1418293,3686400,2097152,174,,410,,
4,B,perturbation,distributed,1,7,0.8.0,c270cf60,65536,9,0,55,0,"20,24,28,29,32,32,33,33,33,34,34,34,34,34,34,34,34,34,34,34,35,36,39,41,43,40,43,42,40,39,40,39,14,46,48,49,48,48,51,50,52,54,51,53,54,53,55,55,55,53,54,56,51,53,50,51,50,48,46,40,42,36,31,17",19,50,0,63,6,37,-1,4148,"4,32",1904,"5,31",38,1,31,45,0,0,[object Object],65536,1024,0,0,1129,"1310720,786432,1835008,950272,2097152,2097152,2162688,2162688,2162688,2228224,2228224,2228224,2228224,2228224,2228224,2228224,2228224,2228224,2228224,2228224,2293760,2359296,638976,537395,704512,524288,563609,688128,655360,851968,873813,511180,458752,1507328,1048576,1605632,1048576,1048576,1671168,1638400,1135957,3538944,1671168,3473408,1769472,1736704,1802240,1802240,1802240,3473408,1769472,1835008,1671168,1736704,3276800,1671168,1638400,1572864,1507328,873813,1376256,2359296,1015808,278528",3481,1790662,48,13,"1,2,1,2,1,1,1,1,1,1,1,1,1,1,1,1,1,1,1,1,1,1,4,5,4,5,5,4,4,3,3,5,2,2,3,2,3,3,2,2,3,1,2,1,2,2,2,2,2,1,2,2,2,2,1,2,2,2,2,3,2,1,2,4","468861,491347,492193,493935,464849,441021,449454,456471,464448,465655,469137,480122,482938,490108,498212,508454,516390,525211,526851,534353,528998,529170,531524,525558,530102,531662,527237,527205,523517,524599,516669,518953,552424,641755,639639,634835,638074,646168,645756,655999,641617,660010,655748,661319,656259,658651,660507,658808,660727,661425,681179,682566,683785,695245,687547,671447,654540,629776,614542,922221,901410,896679,884869,833508",5,1,3124,[object Object],5,1034.1030555555556,4,3600,1393839,3686400,2162688,1,,410,,
4,B,perturbation,distributed,1,8,0.8.0,042e9456,65536,9,0,56,0,"20,25,29,29,32,32,33,33,34,33,34,34,36,35,37,40,41,39,39,41,45,44,44,47,45,46,49,49,51,50,47,48,14,48,47,45,47,48,48,47,46,48,48,49,51,51,52,53,52,52,53,51,53,51,52,52,47,48,47,40,40,36,28,11",19,50,0,63,6,39,-1,4148,"4,32",1921,"5,31",205,1,31,44,0,0,[object Object],65536,1024,0,0,1054,"1310720,1638400,1900544,950272,2097152,2097152,2162688,2162688,2228224,2162688,2228224,2228224,1179648,1146880,1212416,524288,537395,425984,851968,537395,983040,720896,480597,513365,589824,430665,642252,802816,1114112,655360,616038,524288,458752,3145728,1540096,2949120,1540096,3145728,3145728,1540096,1507328,3145728,1572864,1605632,668467,1671168,3407872,1157802,1703936,1135957,1736704,1671168,1736704,3342336,1703936,1703936,1540096,1572864,1540096,873813,655360,2359296,1835008,240298",3713,1758189,47,13,"1,1,1,2,1,1,1,1,1,1,1,1,2,2,2,5,5,6,3,5,3,4,6,6,5,7,5,4,3,5,5,6,2,1,2,1,2,1,1,2,2,1,2,2,5,2,1,3,2,3,2,2,2,1,2,2,2,2,2,3,4,1,1,3","484264,489987,502978,512481,458858,450110,457100,471070,491648,495976,517508,524448,544438,549201,560027,571050,579404,579907,589227,601414,608257,599270,608033,596736,596062,617243,603417,610634,622684,603359,614262,614337,569711,634760,630475,622244,641629,645781,633514,658570,638515,665149,654956,659247,664653,670150,673559,667843,661446,677086,663151,685615,680915,680251,661473,642192,614762,596941,572925,915216,901360,899146,878412,827058",5,1,3124,[object Object],5,1034.1030555555556,4,3600,1441855,3686400,2162688,343,,410,,
4,B,perturbation,distributed,1,9,0.8.0,0637a936,65536,9,0,54,0,"22,25,27,30,31,32,33,33,33,33,34,34,34,34,34,34,34,34,35,34,36,36,37,39,42,45,40,39,40,37,41,41,14,46,48,49,49,48,47,50,51,52,53,53,53,53,55,53,54,53,56,53,53,53,52,52,53,49,46,38,43,37,33,25",19,50,0,63,6,38,-1,4148,"4,32",1912,"5,31",181,1,31,46,0,0,[object Object],65536,1024,0,0,1143,"1441792,1638400,1769472,1966080,1015808,1048576,2162688,2162688,2162688,2162688,2228224,2228224,2228224,2228224,2228224,2228224,2228224,2228224,1146880,2228224,1179648,1179648,484966,851968,688128,1474560,873813,851968,655360,484966,895658,895658,458752,1004885,786432,642252,1605632,1048576,1026730,1638400,1671168,681574,3473408,1736704,1736704,1736704,1802240,3473408,1769472,3473408,1835008,1736704,1736704,3473408,3407872,3407872,1736704,1070421,753664,830122,1409024,2424832,1081344,409600",3492,1737820,47,14,"1,1,1,1,2,2,1,1,1,1,1,1,1,1,1,1,1,1,2,1,2,2,5,3,4,2,3,3,4,5,3,3,2,3,4,5,2,3,3,2,2,5,1,2,2,2,2,1,2,1,2,2,2,1,1,1,2,3,4,3,2,1,2,4","470877,496804,487344,505886,453445,439966,448187,445701,456806,465692,465979,471353,480177,488700,493931,495384,504194,515365,522081,515769,524927,507004,522137,506357,516025,515675,509524,515814,518412,516720,511269,517007,544903,618203,610681,634305,620343,617598,626751,632203,632895,616509,636518,630892,638810,627737,638745,626705,635380,627023,640720,653584,649830,671037,667268,652878,630351,616265,608685,904837,887360,886112,867454,820323",5,1,3124,[object Object],5,1034.1030555555556,4,3600,1425313,3686400,2162688,224,,410,,
4,B,perturbation,distributed,1,10,0.8.0,6b64bcb1,65536,9,0,58,0,"20,22,26,29,32,32,33,33,33,33,33,34,34,36,37,39,42,38,37,42,43,43,44,46,44,46,48,48,47,49,47,47,14,46,47,46,46,47,49,48,46,46,48,50,51,53,54,55,55,56,56,53,54,54,52,51,52,52,48,40,44,36,31,17",19,50,0,63,6,39,-1,4145,"4,32",1924,"5,31",284,1,26,42,0,0,[object Object],65536,1024,0,0,1045,"1310720,1441792,1703936,950272,2097152,2097152,2162688,2162688,2162688,2162688,2162688,1114112,2228224,786432,1212416,851968,550502,498073,606208,550502,939349,402578,480597,753664,720896,502442,1048576,524288,513365,802816,1540096,770048,458752,1507328,1540096,1507328,3014656,3080192,1605632,1572864,1507328,1507328,1572864,1092266,835584,3473408,3538944,1802240,1802240,1835008,3670016,3473408,1769472,1179648,3407872,835584,1703936,3407872,1048576,873813,1441792,2359296,2031616,278528",3690,1770399,48,12,"1,1,1,2,1,1,1,1,1,1,1,2,1,3,2,3,5,5,4,5,3,7,6,4,4,6,3,6,6,4,2,4,2,2,2,2,1,1,2,2,2,2,2,3,4,1,1,2,2,2,1,1,2,3,1,4,2,1,3,3,2,1,1,4","471597,477963,497245,492761,455206,439590,451472,463210,478359,486899,506746,518599,528753,535334,543850,565201,572004,571669,585911,589627,603788,605813,599691,601961,608203,612452,622398,628612,624107,630261,625171,639665,571242,636883,644504,643517,653370,651197,656753,663125,654931,666190,674034,668008,676736,681796,694655,675434,686275,681577,683866,694603,690141,693763,669395,654506,631431,610439,595521,936894,909532,905349,877261,834822",5,1,3121,[object Object],5,1034.1038888888888,4,3600,1437755,3686400,2162688,313,,410,,
5,B,basic,straight,,,0.8.0,f4d10fd8,512,9,0,88,0,"0,0,0,1,3,3,3,3,3,6,11,15,19,22,25,23,23,27,28,26,29,37,31,36,40,38,38,41,42,40,44,40,14,48,48,46,47,48,46,48,48,48,49,45,48,46,47,46,44,43,44,42,40,39,40,36,29,24,15,4,0,0,0,0",20,50,0,27,6,86,2455,18989,"4,32",2072,"27,32",253,7,164,12,12386762,3598,[object Object],65536,1024,0,0,328,",,,65536,196608,196608,196608,196608,196608,131072,120149,140434,103765,131072,126030,167480,137029,160861,183500,170393,190054,242483,225735,393216,327680,355766,311296,537395,305834,655360,480597,524288,458752,1572864,786432,1004885,770048,1048576,3014656,3145728,1572864,1572864,802816,1474560,1048576,1004885,770048,1004885,720896,704512,576716,550502,524288,511180,655360,589824,380108,174762,122880,65536,,,,",3820,184497,5,8,"0,0,0,1,1,1,1,1,1,3,6,7,12,11,13,9,11,11,10,10,10,10,9,6,8,7,8,5,9,4,6,5,2,2,4,3,4,3,1,1,2,2,4,2,3,3,4,3,4,4,5,5,5,5,4,4,5,9,8,4,0,0,0,0","772305,794941,805380,473587,147997,340188,368116,393601,413370,438920,457445,471452,476745,486049,495601,499051,507325,510481,510263,520739,514331,523514,517197,518276,522301,516379,521704,525760,530308,517702,533838,520655,224960,548068,556774,558593,556546,562425,555096,565478,553527,560681,564596,558146,559631,554006,554672,557257,553435,553969,558541,553692,549700,545662,546174,532657,526383,529036,504311,1103590,1050988,1019202,984003,944160",5,1,17965,[object Object],5,1271.1727777777778,4,3600,3182556,3686400,196608,,false,631,,
5,B,basic,distributed,,,0.8.0,1af4b346,512,9,0,54,0,"23,26,29,31,32,33,33,33,33,34,34,34,34,34,34,34,34,34,34,35,38,37,38,41,36,40,41,40,38,42,38,40,14,45,45,44,44,46,45,48,49,49,50,51,51,52,54,55,53,52,52,53,51,51,53,49,50,46,44,39,40,36,31,17",19,50,0,63,6,35,-1,5036,"4,32",1944,"5,31",68,1,60,46,781376,3594,[object Object],65536,1024,0,0,1144,"1507328,1703936,1900544,2031616,2097152,2162688,2162688,2162688,2162688,2228224,2228224,2228224,2228224,2228224,2228224,2228224,2228224,2228224,2228224,1146880,830122,808277,622592,671744,786432,1310720,671744,655360,622592,550502,622592,873813,458752,737280,491520,961194,1441792,1004885,983040,786432,1070421,1605632,819200,3342336,3342336,1703936,1769472,901120,3473408,3407872,1135957,3473408,1114112,1671168,1736704,1605632,655360,1507328,1441792,511180,1310720,2359296,507904,557056",3401,1883689,51,13,"1,1,1,1,1,1,1,1,1,1,1,1,1,1,1,1,1,1,1,2,3,3,4,4,3,2,4,4,4,5,4,3,2,4,6,3,2,3,3,4,3,2,4,1,1,2,2,4,1,1,3,1,3,2,2,2,5,2,2,5,2,1,4,2","467850,498878,498289,496948,436499,449144,452053,461314,469874,466629,475924,473840,485284,487829,491448,509424,500078,520856,517426,536713,539170,533298,540919,538217,537565,544303,531611,537439,535388,534257,537088,539644,563451,627135,631715,630392,628106,636823,636741,641121,640563,647612,646551,649317,641487,655657,656818,647748,643495,653204,653496,656010,676715,678110,682371,660915,649481,625822,600297,914832,888938,894209,876539,826463",5,1,4012,[object Object],5,1038.8227777777777,4,3600,1318395,3686400,2162688,,true,631,,
5,B,basic,detour,,,0.8.0,216e49f1,512,9,0,38,0,"37,46,53,56,58,58,59,61,62,61,61,62,62,61,62,62,62,62,62,63,62,63,63,63,63,63,63,62,63,62,63,64,14,51,51,52,53,52,52,54,55,55,56,57,58,57,58,57,58,57,57,58,58,56,56,55,54,51,52,41,44,38,22,6",20,50,0,63,6,7,-1,4652,"4,32",2056,"5,31",764,1,662,62,417117,3592,[object Object],65536,1024,0,0,6289,"808277,1004885,1157802,1835008,3801088,3801088,3866624,3997696,4063232,3997696,3997696,4063232,4063232,3997696,4063232,2031616,4063232,4063232,4063232,4128768,4063232,4128768,4128768,4128768,4128768,4128768,4128768,4063232,4128768,4063232,4128768,4194304,458752,3342336,3342336,1703936,3473408,1703936,1703936,1769472,3604480,1802240,3670016,3735552,1900544,3735552,1900544,3735552,3801088,3735552,1867776,3801088,3801088,3670016,3670016,1802240,1179648,1671168,1135957,671744,1441792,622592,480597,131072",4031,2899869,78,14,"3,3,3,2,1,1,1,1,1,1,1,1,1,1,1,2,1,1,1,1,1,1,1,1,1,1,1,1,1,1,1,1,2,1,1,2,1,2,2,2,1,2,1,1,2,1,2,1,1,1,2,1,1,1,1,2,3,2,3,4,2,4,3,3","863102,908610,915075,892710,588033,583433,623398,635989,665136,690690,721980,737397,757126,789323,798432,823649,832860,855948,858711,877766,882110,874427,892481,887435,889060,880351,907340,878993,900251,890962,891669,901796,640415,845807,869764,860632,870114,864571,878620,865275,873507,878880,873500,881424,880070,870935,870701,861715,857559,846282,847533,840238,853986,840927,845476,846373,848036,843718,854103,970861,972938,972311,956635,912694",5,1,3628,[object Object],5,1041.4119444444445,4,3600,260436,3686400,3866624,,true,631,,
5,B,perturbation,distributed,1,1,0.8.0,4e7ac386,512,9,0,53,0,"22,25,29,29,32,33,33,33,34,34,34,34,34,34,34,34,34,34,34,34,34,35,34,36,40,36,38,41,40,40,41,39,14,43,44,45,46,47,46,48,46,51,51,52,50,52,51,53,51,55,53,52,52,51,51,49,49,48,44,38,39,35,29,11",19,50,0,63,6,36,-1,4972,"4,32",1936,"5,31",56,1,158,47,723930,3594,[object Object],65536,1024,0,0,1151,"1441792,1638400,1900544,950272,2097152,2162688,2162688,2162688,2228224,2228224,2228224,2228224,2228224,2228224,2228224,2228224,2228224,2228224,2228224,2228224,2228224,1146880,2228224,786432,873813,786432,622592,671744,2621440,655360,895658,511180,458752,939349,1441792,1474560,602931,3080192,1004885,1572864,602931,835584,1671168,3407872,1638400,3407872,3342336,868352,1114112,1802240,1157802,1703936,3407872,1671168,1114112,1605632,802816,1048576,1441792,830122,1277952,764586,1900544,360448",3387,1826613,49,13,"1,1,1,2,1,1,1,1,1,1,1,1,1,1,1,1,1,1,1,1,1,2,1,3,3,3,4,4,1,4,3,5,2,3,2,2,5,1,3,2,5,4,2,1,2,1,1,4,3,2,3,2,1,2,3,2,4,3,2,3,2,3,1,2","469792,487869,491236,499722,438589,447871,453322,458306,470910,468497,467731,475022,480575,491458,495639,495512,510205,512687,522058,518241,524071,517714,516346,522675,515060,520218,516706,513320,517809,508300,514329,518105,562106,602914,610128,609619,616254,627238,621652,608202,625752,622777,617871,628918,632723,638157,620024,640177,625026,647186,635730,654547,647976,669165,670155,649787,633918,609571,600993,912731,889109,894313,880462,831830",5,1,3948,[object Object],5,1038.8347222222221,4,3600,1355176,3686400,2162688,278,,631,,
5,B,perturbation,distributed,1,2,0.8.0,6cff8026,512,9,0,53,0,"22,26,29,31,32,33,33,33,33,34,34,33,34,34,34,34,34,34,34,34,35,39,36,38,36,38,40,38,38,41,39,39,14,43,44,44,47,46,48,47,47,51,49,51,51,53,53,53,55,52,52,53,51,51,50,51,51,49,45,40,40,37,31,12",19,50,0,63,6,36,-1,5100,"4,32",1952,"5,31",79,1,64,47,831577,3594,[object Object],65536,1024,0,0,1160,"1441792,1703936,1900544,2031616,2097152,2162688,2162688,2162688,2162688,2228224,2228224,2162688,2228224,2228224,2228224,2228224,2228224,2228224,2228224,2228224,1146880,638976,1179648,830122,786432,622592,1310720,622592,830122,537395,851968,425984,458752,939349,961194,1441792,1540096,753664,786432,1540096,3080192,1114112,3211264,1114112,1114112,1736704,3473408,1157802,1802240,1135957,1135957,1736704,1671168,3342336,3276800,1114112,1671168,1605632,1474560,873813,2621440,2424832,677205,196608",3412,1818278,49,13,"1,1,1,1,1,1,1,1,1,1,1,1,1,1,1,1,1,1,1,1,2,4,2,3,3,4,2,4,3,5,3,6,2,3,3,2,2,4,4,2,1,3,1,3,3,2,1,3,2,3,3,2,2,1,1,3,2,2,2,3,1,1,3,4","466034,493589,494585,505930,439996,444818,450570,460151,460781,475089,466583,479206,477504,483443,486312,486290,507348,500265,511945,513468,519314,521286,507881,517054,518133,516659,516158,515188,510109,514402,514686,517496,556485,607765,606630,605630,619571,608756,616673,611733,631280,630764,626544,621865,634756,624978,638987,638020,643262,647443,650741,656036,658893,680302,678519,660635,646283,618342,609539,924348,901987,904206,885215,841524",5,1,4076,[object Object],5,1038.8072222222222,4,3600,1358467,3686400,2162688,303,,631,,
5,B,perturbation,distributed,1,3,0.8.0,d7ec405b,512,9,0,56,0,"22,25,28,31,32,32,33,33,33,34,34,34,34,34,35,35,37,38,37,42,44,40,43,40,41,41,46,43,45,46,48,46,14,46,46,46,46,46,46,48,47,46,47,48,47,49,52,52,51,52,53,52,52,51,51,51,48,48,44,39,41,35,24,6",19,50,0,63,6,37,-1,4944,"4,32",1944,"5,31",74,1,60,44,698884,3593,[object Object],65536,1024,0,0,1086,"1441792,1638400,1835008,2031616,2097152,2097152,2162688,2162688,2162688,2228224,2228224,2228224,2228224,2228224,1146880,1146880,606208,830122,606208,917504,720896,655360,704512,655360,671744,537395,753664,402578,589824,602931,1572864,602931,458752,1507328,3014656,1507328,1004885,1507328,1507328,3145728,1540096,1507328,1540096,3145728,1540096,1070421,3407872,3407872,1114112,1703936,1736704,1703936,3407872,3342336,3342336,1114112,1572864,786432,1441792,638976,895658,764586,524288,393216",3577,1850258,50,12,"1,1,1,1,1,1,1,1,1,1,1,1,1,1,2,2,4,3,4,3,4,4,4,4,4,5,4,7,5,5,2,5,2,2,1,2,3,2,2,1,2,2,2,1,2,3,1,1,3,2,2,2,1,1,1,3,2,4,2,4,3,3,3,1","465650,489517,489099,502438,434860,441351,451617,460304,467645,485374,496521,506071,518276,533564,544652,556551,561985,567200,590070,597386,594281,593974,597523,587242,606366,601275,606296,608181,611337,613073,618542,611878,567957,625576,626769,622629,628712,639931,622617,651487,627124,644610,652820,650966,665429,656383,661905,653177,664602,655897,667983,664561,675727,674624,660896,639648,607932,592882,581051,911746,907336,898187,884032,837502",5,1,3920,[object Object],5,1037.8569444444445,4,3600,1365175,3686400,2162688,354,,631,,
5,B,perturbation,distributed,1,4,0.8.0,cd3511b0,512,9,0,54,0,"22,26,28,30,32,32,32,33,33,33,33,33,34,34,34,34,34,34,34,34,35,35,37,39,39,40,39,37,42,38,39,42,14,47,47,47,49,50,49,51,50,52,54,54,53,54,53,54,55,55,53,54,53,54,53,53,52,49,49,40,42,36,31,21",19,50,0,63,6,36,-1,5144,"4,32",1948,"5,31",180,1,170,46,869880,3594,[object Object],65536,1024,0,0,1192,"1441792,1703936,1835008,1966080,2097152,2097152,2097152,2162688,2162688,2162688,2162688,2162688,2228224,2228224,2228224,2228224,2228224,2228224,2228224,2228224,1146880,2293760,808277,638976,511180,524288,638976,484966,550502,830122,638976,688128,458752,1026730,770048,1026730,1070421,1638400,3211264,1671168,1638400,1703936,1179648,1769472,1736704,1769472,1736704,1769472,3604480,1201493,1157802,3538944,3473408,3538944,1736704,3473408,1703936,1070421,802816,1310720,1376256,2359296,2031616,344064",3414,1819350,49,13,"1,1,1,1,1,1,1,1,1,1,1,1,1,1,1,1,1,1,1,1,2,1,3,4,5,5,4,5,5,3,4,4,2,3,4,3,3,2,1,2,2,2,3,2,2,2,2,2,1,3,3,1,1,1,2,1,2,3,4,2,2,1,1,4","481139,486062,494017,499294,428990,436231,445014,445632,451523,458715,465801,460697,470875,474777,480166,484264,489848,497737,499437,507585,513953,516988,509502,510541,510488,512968,516726,514344,516557,512400,513822,503809,576451,627559,647183,633176,630004,645331,634061,633645,622400,644251,636300,634652,645862,646300,641776,640536,653266,647444,657502,675703,670473,680909,687236,673666,657442,637431,630172,916708,900601,888391,864867,842164",5,1,4120,[object Object],5,1040.5033333333333,4,3600,1352236,3686400,2097152,256,,631,,
5,B,perturbation,distributed,1,5,0.8.0,be91b32c,512,9,0,57,0,"22,27,29,30,32,32,33,33,33,33,34,34,34,34,37,37,37,38,38,43,42,42,44,47,45,42,47,47,48,49,49,48,14,48,47,46,47,48,47,46,47,46,49,52,53,54,53,54,54,54,52,54,55,52,53,51,51,48,48,39,40,34,27,9",19,50,0,63,6,36,-1,4880,"4,32",1932,"5,31",63,1,61,43,641559,3593,[object Object],65536,1024,0,0,1085,"1441792,1769472,1900544,1966080,2097152,2097152,2162688,2162688,2162688,2162688,2228224,2228224,2228224,2228224,606208,808277,1212416,830122,830122,939349,458752,688128,720896,513365,589824,458752,616038,513365,524288,1070421,642252,1048576,458752,1572864,1540096,1507328,1540096,1572864,1540096,3014656,3080192,1507328,802816,1135957,1157802,1179648,1736704,3538944,1179648,1769472,1703936,1769472,3604480,3407872,1736704,1671168,3342336,1048576,3145728,1277952,2621440,2228224,442368,196608",3639,1852647,50,12,"1,1,1,1,1,1,1,1,1,1,1,1,1,1,4,3,2,3,3,3,6,4,4,6,5,6,5,6,6,3,5,3,2,2,2,2,2,2,2,1,1,2,4,3,3,3,2,1,3,2,2,2,1,1,2,2,1,3,1,2,1,1,4,3","466874,488486,486620,505572,438760,438306,453535,457360,472672,487968,499202,508493,527261,532006,545010,552383,566528,579942,577692,602050,591445,600657,589867,600903,596881,602852,600166,602567,612503,600372,627114,609813,572737,639209,636597,636786,650534,651611,641336,667818,655247,665047,668058,664019,679447,681387,676701,672670,675997,677876,679551,690527,687843,695108,665539,654953,626099,605668,600056,922158,898225,898464,880611,825951",5,1,3856,[object Object],5,1037.8725,4,3600,1363498,3686400,2162688,342,,631,,
5,B,perturbation,distributed,1,6,0.8.0,96a2a6cf,512,9,0,54,0,"21,26,28,31,32,32,32,34,34,34,33,33,34,34,34,34,34,34,34,34,34,33,33,39,38,38,37,41,41,42,40,43,14,45,46,46,47,48,50,48,49,50,49,51,52,52,54,53,53,54,52,53,53,51,54,51,51,48,46,38,42,36,30,17",19,50,0,63,6,36,-1,5196,"4,32",1952,"5,31",68,1,66,46,917594,3594,[object Object],65536,1024,0,0,1193,"1376256,1703936,1835008,2031616,2097152,2097152,2097152,2228224,2228224,2228224,2162688,2162688,2228224,2228224,2228224,2228224,2228224,2228224,2228224,2228224,2228224,2162688,2162688,851968,622592,622592,606208,671744,1343488,1376256,655360,704512,458752,1474560,1004885,1507328,770048,1048576,1638400,786432,802816,1092266,802816,1671168,1135957,851968,1769472,1157802,1736704,1179648,1703936,868352,1157802,1671168,3538944,1114112,1671168,786432,3014656,830122,2752512,1179648,1966080,185685",3390,1815531,49,14,"1,1,1,1,1,1,1,1,1,1,1,1,1,1,1,1,1,1,1,1,1,1,1,3,4,4,4,4,2,2,4,4,2,2,3,2,4,3,2,4,4,3,4,2,3,4,2,3,2,3,2,4,3,2,1,3,2,4,1,3,1,2,1,6","467449,489773,501691,508446,431229,443155,448180,448732,462112,461290,470033,466329,478120,477353,479745,484255,496377,491510,502495,504787,515365,503249,499643,504605,509544,504068,504100,502288,503106,502867,489054,501160,550195,610822,620573,624247,620008,622317,619783,627201,625205,623688,633489,633923,637199,640884,634075,635978,627214,637456,640046,646986,656997,671240,667048,660459,642019,623094,611625,909817,889983,895854,864437,824935",5,1,4172,[object Object],5,1039.7727777777777,4,3600,1353627,3686400,2097152,267,,631,,
5,B,perturbation,distributed,1,7,0.8.0,32c914ff,512,9,0,54,0,"22,24,29,30,33,33,33,33,34,33,34,34,34,34,34,34,34,34,34,34,35,36,39,41,39,41,42,42,40,39,42,40,14,46,48,46,46,47,49,52,52,53,52,52,52,54,54,54,54,55,53,54,55,53,53,49,51,47,46,40,40,40,32,20",19,50,0,63,6,36,-1,5076,"4,32",1940,"5,31",70,1,62,46,813639,3594,[object Object],65536,1024,0,0,1179,"1441792,1572864,1900544,1966080,2162688,2162688,2162688,2162688,2228224,2162688,2228224,2228224,2228224,2228224,2228224,2228224,2228224,2228224,2228224,2228224,1146880,1179648,638976,671744,638976,671744,917504,550502,524288,851968,1376256,655360,458752,1507328,786432,1004885,1004885,1540096,1605632,1703936,1135957,1736704,1703936,1703936,1703936,3538944,3538944,884736,3538944,3604480,1736704,1769472,3604480,1736704,3473408,1605632,1114112,1026730,753664,655360,2621440,873813,1048576,327680",3440,1857260,50,13,"1,1,1,1,1,1,1,1,1,1,1,1,1,1,1,1,1,1,1,1,2,2,4,4,4,4,3,5,5,3,2,4,2,2,4,3,3,2,2,2,3,2,2,2,2,1,1,4,1,1,2,2,1,2,1,2,3,3,4,4,1,3,2,4","472986,483917,494359,503085,439834,440635,450484,455517,460960,465804,466375,470225,479410,484681,493959,497762,505955,513156,519427,524134,526701,523995,510048,523023,518566,527001,514194,521206,508822,516070,511945,511146,557007,643079,637743,636685,644517,648112,641096,648059,655879,650225,660073,656075,648821,655815,660118,650982,653596,677642,666917,680060,695366,698133,691071,681592,657905,632549,624804,921288,898591,896309,875082,835578",5,1,4052,[object Object],5,1038.8133333333333,4,3600,1329958,3686400,2162688,87,,631,,
5,B,perturbation,distributed,1,8,0.8.0,235fbade,512,9,0,56,0,"21,26,28,30,32,32,33,33,33,34,34,34,34,34,37,38,40,38,40,43,43,41,45,42,44,44,46,45,48,48,47,48,14,46,44,46,47,47,47,46,48,47,48,46,50,51,53,52,54,54,54,55,53,51,50,48,48,49,47,38,42,34,28,7",19,50,0,63,6,37,-1,5000,"4,32",1948,"5,31",77,1,65,44,749094,3594,[object Object],65536,1024,0,0,1084,"1376256,851968,1835008,1966080,2097152,2097152,2162688,2162688,2162688,2228224,2228224,2228224,2228224,2228224,808277,498073,655360,622592,655360,469674,563609,383853,737280,458752,961194,480597,602931,737280,1572864,786432,616038,629145,458752,1004885,2883584,3014656,3080192,3080192,1540096,3014656,3145728,1026730,3145728,1507328,655360,1114112,1157802,3407872,1769472,3538944,1769472,1802240,1736704,1671168,819200,1572864,1048576,1070421,3080192,1245184,1376256,1114112,917504,458752",3630,1812495,49,13,"1,2,1,1,1,1,1,1,1,1,1,1,1,1,3,5,4,4,4,6,5,7,4,6,3,6,5,4,2,4,5,5,2,3,1,1,1,1,2,1,1,3,1,2,5,3,3,1,2,1,2,2,2,2,4,2,3,3,1,2,2,2,2,1","474908,489558,496909,509335,426533,448903,449623,465484,475512,481644,500135,508224,519598,529712,542710,546926,554841,575273,565054,595703,571496,599116,582910,593374,588521,597380,600587,600250,600121,604821,592460,605794,567086,622236,616188,631890,619405,641829,641221,641438,640675,654877,649880,656162,651267,662468,661474,671451,661360,672254,668915,673342,685004,676102,663635,636892,621413,596049,583155,912602,901293,914846,880617,838993",5,1,3976,[object Object],5,1038.826111111111,4,3600,1391650,3686400,2162688,555,,631,,
5,B,perturbation,distributed,1,9,0.8.0,6be1e5b8,512,9,0,54,0,"21,25,28,30,32,32,33,33,33,33,33,34,34,34,34,34,34,34,34,34,33,35,36,37,37,39,40,38,38,39,37,41,14,44,45,46,47,49,48,49,51,53,49,54,52,52,54,54,54,54,52,54,53,51,54,51,48,49,48,38,42,38,34,21",19,50,0,63,6,36,-1,5112,"4,32",1944,"5,31",73,1,65,46,842309,3594,[object Object],65536,1024,0,0,1190,"688128,1638400,917504,1966080,2097152,2097152,2162688,2162688,2162688,2162688,2162688,2228224,2228224,2228224,2228224,2228224,2228224,2228224,2228224,2228224,2162688,2293760,1179648,808277,606208,851968,655360,622592,622592,511180,606208,671744,458752,1441792,1474560,1004885,1540096,1605632,786432,1605632,1114112,1736704,1605632,884736,1703936,1135957,1769472,1769472,1769472,1179648,1703936,1769472,868352,1114112,884736,1114112,3145728,1605632,3145728,1245184,917504,1245184,1114112,688128",3432,1805410,48,14,"2,1,2,1,1,1,1,1,1,1,1,1,1,1,1,1,1,1,1,1,1,1,2,3,4,3,4,4,4,5,4,4,2,2,2,3,2,2,4,2,3,2,2,4,2,3,2,2,2,3,2,2,4,3,4,3,1,2,1,2,3,2,2,2","474366,484009,489073,497142,431643,440966,438335,450919,462449,456360,462491,465013,476739,473923,483325,484642,493323,504632,503844,507253,506096,508699,499947,506079,505503,509672,503671,506797,505709,502145,501696,498586,550602,613916,624855,620142,621752,627248,624122,622279,634294,615847,630169,636732,626687,625894,638414,623225,640946,636223,643471,652833,663647,675265,678380,663191,640933,616925,611151,906499,882995,887765,866088,825856",5,1,4088,[object Object],5,1038.8041666666666,4,3600,1361656,3686400,2162688,328,,631,,
5,B,perturbation,distributed,1,10,0.8.0,a992a856,512,9,0,57,0,"20,24,27,30,31,33,33,33,33,34,34,35,35,36,36,39,40,40,42,39,42,44,43,44,46,47,44,48,48,47,48,46,14,46,46,47,46,46,48,46,48,47,46,49,51,52,52,52,53,55,54,55,54,54,51,53,51,49,48,39,43,38,30,17",19,50,0,63,6,37,-1,4972,"4,32",1948,"5,31",201,1,156,43,723916,3594,[object Object],65536,1024,0,0,1081,"1310720,786432,1769472,983040,2031616,2162688,2162688,2162688,2162688,2228224,2228224,1146880,1146880,1179648,1179648,851968,436906,436906,1376256,511180,550502,576716,469674,576716,502442,616038,720896,524288,1048576,616038,629145,502442,458752,1004885,3014656,1540096,1507328,3014656,3145728,3014656,3145728,3080192,1507328,802816,1671168,1135957,1703936,1135957,1736704,1802240,3538944,1802240,3538944,1769472,3342336,1157802,1671168,1605632,3145728,638976,1409024,830122,491520,278528",3648,1828525,49,12,"1,2,1,2,1,1,1,1,1,1,1,2,2,2,2,3,6,6,2,5,5,5,6,5,6,5,4,6,3,5,5,6,2,3,1,2,2,1,1,1,1,1,2,4,2,3,2,3,2,2,1,2,1,2,1,3,2,2,1,4,2,3,4,4","465489,476144,490516,498560,424551,443250,449621,455615,469496,483980,492284,509314,520476,527399,540641,547715,559642,566490,581150,583513,590310,592621,588489,606866,592251,607840,604385,610770,619721,604904,640669,619251,577132,631055,646620,632087,648267,643939,662051,667123,661315,662884,671450,664213,666803,682835,683478,681805,667866,683532,681211,683899,694248,695310,670543,655539,636835,613019,603400,928977,915286,917023,895226,829596",5,1,3948,[object Object],5,1038.8344444444444,4,3600,1382470,3686400,2162688,486,,631,,
6,B,basic,straight,,,0.8.0,0340585d,65536,1,4096,95,0,"0,0,0,1,3,3,3,3,3,3,3,3,3,3,3,3,3,3,3,3,3,3,3,3,3,3,3,3,3,3,6,8,1,3,3,3,3,3,3,3,3,4,4,4,4,5,5,5,5,5,5,5,5,5,5,5,5,5,5,0,0,0,0,0",46,58,0,31,63,93,2288,4608,"31,31",4608,"31,31",374,1,374,5,0,0,[object Object],65536,1024,0,0,247,",,,65536,196608,196608,196608,196608,196608,196608,196608,196608,196608,196608,196608,196608,196608,196608,196608,196608,196608,196608,196608,196608,196608,196608,196608,196608,196608,196608,393216,524288,65536,196608,196608,196608,196608,196608,196608,196608,196608,262144,262144,262144,262144,327680,327680,327680,327680,327680,327680,327680,327680,327680,327680,327680,327680,327680,327680,,,,,",243,0,0,6,"0,0,0,1,1,1,1,1,1,1,1,1,1,1,1,1,1,1,1,1,1,1,1,1,1,1,1,1,1,1,1,1,1,1,1,1,1,1,1,1,1,1,1,1,1,1,1,1,1,1,1,1,1,1,1,1,1,1,1,0,0,0,0,0",",,,0,12967,15628,18728,21201,23235,24958,26562,27930,29237,30356,31436,32356,33251,34109,34844,35565,36256,36839,37397,37964,39590,40103,40070,40284,40686,42882,63057,81240,0,14717,19330,22659,25740,28120,30399,32807,34931,36940,39928,41816,43708,46032,47925,51069,52944,53200,51280,51551,51884,52148,52448,52666,52943,53121,53376,,,,,",5,1,3140,[object Object],5,1038.0897222222222,4,3600,3441606,3686400,196608,,false,32,,
6,B,basic,distributed,,,0.8.0,861f1b5d,65536,1,4096,95,0,"0,0,0,1,9,10,10,12,13,14,15,16,16,16,15,16,16,17,15,14,13,13,11,7,7,7,7,7,7,7,10,12,6,6,6,6,6,6,6,6,6,8,8,10,12,14,16,18,18,19,19,18,19,18,16,15,16,15,14,8,12,10,8,3",38,58,0,63,6,88,2476,4148,"4,32",3880,"60,34",1779,1,31,5,0,0,[object Object],65536,1024,0,0,451,",,,65536,589824,655360,655360,786432,851968,917504,983040,524288,524288,524288,491520,524288,524288,557056,491520,458752,425984,425984,360448,229376,229376,229376,229376,229376,229376,229376,327680,393216,196608,196608,196608,196608,196608,196608,196608,196608,196608,262144,262144,218453,393216,458752,524288,589824,589824,622592,622592,589824,1245184,1179648,1048576,983040,1048576,983040,917504,262144,786432,655360,524288,196608",800,0,0,11,"0,0,0,1,1,1,1,1,1,1,1,2,2,2,2,2,2,2,2,2,2,2,2,2,2,2,2,2,2,2,2,2,2,2,2,2,2,2,2,2,2,2,2,3,2,2,2,2,2,2,2,2,1,1,1,1,1,1,1,2,1,1,1,1",",,,149445,118381,147456,169647,190071,223507,245086,266132,286474,313174,336994,357575,379823,397924,427809,455274,462855,451631,495903,584156,608191,609672,609587,609538,609457,609373,610463,665620,622455,619505,620690,620697,620703,620647,620717,620758,620730,620737,620680,620785,606425,532341,493428,459076,436359,412507,394378,359414,341923,326107,291217,277034,258186,232621,243084,221756,228200,153774,128576,103078,69175",5,1,3124,[object Object],5,1034.1030555555556,4,3600,3248623,3686400,655360,,true,32,,
6,B,basic,detour,,,0.8.0,4a12443f,65536,1,4096,94,0,"0,0,0,2,8,9,10,12,13,14,13,14,14,15,15,15,15,15,15,13,12,11,10,6,5,5,5,5,5,5,5,5,5,5,5,5,5,5,5,5,5,5,6,9,10,12,13,15,16,16,16,16,16,16,16,16,16,15,14,8,12,10,8,2",49,58,0,63,6,85,2564,4948,"60,34",4948,"60,34",1594,1,1594,6,0,0,[object Object],65536,1024,0,0,553,",,,131072,524288,589824,655360,786432,851968,917504,851968,917504,917504,983040,983040,983040,983040,983040,983040,851968,786432,720896,655360,393216,327680,327680,327680,327680,327680,327680,327680,327680,327680,327680,327680,327680,327680,327680,327680,327680,327680,327680,196608,589824,655360,786432,851968,983040,1048576,1048576,1048576,1048576,1048576,1048576,1048576,1048576,1048576,983040,917504,262144,786432,655360,524288,131072",717,2786,0,14,"0,0,0,1,1,1,1,1,1,1,1,1,1,1,1,1,1,1,1,1,1,1,1,1,1,1,1,1,1,1,1,1,1,1,1,1,1,1,1,1,1,1,2,1,1,1,1,1,1,1,1,1,1,1,1,1,1,1,1,2,1,1,1,1",",,,141989,130291,152296,165584,179506,209074,215768,212424,216352,241648,240487,224323,224895,249523,250241,232200,212409,199984,180127,140462,108367,105776,105583,105440,105312,105218,105124,105048,104960,104007,104770,104678,104599,104498,104421,104328,104225,104119,104054,109800,150184,177802,202752,232558,242273,253290,270136,251071,255739,269168,250102,258388,271585,253201,256048,240409,231776,163936,142068,114025,60008",5,1,3123,[object Object],5,1034.1022222222223,4,3600,3157677,3686400,655360,,true,32,,
6,B,perturbation,distributed,1,1,0.8.0,ce11c49b,65536,1,4096,95,0,"0,0,0,3,9,10,11,12,13,15,16,16,17,16,16,16,18,16,15,15,12,10,8,7,7,7,7,7,7,7,10,12,6,6,6,6,6,6,6,6,6,8,10,12,14,15,17,17,18,18,18,19,18,17,16,14,15,15,14,7,11,10,8,3",36,58,0,63,6,88,2471,4148,"4,32",3692,"60,34",1750,1,29,5,0,0,[object Object],65536,1024,0,0,446,",,,98304,589824,655360,720896,786432,851968,983040,1048576,524288,557056,524288,524288,524288,589824,524288,491520,491520,393216,327680,262144,229376,229376,229376,229376,229376,229376,229376,327680,393216,196608,196608,196608,196608,196608,196608,196608,196608,196608,262144,327680,393216,458752,491520,557056,557056,589824,589824,589824,622592,1179648,1114112,1048576,917504,983040,983040,917504,229376,720896,655360,524288,196608",803,0,0,11,"0,0,0,2,1,1,1,1,1,1,1,2,2,2,2,2,2,2,2,2,2,2,2,2,2,2,2,2,2,2,2,2,2,2,2,2,2,2,2,2,2,2,2,2,2,2,2,2,2,2,2,2,1,1,1,1,1,1,1,2,1,1,1,1",",,,134097,119116,147397,171460,207085,225919,247713,282248,300286,324385,353588,372376,383675,415571,448520,445610,460357,502739,570795,590304,605412,606149,606106,606106,606202,606256,607102,661318,618032,615911,617576,617592,617643,617338,617300,617208,617261,617275,617327,606468,524341,483167,454016,434453,413458,388477,371779,351765,319895,306071,287459,253375,233287,234668,233655,199310,216171,159717,131592,104677,62762",5,1,3124,[object Object],5,1034.1027777777779,4,3600,3253631,3686400,720896,15,,32,,
6,B,perturbation,distributed,1,2,0.8.0,e79b4a0c,65536,1,4096,95,0,"0,0,0,1,9,10,10,11,13,14,15,15,15,16,16,17,15,15,15,15,15,14,10,8,7,7,7,7,7,7,10,12,6,6,6,6,6,6,6,6,6,8,8,10,13,14,15,18,19,20,19,19,19,18,17,15,16,16,14,8,12,10,8,3",38,58,0,63,6,88,2472,4148,"4,32",3801,"60,34",1449,1,31,5,0,0,[object Object],65536,1024,0,0,447,",,,65536,589824,655360,655360,720896,851968,917504,983040,491520,491520,524288,524288,557056,491520,491520,491520,491520,491520,458752,327680,262144,229376,229376,229376,229376,229376,229376,327680,393216,196608,196608,196608,196608,196608,196608,196608,196608,196608,262144,262144,327680,425984,458752,491520,589824,622592,655360,622592,622592,622592,1179648,1114112,983040,1048576,1048576,917504,262144,786432,655360,524288,196608",816,0,0,11,"0,0,0,1,1,1,1,1,1,1,1,2,2,2,2,2,2,2,2,2,2,2,2,2,2,2,2,2,2,2,2,2,2,2,2,2,2,2,2,2,2,2,2,2,2,2,2,2,2,2,2,2,2,1,1,1,1,1,1,2,1,1,1,1",",,,146712,116332,145307,169699,188737,207448,240559,263393,283833,302600,322231,344133,370430,394959,417390,437196,440044,459340,500180,560828,580901,597942,598719,598719,598719,598719,599697,655938,615317,608930,610290,610296,609936,609943,609950,609957,609963,609970,609977,609984,591807,502278,480482,461435,441046,425390,389987,370318,350964,321908,303610,269377,257766,247962,240469,218310,230819,150986,126213,100227,62125",5,1,3124,[object Object],5,1034.1030555555556,4,3600,3252707,3686400,655360,12,,32,,
6,B,perturbation,distributed,1,3,0.8.0,7b0b0f7b,65536,1,4096,92,0,"0,0,0,0,7,8,10,12,13,14,16,17,17,18,17,17,17,18,17,16,15,13,11,9,9,9,9,9,9,10,12,14,6,6,7,7,7,7,7,7,7,7,7,10,11,12,14,17,17,16,16,16,16,16,15,14,15,14,13,6,10,9,7,1",73,58,0,63,6,87,2496,7339,"31,30",7339,"31,30",1878,2,1878,8,0,0,[object Object],65536,1024,0,0,475,",,,,458752,524288,655360,786432,851968,917504,1048576,1114112,557056,589824,557056,557056,557056,589824,557056,524288,491520,425984,360448,294912,294912,294912,294912,294912,294912,327680,393216,458752,196608,196608,229376,229376,229376,229376,229376,229376,229376,229376,229376,327680,360448,393216,458752,557056,557056,524288,524288,524288,524288,524288,983040,917504,983040,917504,851968,196608,655360,589824,458752,65536",894,0,0,12,"0,0,0,0,1,1,1,1,1,1,1,1,2,2,2,2,2,2,2,2,2,2,2,2,2,2,2,2,2,2,2,2,2,2,2,2,2,2,2,2,2,2,2,2,2,2,2,2,2,2,2,2,2,2,1,1,1,1,1,2,1,1,1,1",",,,134097,118506,147206,170769,205874,224918,248005,282126,304912,329879,359062,381783,398763,412120,456130,481287,477157,495444,554752,617739,632031,632193,631737,631301,631057,632842,641829,602496,590689,640497,644751,645843,645977,646383,648344,648713,649014,649529,650869,642187,568966,518410,489990,465526,445883,426073,401806,377097,345691,332533,312673,278862,271047,256279,245007,218018,233929,150614,125392,98727,61968",5,1,3123,[object Object],5,1034.1030555555556,4,3600,3227828,3686400,655360,64,,32,,
6,B,perturbation,distributed,1,4,0.8.0,3bf21a6a,65536,1,4096,93,0,"0,0,0,0,7,9,10,11,13,14,16,17,16,17,17,17,18,17,16,16,14,11,10,9,9,9,9,9,9,11,13,16,6,6,7,7,7,7,7,7,7,7,7,12,13,15,17,18,19,17,18,18,17,16,16,13,13,14,12,6,11,10,8,2",55,58,0,63,6,88,2476,5568,"31,34",5568,"31,34",1289,2,1289,7,0,0,[object Object],65536,1024,0,0,452,",,,,458752,589824,655360,720896,851968,917504,1048576,1114112,524288,557056,557056,557056,589824,557056,524288,524288,458752,360448,327680,294912,294912,294912,294912,294912,294912,360448,425984,524288,196608,196608,229376,229376,229376,229376,229376,229376,229376,229376,229376,393216,425984,491520,557056,589824,622592,557056,589824,589824,1114112,1048576,1048576,851968,851968,917504,786432,196608,720896,655360,524288,131072",854,0,0,11,"0,0,0,0,1,1,1,1,1,1,1,1,2,2,2,2,2,2,2,2,2,2,2,2,2,2,2,2,2,2,2,2,2,2,2,2,2,2,2,2,2,2,2,2,2,2,2,2,2,2,2,2,1,1,1,1,1,1,1,2,1,1,1,1",",,,145994,114139,144035,168683,192027,222826,245177,268683,291967,313785,345508,362771,376425,411973,445373,467221,465616,494585,556129,597304,614673,616241,616776,617251,617587,619645,660630,668852,597258,616818,619875,619003,618514,617484,617106,616436,615630,615009,614569,613992,581713,498512,475184,453547,437173,400756,372661,360888,337962,304217,290658,268675,234763,228667,228457,197223,219188,156050,129276,103080,63294",5,1,3124,[object Object],5,1034.1025,4,3600,3248435,3686400,655360,0,,32,,
6,B,perturbation,distributed,1,5,0.8.0,e43ad939,65536,1,4096,92,0,"0,0,0,0,7,9,11,12,13,15,16,17,18,17,17,18,18,17,17,15,14,12,9,9,9,9,9,9,9,10,12,14,6,6,7,7,7,7,7,7,7,7,9,10,12,13,14,16,16,15,16,16,17,15,15,15,14,14,13,6,10,10,7,2",73,58,0,63,6,87,2496,7390,"31,30",7390,"31,30",958,2,958,8,0,0,[object Object],65536,1024,0,0,474,",,,,458752,589824,720896,786432,851968,983040,1048576,1114112,589824,557056,557056,589824,589824,557056,557056,491520,458752,393216,294912,294912,294912,294912,294912,294912,294912,327680,393216,458752,196608,196608,229376,229376,229376,229376,229376,229376,229376,229376,294912,327680,393216,425984,458752,524288,524288,491520,524288,524288,557056,491520,983040,983040,917504,917504,851968,196608,655360,655360,458752,131072",906,0,0,12,"0,0,0,0,1,1,1,1,1,1,1,1,2,2,2,2,2,2,2,2,2,2,2,2,2,2,2,2,2,2,2,2,2,2,2,2,2,2,2,2,2,2,2,2,2,2,2,2,2,2,2,2,2,2,1,1,1,1,1,2,1,1,1,1",",,,134998,117709,150612,189268,208460,229365,263904,286096,309318,343238,363078,378020,418352,450589,461301,486578,497536,520638,591370,623819,627457,627012,626560,626137,625485,627566,635635,590908,576890,637403,641388,641759,642473,642838,644720,645000,645542,645821,645855,633473,563656,526401,485830,467881,445812,422053,391836,365678,359074,334827,299021,290156,265987,238667,248638,220906,230860,153011,127170,100882,61053",5,1,3120,[object Object],5,1034.1036111111111,4,3600,3228367,3686400,720896,62,,32,,
6,B,perturbation,distributed,1,6,0.8.0,d7532a3a,65536,1,4096,93,0,"0,0,0,0,7,9,10,11,12,13,16,17,17,16,16,16,17,17,18,16,15,14,12,10,9,9,9,9,9,11,13,16,6,6,7,7,7,7,7,7,7,7,7,7,11,13,14,17,17,18,18,17,18,15,14,14,12,13,14,6,10,10,8,2",52,58,0,63,6,88,2478,5292,"31,34",5292,"31,34",882,2,882,7,0,0,[object Object],65536,1024,0,0,454,",,,,458752,589824,655360,720896,786432,851968,1048576,1114112,557056,524288,524288,524288,557056,557056,589824,524288,491520,458752,393216,327680,294912,294912,294912,294912,294912,360448,425984,524288,196608,196608,229376,229376,229376,229376,229376,229376,229376,229376,229376,229376,360448,425984,458752,557056,557056,589824,589824,371370,1179648,983040,917504,917504,786432,851968,917504,196608,655360,655360,524288,131072",862,0,0,11,"0,0,0,0,1,1,1,1,1,1,1,1,2,2,2,2,2,2,2,2,2,2,2,2,2,2,2,2,2,2,2,2,2,2,2,2,2,2,2,2,2,2,2,2,2,2,2,2,2,2,2,3,1,1,1,1,1,1,1,2,1,1,1,1",",,,143513,112963,143033,167862,188558,206380,227939,261519,285359,306688,327007,347001,370079,395892,404203,438705,469000,483126,522446,565555,582483,598548,600056,600608,600884,602963,642564,666510,612227,602589,605927,605512,604395,603978,603664,603360,602303,601912,600883,601129,598907,547053,476650,448821,438150,408804,391625,368168,337497,318695,284769,269364,251547,223566,232306,216656,227888,152243,127035,101498,69912",5,1,3123,[object Object],5,1034.1033333333332,4,3600,3246930,3686400,655360,5,,32,,
6,B,perturbation,distributed,1,7,0.8.0,35046ea3,65536,1,4096,93,0,"0,0,0,1,7,9,10,12,13,14,16,17,17,17,17,17,17,17,18,15,14,12,9,9,9,9,9,9,10,11,13,16,6,6,7,7,7,7,7,7,7,7,8,11,13,14,16,16,17,17,16,16,17,16,13,13,14,13,12,6,11,9,7,2",55,58,0,63,6,87,2482,5520,"31,34",5520,"31,34",778,2,778,7,0,0,[object Object],65536,1024,0,0,458,",,,65536,458752,589824,655360,786432,851968,917504,1048576,557056,557056,557056,557056,557056,557056,557056,589824,491520,458752,393216,294912,294912,294912,294912,294912,294912,327680,360448,425984,524288,196608,196608,229376,229376,229376,229376,229376,229376,229376,229376,262144,360448,425984,458752,524288,524288,557056,557056,524288,524288,1114112,1048576,851968,851968,917504,425984,786432,196608,720896,589824,458752,131072",864,0,0,12,"0,0,0,1,1,1,1,1,1,1,1,2,2,2,2,2,2,2,2,2,2,2,2,2,2,2,2,2,2,2,2,2,2,2,2,2,2,2,2,2,2,2,2,2,2,2,2,2,2,2,2,2,1,1,1,1,1,2,1,2,1,1,1,1",",,0,135298,116576,145161,172406,206490,225777,248008,271270,304226,324106,340213,366382,399807,416723,427648,461972,478770,498657,562418,599354,604897,605503,606091,606532,607093,609053,651791,668855,605426,606114,609417,608741,607909,607239,607029,606290,605662,605229,604538,600511,552097,491098,463869,446197,416706,397057,360242,338141,323533,307197,272161,248592,239261,228368,211628,194915,209514,147153,118365,97012,70271",5,1,3124,[object Object],5,1034.1030555555556,4,3600,3242967,3686400,655360,17,,32,,
6,B,perturbation,distributed,1,8,0.8.0,97483209,65536,1,4096,93,0,"0,0,0,0,7,9,10,11,13,14,15,16,17,17,17,17,17,17,17,17,15,14,12,10,9,9,9,9,9,10,12,14,6,6,7,7,7,7,7,7,7,7,7,8,11,12,14,15,16,17,17,16,16,16,16,14,15,14,13,7,10,9,6,1",71,58,0,63,6,87,2488,7104,"31,30",7104,"31,30",645,2,645,7,0,0,[object Object],65536,1024,0,0,466,",,,,458752,589824,655360,720896,851968,917504,983040,1048576,557056,557056,557056,557056,557056,557056,557056,557056,491520,458752,393216,327680,294912,294912,294912,294912,294912,327680,393216,458752,196608,196608,229376,229376,229376,229376,229376,229376,229376,229376,229376,174762,360448,393216,458752,491520,524288,557056,557056,524288,524288,524288,1048576,917504,983040,917504,851968,229376,655360,589824,393216,65536",898,0,0,12,"0,0,0,0,1,1,1,1,1,1,1,1,2,2,2,2,2,2,2,2,2,2,2,2,2,2,2,2,2,2,2,2,2,2,2,2,2,2,2,2,2,2,2,3,2,2,2,2,2,2,2,2,2,2,1,1,1,1,1,2,1,1,1,1",",,,148807,117725,146863,169535,189511,223001,244553,266638,289259,322478,340524,356705,385530,420313,437231,446298,482536,503320,545526,588147,604642,619719,620037,619698,619363,620710,629905,587530,570136,632150,636110,636751,637143,638856,639304,639723,640333,640648,642034,641479,627960,536461,506559,468542,452708,433772,416830,392485,364449,341252,317157,294109,266482,254176,235060,227451,244298,150969,124266,96915,59538",5,1,3124,[object Object],5,1034.1030555555556,4,3600,3236292,3686400,655360,37,,32,,
6,B,perturbation,distributed,1,9,0.8.0,b2c60d63,65536,1,4096,93,0,"0,0,0,0,7,9,10,11,13,14,16,17,17,17,17,17,17,17,16,17,13,11,10,9,9,9,9,9,10,11,13,16,6,6,7,7,7,7,7,7,7,7,8,12,13,14,17,17,17,18,18,16,17,17,14,13,13,14,12,6,11,10,8,2",55,58,0,63,6,88,2473,5572,"31,34",5572,"31,34",720,2,720,7,0,0,[object Object],65536,1024,0,0,448,",,,,458752,589824,655360,720896,851968,917504,1048576,1114112,557056,557056,557056,557056,557056,557056,524288,557056,425984,360448,327680,294912,294912,294912,294912,294912,327680,360448,425984,524288,196608,196608,229376,229376,229376,229376,229376,229376,229376,229376,262144,393216,425984,458752,557056,557056,557056,589824,589824,524288,1114112,1114112,917504,851968,851968,917504,786432,196608,720896,655360,524288,131072",859,0,0,11,"0,0,0,0,1,1,1,1,1,1,1,1,2,2,2,2,2,2,2,2,2,2,2,2,2,2,2,2,2,2,2,2,2,2,2,2,2,2,2,2,2,2,2,2,2,2,2,2,2,2,2,2,1,1,1,1,1,1,1,2,1,1,1,1",",,,145994,116507,146343,169066,190149,223262,246313,268992,293641,325816,344927,360004,390157,424876,445423,452011,480647,529140,570685,588836,603957,604991,605622,606141,606680,608705,648981,660217,602024,608892,612229,611467,610957,610264,609749,609305,608687,608016,607662,605437,560115,490068,465347,449248,420790,392952,380786,355077,320375,307329,285876,250383,230779,230913,228588,196682,212446,160420,131425,104318,62794",5,1,3124,[object Object],5,1034.1030555555556,4,3600,3251627,3686400,655360,9,,32,,
6,B,perturbation,distributed,1,10,0.8.0,6b75e6d2,65536,1,4096,92,0,"0,0,0,0,7,8,10,12,13,14,15,17,17,17,18,17,17,17,17,16,14,12,10,9,9,9,9,9,9,10,12,14,6,6,7,7,7,7,7,7,7,7,7,8,11,12,13,15,16,17,16,16,15,16,17,14,15,14,13,6,10,9,7,2",71,58,0,63,6,87,2487,7197,"31,30",7197,"31,30",742,2,742,8,0,0,[object Object],65536,1024,0,0,465,",,,,458752,524288,655360,786432,851968,917504,983040,1114112,557056,557056,589824,557056,557056,557056,557056,524288,458752,393216,327680,294912,294912,294912,294912,294912,294912,327680,393216,458752,196608,196608,229376,229376,229376,229376,229376,229376,229376,229376,229376,262144,360448,393216,425984,491520,524288,557056,524288,524288,491520,524288,1114112,917504,983040,917504,851968,196608,655360,589824,458752,131072",898,0,0,12,"0,0,0,0,1,1,1,1,1,1,1,1,2,2,2,2,2,2,2,2,2,2,2,2,2,2,2,2,2,2,2,2,2,2,2,2,2,2,2,2,2,2,2,2,2,2,2,2,2,2,2,2,2,2,1,1,1,1,1,2,1,1,1,1",",,,135513,117126,145880,171742,205711,225597,245385,268698,302940,324078,347158,377443,401216,416916,428826,472702,494113,488944,544375,605372,624475,624663,624233,623874,623442,624990,633838,588921,572569,635054,638989,639675,640107,640513,642474,642954,643557,643879,645275,645772,634783,553694,508688,482516,460882,441743,418755,386084,363902,329825,321528,298348,269370,256487,246404,220262,234976,150259,125193,98699,61392",5,1,3121,[object Object],5,1034.1038888888888,4,3600,3237416,3686400,655360,34,,32,,
7,B,basic,straight,,,0.8.0,f1ff39b8,512,1,4096,74,0,"0,0,0,1,3,3,3,3,3,3,3,3,3,3,3,3,3,3,3,3,3,3,3,4,7,8,9,9,9,9,9,9,1,1,1,1,1,1,1,1,1,1,1,1,1,1,1,1,1,1,1,1,1,1,1,1,1,1,1,0,0,0,0,0",709,58,0,24,63,46,-1,70995,"31,32",70995,"31,32",3600,27,3600,26,630237476,150748,[object Object],65536,1024,0,0,2142,",,,65536,196608,196608,196608,196608,196608,196608,196608,196608,196608,196608,196608,196608,196608,196608,196608,196608,196608,196608,196608,262144,458752,524288,589824,589824,589824,589824,589824,589824,65536,65536,65536,65536,65536,65536,65536,65536,65536,65536,65536,65536,65536,65536,65536,65536,65536,65536,65536,65536,65536,65536,65536,65536,65536,65536,65536,,,,,",310,0,0,53,"0,0,0,1,1,1,1,1,1,1,1,1,1,1,1,1,1,1,1,1,1,1,1,1,1,1,1,1,1,1,1,1,1,1,1,1,1,1,1,1,1,1,1,1,1,1,1,1,1,1,1,1,1,1,1,1,1,1,1,0,0,0,0,0",",,0,8091,21335,47007,47130,47447,47796,47918,48229,48572,48693,48998,49336,49456,49755,50088,50207,50500,50829,50793,47495,65198,89342,95275,93879,94153,94091,93805,93395,93264,0,11385,15272,18138,20575,22600,24168,26658,28271,29670,31018,32633,34060,35428,37982,41401,42874,43091,41661,41859,42056,42252,42447,42641,42834,43033,43225,,,,,",5,1,17964,[object Object],5,1271.1730555555555,4,3600,1731258,3686400,196608,,true,37,,
7,B,basic,distributed,,,0.8.0,e651dc95,512,1,4096,94,0,"0,0,0,2,9,10,10,12,13,14,15,16,16,16,15,16,16,17,15,14,13,13,9,7,7,7,7,7,7,7,10,12,6,6,6,6,6,6,6,6,6,6,6,8,10,12,14,16,16,17,17,16,17,17,15,15,16,15,14,8,11,10,8,3",47,58,0,63,6,87,2492,5036,"4,32",4784,"60,34",2405,1,60,6,1192451,10245,[object Object],65536,1024,0,0,467,",,,65536,589824,655360,655360,786432,851968,917504,983040,524288,524288,524288,491520,524288,524288,557056,491520,458752,425984,425984,294912,229376,229376,229376,229376,229376,229376,229376,327680,393216,196608,196608,196608,196608,196608,196608,196608,196608,196608,196608,196608,174762,327680,393216,458752,524288,524288,557056,557056,524288,557056,1114112,983040,983040,1048576,983040,917504,262144,720896,655360,524288,196608",800,2312,0,12,"0,0,0,2,1,1,1,1,1,1,1,2,2,2,2,2,2,2,2,2,2,2,2,2,2,2,2,2,2,2,2,2,2,2,2,2,2,2,2,2,2,2,2,3,2,2,2,2,2,2,2,2,2,1,1,1,1,1,1,2,1,1,1,1",",,,148659,119188,149838,169984,189168,221169,240487,260256,279394,306200,327216,345477,365898,384104,411420,435199,440879,429961,472243,562542,588019,589762,589744,589726,589622,589576,589934,663499,637815,599294,600976,601130,601021,600997,600976,600973,601017,601024,601031,601154,586337,511438,472768,439492,418716,396832,381900,348884,332815,319460,286229,272248,255110,230583,242130,223287,222547,150935,127618,103038,70674",5,1,4012,[object Object],5,1038.8227777777777,4,3600,3231356,3686400,655360,,false,37,,
7,B,basic,detour,,,0.8.0,0fcddfb7,512,1,4096,94,0,"0,0,0,0,8,9,10,12,13,14,13,14,14,14,13,14,14,15,13,12,11,11,7,5,5,5,5,5,5,5,5,5,5,5,5,5,5,5,5,5,5,5,5,8,9,11,12,13,15,16,16,15,16,16,16,16,15,15,14,7,11,10,8,1",102,58,0,63,6,85,2565,10249,"60,34",10249,"60,34",1151,3,1151,6,4233244,9463,[object Object],65536,1024,0,0,555,",,,,524288,589824,655360,786432,851968,917504,851968,917504,917504,917504,851968,917504,917504,983040,851968,786432,720896,720896,458752,327680,327680,327680,327680,327680,327680,327680,327680,327680,327680,327680,327680,327680,327680,327680,327680,327680,327680,327680,327680,524288,589824,720896,786432,851968,983040,1048576,1048576,983040,1048576,1048576,1048576,1048576,491520,983040,917504,152917,720896,655360,524288,65536",716,2719,0,14,"0,0,0,0,1,1,1,1,1,1,1,1,1,1,1,1,1,1,1,1,1,1,1,1,1,1,1,1,1,1,1,1,1,1,1,1,1,1,1,1,1,1,1,1,1,1,1,1,1,1,1,1,1,1,1,1,2,1,1,3,1,1,1,1",",,,145957,128373,152064,166047,180385,210972,217402,213866,217520,242136,241538,224957,224939,249800,251103,232851,213063,200533,180557,140654,108480,105912,105701,105564,105439,105341,105254,105162,105078,104122,104896,104804,104724,104604,104544,104436,104350,104256,104167,110457,150353,177738,202553,232489,242362,253312,270066,251057,255780,269191,249986,258360,271285,252432,254902,239435,210662,153406,142098,115990,62328",5,1,3568,[object Object],5,1035.9658333333334,4,3600,3156699,3686400,655360,,true,37,,
7,B,perturbation,distributed,1,1,0.8.0,ec16e809,512,1,4096,95,0,"0,0,0,3,9,10,11,12,13,15,16,16,17,16,16,16,18,16,15,15,12,10,8,7,7,7,7,7,7,7,10,12,6,6,6,6,6,6,6,6,6,6,10,12,14,15,17,17,18,18,18,19,18,17,16,14,15,15,14,6,11,10,8,3",40,58,0,63,6,87,2482,4970,"4,32",4032,"60,34",3443,1,57,5,804928,6097,[object Object],65536,1024,0,0,458,",,,98304,589824,655360,720896,786432,851968,983040,1048576,524288,557056,524288,524288,524288,589824,524288,491520,491520,393216,327680,262144,229376,229376,229376,229376,229376,229376,229376,327680,393216,196608,196608,196608,196608,196608,196608,196608,196608,196608,196608,327680,393216,458752,491520,557056,557056,589824,589824,589824,622592,1179648,1114112,1048576,917504,983040,983040,917504,196608,720896,655360,524288,196608",820,0,0,12,"0,0,0,2,1,1,1,1,1,1,1,2,2,2,2,2,2,2,2,2,2,2,2,2,2,2,2,2,2,2,2,2,2,2,2,2,2,2,2,2,2,2,2,2,2,2,2,2,2,2,2,2,1,1,1,1,1,1,1,2,1,1,1,1",",,0,133837,119488,150001,171732,205631,222874,243439,276665,294638,316628,343249,360673,372459,401357,431640,428199,439951,480175,550892,571414,586846,587375,587435,587313,587375,587375,587817,659510,633087,597396,598638,598545,598590,598621,598666,598573,598617,598649,598693,587725,504897,464197,436365,418002,398512,375583,360604,342737,313112,300095,283324,250244,230805,232598,233424,200327,213589,158717,131191,104775,69110",5,1,3945,[object Object],5,1038.8355555555556,4,3600,3242403,3686400,720896,34,,37,,
7,B,perturbation,distributed,1,2,0.8.0,6299be3a,512,1,4096,94,0,"0,0,0,2,9,10,10,11,13,14,15,15,15,16,16,16,15,15,15,15,15,12,10,8,7,7,7,7,7,7,10,12,6,6,6,6,6,6,6,6,6,6,6,8,12,14,15,15,19,20,19,17,19,18,17,15,16,15,14,7,11,10,8,3",47,58,0,63,6,87,2487,5100,"4,32",4740,"60,34",2196,1,64,6,1232578,6373,[object Object],65536,1024,0,0,462,",,,65536,589824,655360,655360,720896,851968,917504,983040,491520,491520,524288,524288,524288,491520,491520,491520,491520,491520,393216,327680,262144,229376,229376,229376,229376,229376,229376,327680,393216,196608,196608,196608,196608,196608,196608,196608,196608,196608,196608,196608,262144,393216,458752,491520,491520,622592,655360,622592,557056,622592,1179648,1114112,983040,1048576,491520,917504,152917,720896,655360,524288,196608",818,2121,0,12,"0,0,0,2,1,1,1,1,1,1,1,2,2,2,2,2,2,2,2,2,2,2,2,2,2,2,2,2,2,2,2,2,2,2,2,2,2,2,2,2,2,2,2,2,2,2,2,2,2,2,2,2,2,1,1,1,1,2,1,3,1,1,1,1",",,,146862,116157,148014,170036,187266,204886,236545,258059,277064,294707,312824,334762,358923,380643,400990,419264,422037,438992,477024,539649,560896,578231,579400,579267,579400,579267,579795,653568,630178,589381,590936,590792,590950,590806,590964,590820,590978,590834,590992,590848,572432,481411,461095,442588,423311,410838,378003,360274,342434,314342,298759,265123,254542,245911,239414,219870,225782,147783,125209,100311,68341",5,1,4076,[object Object],5,1038.8072222222222,4,3600,3235824,3686400,655360,13,,37,,
7,B,perturbation,distributed,1,3,0.8.0,818deaad,512,1,4096,92,0,"0,0,0,2,8,9,10,12,13,14,16,17,17,18,17,17,17,18,17,16,15,13,11,9,9,9,9,9,9,10,12,13,6,6,7,7,7,7,7,7,7,7,7,10,11,14,15,17,17,16,17,16,16,16,15,14,16,14,13,6,10,10,7,2",69,58,0,63,6,87,2506,6948,"31,30",6948,"31,30",549,2,549,8,4016712,13054,[object Object],65536,1024,0,0,486,",,,131072,524288,589824,655360,786432,851968,917504,1048576,1114112,557056,589824,557056,557056,557056,589824,557056,524288,491520,425984,360448,294912,294912,294912,294912,294912,294912,327680,393216,425984,196608,196608,229376,229376,229376,229376,229376,229376,229376,229376,229376,327680,360448,458752,491520,557056,557056,524288,557056,524288,524288,524288,983040,917504,1048576,917504,851968,196608,655360,655360,458752,131072",912,0,0,12,"0,0,0,1,1,1,1,1,1,1,1,1,2,2,2,2,2,2,2,2,2,2,2,2,2,2,2,2,2,2,2,2,2,2,2,2,2,2,2,2,2,2,2,2,2,2,2,2,2,2,2,2,2,2,1,1,1,1,1,2,1,1,1,1",",,0,133322,118690,148941,171519,205072,222095,243221,276038,298163,323335,350337,370934,386647,400762,441885,464076,459613,475297,533886,600578,616494,616567,616236,616138,615837,615698,634815,614683,624089,625144,629823,630098,630920,631138,633342,633492,634298,634532,634991,626090,551684,500127,472541,449933,432143,413015,389685,368703,338676,326930,307213,275274,267732,255189,244967,219740,230881,148229,124409,98522,68683",5,1,3920,[object Object],5,1037.8569444444445,4,3600,3217437,3686400,655360,43,,37,,
7,B,perturbation,distributed,1,4,0.8.0,ccd4ac35,512,1,4096,93,0,"0,0,0,1,9,10,10,12,13,14,16,17,17,17,17,17,19,17,16,16,15,11,10,9,9,9,9,9,9,11,13,16,6,6,7,7,7,7,7,7,7,7,7,11,12,14,16,17,18,16,17,17,17,16,15,13,12,14,13,6,11,10,8,3",51,58,0,63,6,87,2487,5186,"31,34",5186,"31,34",815,1,815,7,1358813,12547,[object Object],65536,1024,0,0,464,",,,65536,589824,655360,655360,786432,851968,917504,1048576,1114112,557056,557056,557056,557056,622592,557056,524288,524288,491520,360448,327680,294912,294912,294912,294912,294912,294912,360448,425984,524288,196608,196608,229376,229376,229376,229376,229376,229376,229376,229376,229376,360448,393216,458752,524288,557056,589824,524288,557056,557056,557056,1048576,983040,425984,786432,917504,425984,196608,720896,655360,524288,196608",848,0,0,12,"0,0,0,1,1,1,1,1,1,1,1,1,2,2,2,2,2,2,2,2,2,2,2,2,2,2,2,2,2,2,2,2,2,2,2,2,2,2,2,2,2,2,2,2,2,2,2,2,2,2,2,2,2,1,1,2,1,1,2,2,1,1,1,1",",,,146679,116086,147103,168811,191404,219918,240297,262387,284120,304439,334618,351201,364707,396818,425366,445150,444483,471169,533794,576132,594840,596303,596799,597412,597845,598242,637636,679659,617258,597116,600672,599648,598953,598371,597363,597533,596589,596164,595767,595074,561099,476607,454973,434158,419762,385743,359651,350281,330242,298038,286179,264859,232736,226768,228067,198475,216183,155534,129519,103794,69918",5,1,4108,[object Object],5,1039.7847222222222,4,3600,3237686,3686400,655360,19,,37,,
7,B,perturbation,distributed,1,5,0.8.0,37776227,512,1,4096,92,0,"0,0,0,2,7,9,11,12,14,15,16,17,18,17,17,19,18,18,17,15,14,12,9,9,9,9,9,9,9,10,12,13,6,6,7,7,7,7,7,7,7,7,9,10,12,13,14,16,16,15,16,17,17,15,15,15,14,14,14,6,10,10,7,2",71,58,0,63,6,87,2504,7143,"31,30",7143,"31,30",2331,2,2331,8,4126158,16113,[object Object],65536,1024,0,0,483,",,,131072,458752,589824,720896,786432,917504,983040,1048576,1114112,589824,557056,557056,622592,589824,589824,557056,491520,458752,393216,294912,294912,294912,294912,294912,294912,294912,327680,393216,425984,196608,196608,229376,229376,229376,229376,229376,229376,229376,229376,294912,327680,393216,425984,458752,524288,524288,491520,524288,557056,557056,491520,983040,983040,917504,917504,917504,196608,655360,655360,458752,131072",908,0,0,12,"0,0,0,1,1,1,1,1,1,1,1,1,2,2,2,2,2,2,2,2,2,2,2,2,2,2,2,2,2,2,2,2,2,2,2,2,2,2,2,2,2,2,2,2,2,2,2,2,2,2,2,2,2,2,1,1,1,1,1,2,1,1,1,1",",,,135055,118690,152527,189206,207220,226512,259510,280300,303676,335594,353942,368484,406909,436702,447358,469033,478171,501646,576002,610723,614842,613917,613608,613104,612780,612701,631081,601666,610034,623470,628239,628465,629249,629403,631537,631858,632580,632672,632701,619350,548599,510548,470008,453434,432855,409728,382006,356868,352539,329573,294081,286181,263491,237423,248501,221850,228346,151551,126773,100875,68830",5,1,3856,[object Object],5,1037.8725,4,3600,3219661,3686400,720896,36,,37,,
7,B,perturbation,distributed,1,6,0.8.0,822a6146,512,1,4096,93,0,"0,0,0,2,9,10,10,11,12,14,16,17,17,16,16,16,17,17,18,16,15,14,12,10,9,9,9,9,9,11,13,16,6,6,7,7,7,7,7,7,7,7,7,7,11,13,15,17,17,18,18,18,18,17,14,14,13,13,14,6,11,10,8,3",48,58,0,63,6,87,2492,5196,"4,32",4878,"31,34",657,1,66,7,1246011,9396,[object Object],65536,1024,0,0,468,",,,65536,589824,655360,655360,720896,786432,917504,1048576,1114112,557056,524288,524288,524288,557056,557056,589824,524288,491520,458752,393216,327680,294912,294912,294912,294912,294912,360448,425984,524288,196608,196608,229376,229376,229376,229376,229376,229376,229376,229376,229376,229376,360448,425984,491520,557056,557056,589824,589824,589824,1179648,1114112,917504,917504,425984,851968,917504,196608,720896,655360,524288,196608",856,2001,0,12,"0,0,0,2,1,1,1,1,1,1,1,1,2,2,2,2,2,2,2,2,2,2,2,2,2,2,2,2,2,2,2,2,2,2,2,2,2,2,2,2,2,2,2,2,2,2,2,2,2,2,2,2,1,1,1,1,2,1,1,2,1,1,1,1",",,,145969,114201,146088,168802,187372,203280,223812,255893,279776,298837,316516,334348,355541,380487,389534,419302,445988,457967,497090,543255,560719,577580,578879,579393,579904,580417,620214,675218,627614,582024,585844,585060,584302,583509,583299,583444,582760,582513,581497,580997,578795,526385,455181,429371,420499,393207,378835,357021,328631,312417,279980,264718,249013,221896,231319,217486,223807,149546,126287,101591,68843",5,1,4172,[object Object],5,1039.7727777777777,4,3600,3231389,3686400,655360,0,,37,,
7,B,perturbation,distributed,1,7,0.8.0,c70cffa0,512,1,4096,93,0,"0,0,0,3,9,9,11,12,13,14,17,17,17,17,18,17,17,17,18,15,14,12,10,9,9,9,9,9,9,11,13,16,6,6,7,7,7,7,7,7,7,7,8,11,13,14,16,16,17,17,17,17,17,16,14,13,14,14,12,6,11,10,7,3",51,58,0,63,6,87,2492,5171,"31,34",5171,"31,34",786,1,786,7,1317191,12577,[object Object],65536,1024,0,0,470,",,,98304,589824,589824,720896,786432,851968,917504,1114112,557056,557056,557056,589824,557056,557056,557056,589824,491520,458752,393216,327680,294912,294912,294912,294912,294912,294912,360448,425984,524288,196608,196608,229376,229376,229376,229376,229376,229376,229376,229376,262144,360448,425984,458752,524288,524288,557056,557056,557056,557056,1114112,1048576,917504,851968,917504,917504,786432,196608,720896,655360,458752,196608",861,0,0,12,"0,0,0,2,1,1,1,1,1,1,1,2,2,2,2,2,2,2,2,2,2,2,2,2,2,2,2,2,2,2,2,2,2,2,2,2,2,2,2,2,2,2,2,2,2,2,2,2,2,2,2,2,1,1,1,1,1,1,1,2,1,1,1,1",",,0,133207,115869,148059,172847,205193,222872,243076,265617,297038,315362,331271,355387,385793,402012,412174,443639,457534,477794,542554,580377,585935,586260,586795,587418,587668,588247,628407,677575,622367,586899,590357,589963,588859,588532,587730,587884,587326,587170,585718,582240,531536,470538,444662,428161,400725,384650,350242,328686,315384,301929,267449,245299,236678,227463,211675,195946,206803,146252,118807,97685,71750",5,1,4052,[object Object],5,1038.8133333333333,4,3600,3231767,3686400,720896,1,,37,,
7,B,perturbation,distributed,1,8,0.8.0,a5cfd1de,512,1,4096,93,0,"0,0,0,1,9,9,10,11,13,14,15,16,17,17,17,17,17,17,17,17,15,14,12,10,9,9,9,9,9,10,12,13,6,6,7,7,7,7,7,7,7,7,7,8,11,12,14,15,16,17,17,17,18,16,16,14,15,14,13,7,10,9,7,2",66,58,0,63,6,87,2499,6680,"31,30",6680,"31,30",530,2,530,7,3838872,13120,[object Object],65536,1024,0,0,477,",,,65536,589824,589824,655360,720896,851968,917504,983040,1048576,557056,557056,557056,557056,557056,557056,557056,557056,491520,458752,393216,327680,294912,294912,294912,294912,294912,327680,393216,425984,196608,196608,229376,229376,229376,229376,229376,229376,229376,229376,229376,174762,360448,393216,458752,491520,524288,557056,557056,557056,589824,524288,1048576,917504,983040,917504,851968,229376,655360,589824,458752,131072",898,0,0,12,"0,0,0,1,1,1,1,1,1,1,1,1,2,2,2,2,2,2,2,2,2,2,2,2,2,2,2,2,2,2,2,2,2,2,2,2,2,2,2,2,2,2,2,3,2,2,2,2,2,2,2,2,2,2,1,1,1,1,1,2,1,1,1,1",",,,148659,118385,148778,169463,188540,220376,239814,260449,282587,314056,331723,347856,374690,406302,422654,431348,465127,483422,524654,571622,588822,604483,604918,604551,604241,604599,622828,599917,604036,616563,620755,621056,621737,622067,624179,624418,625052,625121,625577,625998,611411,517307,488159,450648,435615,418417,404814,382043,356562,334896,310965,290034,262871,252721,235897,228463,240764,148099,123118,97205,60610",5,1,3976,[object Object],5,1038.826111111111,4,3600,3225342,3686400,655360,18,,37,,
7,B,perturbation,distributed,1,9,0.8.0,632ce2bd,512,1,4096,93,0,"0,0,0,1,9,9,10,12,13,14,16,18,17,17,17,17,17,17,17,17,13,11,10,9,9,9,9,9,9,11,13,15,6,6,7,7,7,7,7,7,7,7,7,11,12,14,16,17,17,17,18,17,16,16,14,12,12,14,12,6,11,10,8,2",52,58,0,63,6,87,2483,5208,"31,34",5208,"31,34",754,1,754,7,1264963,10020,[object Object],65536,1024,0,0,459,",,,65536,589824,589824,655360,786432,851968,917504,1048576,1179648,557056,557056,557056,557056,557056,557056,557056,557056,425984,360448,327680,294912,294912,294912,294912,294912,294912,360448,425984,491520,196608,196608,229376,229376,229376,229376,229376,229376,229376,229376,229376,360448,393216,458752,524288,557056,557056,557056,589824,371370,1048576,1048576,458752,786432,786432,917504,786432,196608,720896,655360,524288,131072",854,0,0,12,"0,0,0,1,1,1,1,1,1,1,1,1,2,2,2,2,2,2,2,2,2,2,2,2,2,2,2,2,2,2,2,2,2,2,2,2,2,2,2,2,2,2,2,2,2,2,2,2,2,2,2,3,1,1,2,1,1,1,1,2,1,1,1,1",",,,148659,118018,148940,169727,189252,220754,241202,262385,286416,316814,334831,350258,377540,408711,426789,432946,459798,508367,551515,570339,585529,586939,587484,587840,588477,589266,627833,669585,619280,590661,594169,593770,592705,592370,591173,591630,590665,590305,589864,587077,538540,468597,445057,430276,404479,378851,368511,345834,313323,301230,281657,247256,228317,228975,228646,198303,211377,160963,132310,105601,70501",5,1,4088,[object Object],5,1038.8041666666666,4,3600,3241833,3686400,655360,32,,37,,
7,B,perturbation,distributed,1,10,0.8.0,ac120adc,512,1,4096,92,0,"0,0,0,3,8,9,10,12,13,14,15,17,17,17,18,17,17,17,17,16,14,12,10,9,9,9,9,9,9,10,12,13,6,6,7,7,7,7,7,7,7,7,7,9,11,12,13,16,16,18,17,18,15,16,17,14,15,14,13,6,10,10,7,2",67,58,0,63,6,87,2497,6764,"31,30",6764,"31,30",567,2,567,8,3903669,13133,[object Object],65536,1024,0,0,475,",,,98304,524288,589824,655360,786432,851968,917504,983040,1114112,557056,557056,589824,557056,557056,557056,557056,524288,458752,393216,327680,294912,294912,294912,294912,294912,294912,327680,393216,425984,196608,196608,229376,229376,229376,229376,229376,229376,229376,229376,229376,294912,360448,393216,425984,524288,524288,589824,557056,589824,491520,524288,1114112,917504,983040,917504,851968,196608,655360,655360,458752,131072",901,0,0,12,"0,0,0,2,1,1,1,1,1,1,1,1,2,2,2,2,2,2,2,2,2,2,2,2,2,2,2,2,2,2,2,2,2,2,2,2,2,2,2,2,2,2,2,2,2,2,2,2,2,2,2,2,2,2,1,1,1,1,1,2,1,1,1,1",",,0,133101,116975,148007,172695,205372,223033,241160,263004,295900,315813,339362,366794,388984,403314,415625,456071,475842,470471,527340,589478,609591,609881,609569,609042,608756,609017,627451,602464,607814,619422,624054,624433,625164,625807,627944,628220,628860,629116,629589,631230,619130,537128,490859,464803,444055,427162,406484,376815,356035,323214,315406,293716,265572,254418,246321,221010,230921,147072,123801,98042,67160",5,1,3945,[object Object],5,1038.8352777777777,4,3600,3226793,3686400,655360,14,,37,,
8,B,basic,straight,,,0.8.0,0ab08505,65536,3,4096,98,0,"0,0,0,1,3,3,3,3,3,3,3,3,3,3,3,3,3,3,3,3,3,3,3,3,3,3,3,3,3,3,3,3,3,5,5,5,5,5,5,5,5,5,5,5,5,5,5,5,5,5,5,5,5,5,5,5,5,5,5,0,0,0,0,0",38,56,0,63,63,93,2273,4164,"4,32",3868,"6,32",42,1,29,2,0,0,[object Object],65536,1024,0,0,232,",,,65536,196608,196608,196608,196608,196608,196608,196608,196608,196608,196608,196608,196608,196608,196608,196608,196608,196608,196608,196608,196608,196608,196608,196608,196608,196608,196608,196608,196608,196608,327680,327680,327680,327680,327680,327680,327680,327680,327680,327680,327680,327680,327680,327680,327680,327680,327680,327680,327680,327680,327680,327680,327680,327680,327680,327680,,,,,",264,0,0,6,"0,0,0,1,1,1,1,1,1,1,1,1,1,1,1,1,1,1,1,1,1,1,1,1,1,1,1,1,1,1,1,1,1,1,1,1,1,1,1,1,1,1,1,1,1,1,1,1,1,1,1,1,1,1,1,1,1,1,1,0,0,0,0,0",",,,0,12967,15628,18728,21201,23235,24958,26562,27930,29237,30356,31436,32356,33251,34109,34844,35565,36256,36839,37397,37964,39590,40103,40070,40284,40686,41221,41959,43054,43085,49372,49785,50743,51712,53560,54683,56305,57598,59390,61089,62568,64689,66249,68416,69964,72092,72328,68607,68672,68728,68794,68849,68914,68970,69035,69091,,,,,",5,1,3140,[object Object],5,1038.0897222222222,4,3600,3456345,3686400,196608,,false,33,,
8,B,basic,distributed,,,0.8.0,74e9706d,65536,3,4096,95,0,"0,0,0,1,9,10,10,12,13,14,15,16,16,16,15,16,16,17,15,14,13,13,11,7,7,7,7,7,7,7,7,7,7,7,7,7,7,7,7,7,7,7,7,9,11,13,15,17,17,18,18,17,18,17,15,14,16,15,14,8,12,10,8,3",38,56,0,63,6,88,2469,4148,"4,32",3868,"60,34",1615,1,31,5,0,0,[object Object],65536,1024,0,0,443,",,,65536,589824,655360,655360,786432,851968,917504,983040,524288,524288,524288,491520,524288,524288,557056,491520,458752,425984,425984,360448,229376,229376,229376,229376,229376,229376,229376,229376,229376,229376,229376,229376,229376,229376,229376,229376,229376,229376,229376,229376,196608,360448,425984,491520,557056,557056,589824,589824,557056,1179648,1114112,983040,917504,1048576,983040,917504,262144,786432,655360,524288,196608",794,0,0,11,"0,0,0,1,1,1,1,1,1,1,1,2,2,2,2,2,2,2,2,2,2,2,2,2,2,2,2,2,2,2,2,2,2,2,2,2,2,2,2,2,2,2,2,3,2,2,2,2,2,2,2,2,1,1,1,1,1,1,1,2,1,1,1,1",",,,149445,118381,147456,169647,190071,223507,245086,266132,286474,313174,336994,357575,379823,397924,427809,455274,462855,451631,495903,584156,608191,609672,609587,609538,609457,609373,609444,609489,609428,609334,609489,609489,609489,609428,609489,609523,609489,609489,609428,609523,595333,522315,484231,451012,428807,405655,387828,352855,335976,320698,285776,271789,254481,228646,239703,220075,227178,153789,128572,103079,69625",5,1,3124,[object Object],5,1034.1030555555556,4,3600,3255470,3686400,655360,,true,33,,
8,B,basic,detour,,,0.8.0,4a12443f,65536,3,4096,94,0,"0,0,0,2,8,9,10,12,13,14,13,14,14,15,15,15,15,15,15,13,12,11,10,6,5,5,5,5,5,5,5,5,5,5,5,5,5,5,5,5,5,5,6,9,10,12,13,15,16,16,16,16,16,16,16,16,16,15,14,8,12,10,8,2",49,56,0,63,6,85,2564,4948,"60,34",4948,"60,34",1594,1,1594,6,0,0,[object Object],65536,1024,0,0,553,",,,131072,524288,589824,655360,786432,851968,917504,851968,917504,917504,983040,983040,983040,983040,983040,983040,851968,786432,720896,655360,393216,327680,327680,327680,327680,327680,327680,327680,327680,327680,327680,327680,327680,327680,327680,327680,327680,327680,327680,196608,589824,655360,786432,851968,983040,1048576,1048576,1048576,1048576,1048576,1048576,1048576,1048576,1048576,983040,917504,262144,786432,655360,524288,131072",717,2786,0,14,"0,0,0,1,1,1,1,1,1,1,1,1,1,1,1,1,1,1,1,1,1,1,1,1,1,1,1,1,1,1,1,1,1,1,1,1,1,1,1,1,1,1,2,1,1,1,1,1,1,1,1,1,1,1,1,1,1,1,1,2,1,1,1,1",",,,141989,130291,152296,165584,179506,209074,215768,212424,216352,241648,240487,224323,224895,249523,250241,232200,212409,199984,180127,140462,108367,105776,105583,105440,105312,105218,105124,105048,104960,104007,104770,104678,104599,104498,104421,104328,104225,104119,104054,109800,150184,177802,202752,232558,242273,253290,270136,251071,255739,269168,250102,258388,271585,253201,256048,240409,231776,163936,142068,114025,60008",5,1,3123,[object Object],5,1034.1022222222223,4,3600,3157677,3686400,655360,,true,33,,
8,B,perturbation,distributed,1,1,0.8.0,2625e0e0,65536,3,4096,96,0,"0,0,0,3,9,10,11,12,13,15,16,16,17,16,16,16,18,16,15,15,12,10,8,7,7,7,7,7,7,7,7,7,7,7,7,7,7,7,7,7,7,7,9,11,13,14,16,16,17,17,17,18,17,16,15,14,15,15,14,7,11,10,8,3",36,56,0,63,6,88,2464,4148,"4,32",3680,"60,34",1916,1,29,4,0,0,[object Object],65536,1024,0,0,438,",,,98304,589824,655360,720896,786432,851968,983040,1048576,524288,557056,524288,524288,524288,589824,524288,491520,491520,393216,327680,262144,229376,229376,229376,229376,229376,229376,229376,229376,229376,229376,229376,229376,229376,229376,229376,229376,229376,229376,229376,294912,360448,425984,458752,524288,524288,557056,557056,557056,589824,1114112,1048576,983040,917504,983040,983040,917504,229376,720896,655360,524288,196608",797,0,0,11,"0,0,0,2,1,1,1,1,1,1,1,2,2,2,2,2,2,2,2,2,2,2,2,2,2,2,2,2,2,2,2,2,2,2,2,2,2,2,2,2,2,2,2,2,2,2,2,2,2,2,2,2,1,1,1,1,1,1,1,2,1,1,1,1",",,,134097,119116,147397,171460,207085,225919,247713,282248,300286,324385,353588,372376,383675,415571,448520,445610,460357,502739,570795,590304,605412,606149,606106,606106,606202,606256,606106,606149,606202,605862,606149,606159,606202,606256,606202,606106,606149,606159,606202,595459,514451,474194,445911,426730,405854,381386,365321,345416,313873,300739,282120,247722,229359,230727,230209,197748,215082,159757,131636,104777,63112",5,1,3124,[object Object],5,1034.1027777777779,4,3600,3260480,3686400,720896,15,,33,,
8,B,perturbation,distributed,1,2,0.8.0,17b621db,65536,3,4096,95,0,"0,0,0,1,9,10,10,11,13,14,15,15,15,16,16,17,15,15,15,15,15,14,10,8,7,7,7,7,7,7,7,7,7,7,7,7,7,7,7,7,7,7,7,9,12,13,14,17,18,19,18,18,18,17,16,14,16,16,14,8,12,10,8,3",37,56,0,63,6,88,2466,4148,"4,32",3797,"60,34",1534,1,31,5,0,0,[object Object],65536,1024,0,0,439,",,,65536,589824,655360,655360,720896,851968,917504,983040,491520,491520,524288,524288,557056,491520,491520,491520,491520,491520,458752,327680,262144,229376,229376,229376,229376,229376,229376,229376,229376,229376,229376,229376,229376,229376,229376,229376,229376,229376,229376,229376,294912,393216,425984,458752,557056,589824,622592,589824,589824,589824,1114112,1048576,917504,1048576,1048576,917504,262144,786432,655360,524288,196608",810,0,0,11,"0,0,0,1,1,1,1,1,1,1,1,2,2,2,2,2,2,2,2,2,2,2,2,2,2,2,2,2,2,2,2,2,2,2,2,2,2,2,2,2,2,2,2,2,2,2,2,2,2,2,2,2,2,1,1,1,1,1,1,2,1,1,1,1",",,,146712,116332,145307,169699,188737,207448,240559,263393,283833,302600,322231,344133,370430,394959,417390,437196,440044,459340,500180,560828,580901,597942,598719,598719,598719,598719,598719,598719,598719,598772,598719,598719,598719,598719,598719,598719,598719,598719,598719,598719,580755,492545,471321,452968,433882,418633,383405,364463,345049,316310,298277,263754,254087,243812,237021,216603,229883,150963,126218,100196,62206",5,1,3124,[object Object],5,1034.1030555555556,4,3600,3259371,3686400,655360,11,,33,,
8,B,perturbation,distributed,1,3,0.8.0,fbf15cb0,65536,3,4096,94,0,"0,0,0,3,9,10,11,12,13,15,16,17,18,18,17,17,18,19,17,16,16,13,11,9,9,9,9,9,9,9,11,13,7,7,8,8,8,8,8,8,8,9,10,13,14,15,17,18,18,18,19,17,18,18,15,15,16,14,14,6,10,10,8,2",36,56,0,63,6,88,2476,4148,"4,32",3653,"60,34",1381,1,32,6,0,0,[object Object],65536,1024,0,0,451,",,,98304,589824,655360,720896,786432,851968,983040,1048576,1114112,589824,589824,557056,557056,589824,622592,557056,524288,524288,425984,360448,294912,294912,294912,294912,294912,294912,294912,360448,425984,229376,229376,262144,262144,262144,262144,262144,262144,262144,294912,327680,425984,458752,491520,557056,589824,589824,589824,622592,557056,1179648,1179648,983040,983040,1048576,917504,917504,196608,655360,655360,524288,131072",887,0,0,11,"0,0,0,2,1,1,1,1,1,1,1,1,2,2,2,2,2,2,2,2,2,2,2,2,2,2,2,2,2,2,2,2,2,2,2,2,2,2,2,2,2,2,2,2,2,2,2,2,2,2,2,2,1,1,1,1,1,1,1,2,1,1,1,1",",,,134097,118506,147206,170769,205874,224918,248005,282126,304912,329879,359062,381783,398763,412120,456130,481287,477157,495444,554752,617739,632031,632193,631737,631301,631057,630619,631015,646695,662631,622468,624582,625876,626308,627072,627541,628253,628653,629520,630148,622119,550529,502721,476137,452435,433253,413676,390144,366369,335103,323115,302650,269380,263784,248592,239369,215336,231711,150600,125407,98645,62027",5,1,3123,[object Object],5,1034.1030555555556,4,3600,3249085,3686400,720896,19,,33,,
8,B,perturbation,distributed,1,4,0.8.0,5b9373a4,65536,3,4096,95,0,"0,0,0,1,9,10,10,12,13,15,16,17,17,17,17,17,19,17,16,16,15,11,10,9,9,10,10,10,10,10,12,14,8,8,8,8,8,8,8,8,8,9,9,12,14,15,17,18,19,18,18,19,19,17,16,15,15,15,14,6,11,10,8,3",37,56,0,63,6,88,2461,4148,"4,32",3716,"60,34",2725,1,31,5,0,0,[object Object],65536,1024,0,0,434,",,,65536,589824,655360,655360,786432,851968,983040,1048576,1114112,557056,557056,557056,557056,622592,557056,524288,524288,491520,360448,327680,294912,294912,327680,327680,327680,327680,327680,393216,458752,262144,262144,262144,262144,262144,262144,262144,262144,262144,294912,294912,393216,458752,491520,557056,589824,622592,589824,589824,622592,1245184,1114112,1048576,983040,983040,983040,917504,196608,720896,655360,524288,196608",853,0,0,11,"0,0,0,1,1,1,1,1,1,1,1,1,2,2,2,2,2,2,2,2,2,2,2,2,2,2,2,2,2,2,2,2,2,2,2,2,2,2,2,2,2,2,2,2,2,2,2,2,2,2,2,2,1,1,1,1,1,1,1,2,1,1,1,1",",,,145994,114139,144035,168683,192027,222826,245177,268683,291967,313785,345508,362771,376425,411973,445373,467221,465616,494585,556129,597304,614673,616241,616776,617251,617587,618037,618232,605569,616010,619522,620457,619817,619470,619381,618981,618377,618026,617658,617199,616571,584403,500363,477472,455332,439153,402679,374812,363101,340200,306445,292634,270848,237143,230784,231034,198519,220195,155946,129250,103255,70102",5,1,3124,[object Object],5,1034.1025,4,3600,3264394,3686400,655360,27,,33,,
8,B,perturbation,distributed,1,5,0.8.0,441acbe9,65536,3,4096,94,0,"0,0,0,3,9,11,11,12,14,15,16,18,18,17,18,19,18,18,18,15,14,13,10,9,9,9,9,9,9,9,11,13,7,8,8,8,8,8,8,8,8,9,11,13,14,16,17,17,19,19,18,18,19,17,16,15,15,15,14,7,11,10,8,2",37,56,0,63,6,88,2475,4144,"4,32",3701,"60,34",1515,1,28,6,0,0,[object Object],65536,1024,0,0,450,",,,98304,589824,720896,720896,786432,917504,983040,1048576,1179648,589824,557056,589824,622592,589824,589824,589824,491520,458752,425984,327680,294912,294912,294912,294912,294912,294912,294912,360448,425984,229376,262144,262144,262144,262144,262144,262144,262144,262144,294912,360448,425984,458752,524288,557056,557056,622592,622592,589824,589824,1245184,557056,1048576,983040,491520,983040,917504,152917,720896,655360,524288,131072",899,0,0,11,"0,0,0,2,1,1,1,1,1,1,1,1,2,2,2,2,2,2,2,2,2,2,2,2,2,2,2,2,2,2,2,2,2,2,2,2,2,2,2,2,2,2,2,2,2,2,2,2,2,2,2,2,1,2,1,1,2,1,1,3,1,1,1,1",",,,134998,117709,150612,189268,208460,229365,263904,286096,309318,343238,363078,378020,418352,450589,461301,486578,497536,520638,591370,623819,627457,627012,626560,626137,625485,625210,625685,644250,662048,622246,622295,622853,623743,624405,625068,625541,626271,626898,627026,614431,547630,511717,473132,455493,434793,410784,380336,355130,349852,325303,289048,281425,258821,230970,243113,218000,229338,153021,127137,100959,61053",5,1,3120,[object Object],5,1034.1036111111111,4,3600,3249384,3686400,720896,18,,33,,
8,B,perturbation,distributed,1,6,0.8.0,f7f7cd21,65536,3,4096,95,0,"0,0,0,1,8,10,10,11,12,15,16,17,17,16,16,16,17,17,18,16,15,14,12,10,9,9,10,10,10,10,12,14,8,8,8,8,8,8,8,8,8,9,9,9,12,14,16,18,18,19,19,19,19,18,16,15,16,15,14,8,12,10,8,3",37,56,0,63,6,88,2463,4148,"4,32",3785,"60,34",2077,1,30,5,0,0,[object Object],65536,1024,0,0,437,",,,65536,524288,655360,655360,720896,786432,983040,1048576,1114112,557056,524288,524288,524288,557056,557056,589824,524288,491520,458752,393216,327680,294912,294912,327680,327680,327680,327680,393216,458752,262144,262144,262144,262144,262144,262144,262144,262144,262144,294912,294912,294912,393216,458752,524288,589824,589824,622592,622592,622592,1245184,1179648,1048576,983040,1048576,983040,917504,262144,786432,655360,524288,196608",861,0,0,11,"0,0,0,1,1,1,1,1,1,1,1,1,2,2,2,2,2,2,2,2,2,2,2,2,2,2,2,2,2,2,2,2,2,2,2,2,2,2,2,2,2,2,2,2,2,2,2,2,2,2,2,2,1,1,1,1,1,1,1,2,1,1,1,1",",,,143513,112963,143033,167862,188558,206380,227939,261519,285359,306688,327007,347001,370079,395892,404203,438705,469000,483126,522446,565555,582483,598548,600056,600608,600884,601236,600620,579988,584019,606173,607015,606807,606009,605912,604958,605268,604642,604531,603978,603871,601415,549661,478953,451239,440195,410549,393546,370023,339398,320768,286842,271592,253832,225566,234883,217998,228499,152233,127002,101376,69536",5,1,3123,[object Object],5,1034.1033333333332,4,3600,3262114,3686400,655360,20,,33,,
8,B,perturbation,distributed,1,7,0.8.0,2eba64de,65536,3,4096,95,0,"0,0,0,3,9,10,11,12,13,15,17,17,17,17,19,17,17,18,18,15,14,13,10,9,9,10,10,10,10,10,12,14,8,8,8,8,8,8,8,8,8,9,9,12,14,15,18,18,18,19,18,18,18,17,15,14,15,15,13,7,11,10,7,3",38,56,0,63,6,88,2466,4148,"4,32",3880,"61,34",1959,1,31,5,0,0,[object Object],65536,1024,0,0,440,",,,98304,589824,655360,720896,786432,851968,983040,1114112,557056,557056,557056,622592,557056,557056,589824,589824,491520,458752,425984,327680,294912,294912,327680,327680,327680,327680,327680,393216,458752,262144,262144,262144,262144,262144,262144,262144,262144,262144,294912,294912,393216,458752,491520,589824,589824,589824,622592,589824,589824,1179648,1114112,983040,917504,983040,983040,851968,229376,720896,655360,458752,196608",863,0,0,11,"0,0,0,2,1,1,1,1,1,1,1,2,2,2,2,2,2,2,2,2,2,2,2,2,2,2,2,2,2,2,2,2,2,2,2,2,2,2,2,2,2,2,2,2,2,2,2,2,2,2,2,2,1,1,1,1,1,1,1,2,1,1,1,1",",,0,135298,116576,145161,172406,206490,225777,248008,271270,304226,324106,340213,366382,399807,416723,427648,461972,478770,498657,562418,599354,604897,605503,606091,606532,607093,607333,607214,592809,602843,610721,610637,610394,609799,609500,609081,608669,608288,608347,608023,603673,555282,493906,466632,448770,418976,399556,362820,340617,325824,309395,274880,251329,241671,230956,214718,196556,210881,147096,118330,96930,70470",5,1,3124,[object Object],5,1034.1030555555556,4,3600,3258666,3686400,720896,9,,33,,
8,B,perturbation,distributed,1,8,0.8.0,62925c1b,65536,3,4096,95,0,"0,0,0,1,9,10,10,12,13,14,15,17,17,17,17,19,17,17,18,18,15,14,12,10,9,9,9,9,9,9,11,13,7,7,8,8,8,8,8,8,8,9,9,11,13,15,16,17,18,18,20,18,20,17,17,14,16,14,13,8,10,10,8,2",36,56,0,63,6,88,2468,4148,"4,32",3636,"60,34",1504,1,31,5,0,0,[object Object],65536,1024,0,0,442,",,,65536,589824,655360,655360,786432,851968,917504,983040,1114112,557056,557056,557056,622592,557056,557056,589824,589824,491520,458752,393216,327680,294912,294912,294912,294912,294912,294912,360448,425984,229376,229376,262144,262144,262144,262144,262144,262144,262144,294912,294912,240298,425984,491520,524288,557056,589824,589824,655360,589824,1310720,1114112,1114112,917504,1048576,917504,851968,262144,655360,655360,524288,131072",890,0,0,11,"0,0,0,1,1,1,1,1,1,1,1,1,2,2,2,2,2,2,2,2,2,2,2,2,2,2,2,2,2,2,2,2,2,2,2,2,2,2,2,2,2,2,2,3,2,2,2,2,2,2,2,2,1,1,1,1,1,1,1,2,1,1,1,1",",,,148807,117725,146863,169535,189511,223001,244553,266638,289259,322478,340524,356705,385530,420313,437231,446298,482536,503320,545526,588147,604642,619719,620037,619698,619363,619018,619291,638672,658646,614692,615900,616624,617347,618093,618662,619428,620050,620719,621403,621041,608210,520129,491338,455639,439435,421028,405610,381574,354578,331597,307352,284469,258997,246329,229612,224357,241803,150973,124425,97164,59817",5,1,3124,[object Object],5,1034.1030555555556,4,3600,3256809,3686400,655360,4,,33,,
8,B,perturbation,distributed,1,9,0.8.0,87ddbf38,65536,3,4096,95,0,"0,0,0,1,9,10,10,12,13,15,16,18,17,17,17,19,17,17,17,17,13,11,10,9,9,10,10,10,10,10,12,14,8,8,8,8,8,8,8,8,8,9,9,12,14,15,17,18,18,18,19,19,18,17,16,14,15,15,14,6,11,10,8,3",36,56,0,63,6,88,2457,4148,"4,32",3644,"60,34",1781,1,31,5,0,0,[object Object],65536,1024,0,0,430,",,,65536,589824,655360,655360,786432,851968,983040,1048576,1179648,557056,557056,557056,622592,557056,557056,557056,557056,425984,360448,327680,294912,294912,327680,327680,327680,327680,327680,393216,458752,262144,262144,262144,262144,262144,262144,262144,262144,262144,294912,294912,393216,458752,491520,557056,589824,589824,589824,622592,622592,1179648,1114112,1048576,917504,983040,983040,917504,196608,720896,655360,524288,196608",858,0,0,11,"0,0,0,1,1,1,1,1,1,1,1,1,2,2,2,2,2,2,2,2,2,2,2,2,2,2,2,2,2,2,2,2,2,2,2,2,2,2,2,2,2,2,2,2,2,2,2,2,2,2,2,2,1,1,1,1,1,1,1,2,1,1,1,1",",,,145994,116507,146343,169066,190149,223262,246313,268992,293641,325816,344927,360004,390157,424876,445423,452011,480647,529140,570685,588836,603957,604991,605622,606141,606680,607104,606719,589229,593445,612417,612062,611850,611193,611566,611034,610892,610358,610158,609786,607349,561836,491587,467079,451011,422554,394467,382583,357121,322514,309156,287662,252585,232952,232829,231095,198016,213556,160402,131397,104221,63038",5,1,3124,[object Object],5,1034.1030555555556,4,3600,3267711,3686400,655360,37,,33,,
8,B,perturbation,distributed,1,10,0.8.0,1dd2e772,65536,3,4096,94,0,"0,0,0,3,9,10,11,12,13,14,16,17,17,18,18,17,17,19,18,16,14,13,10,9,9,9,9,9,9,9,11,13,7,7,8,8,8,8,8,8,8,9,9,11,13,15,16,17,18,20,20,19,20,18,17,16,16,15,14,7,11,10,8,2",36,56,0,63,6,88,2467,4145,"4,32",3696,"60,34",1650,1,26,6,0,0,[object Object],65536,1024,0,0,441,",,,98304,589824,655360,720896,786432,851968,917504,1048576,1114112,557056,589824,589824,557056,557056,622592,589824,524288,458752,425984,327680,294912,294912,294912,294912,294912,294912,294912,360448,425984,229376,229376,262144,262144,262144,262144,262144,262144,262144,294912,294912,360448,425984,491520,524288,557056,589824,655360,655360,622592,1310720,1179648,1114112,1048576,1048576,491520,917504,152917,720896,655360,524288,131072",891,0,0,11,"0,0,0,2,1,1,1,1,1,1,1,1,2,2,2,2,2,2,2,2,2,2,2,2,2,2,2,2,2,2,2,2,2,2,2,2,2,2,2,2,2,2,2,2,2,2,2,2,2,2,2,2,1,1,1,1,1,2,1,3,1,1,1,1",",,,135513,117126,145880,171742,205711,225597,245385,268698,302940,324078,347158,377443,401216,416916,428826,472702,494113,488944,544375,605372,624475,624663,624233,623874,623442,623039,623700,641772,660245,617672,619191,619937,620742,621564,621977,622859,623416,624227,624784,625536,615169,537338,493921,469345,447732,430020,407402,375944,353799,319918,311844,288856,262061,248680,240754,217459,232858,150346,125225,98814,61392",5,1,3121,[object Object],5,1034.1038888888888,4,3600,3258104,3686400,720896,8,,33,,
9,B,basic,straight,,,0.8.0,a48d404d,512,3,4096,98,0,"0,0,0,1,3,3,3,3,3,3,3,5,5,5,5,5,5,5,5,5,5,5,5,5,5,5,5,5,5,5,5,5,3,5,5,5,5,5,5,5,5,5,5,5,5,6,7,7,7,7,5,5,5,5,5,5,5,5,5,0,0,0,0,0",20,56,0,46,63,93,2290,18989,"4,32",2072,"27,32",253,7,164,2,12386763,3598,[object Object],65536,1024,0,0,249,",,,65536,196608,196608,196608,196608,196608,196608,196608,327680,327680,327680,327680,327680,327680,327680,327680,327680,327680,327680,327680,327680,327680,327680,327680,327680,327680,327680,327680,327680,196608,327680,327680,327680,327680,327680,327680,327680,327680,327680,327680,327680,327680,393216,458752,458752,458752,458752,327680,327680,327680,327680,327680,327680,327680,327680,327680,,,,,",310,0,0,6,"0,0,0,1,1,1,1,1,1,1,1,1,1,1,1,1,1,1,1,1,1,1,1,1,1,1,1,1,1,1,1,1,1,1,1,1,1,1,1,1,1,1,1,1,1,1,1,1,1,1,1,1,1,1,1,1,1,1,1,0,0,0,0,0",",,0,8091,21335,47007,47130,47447,47796,47918,48229,48572,48693,48998,49336,49456,49755,50088,50207,50500,50829,50947,51235,51559,52425,52049,51599,51148,50971,50907,51075,51573,48140,54400,55530,56269,57249,58502,59618,61104,62292,63994,65602,67375,69062,70861,72617,74277,76077,76302,72536,72562,72550,72543,72572,72543,72562,72553,72536,,,,,",5,1,17964,[object Object],5,1271.1730555555555,4,3600,3439175,3686400,196608,,false,46,,
9,B,basic,distributed,,,0.8.0,f460e690,512,3,4096,95,0,"0,0,0,2,9,10,10,12,13,14,15,16,16,16,15,16,16,17,15,14,13,13,9,7,7,7,7,7,7,7,7,7,7,7,7,7,7,7,7,7,7,7,7,9,11,13,15,17,17,18,18,17,17,17,15,14,15,14,14,8,11,10,8,3",47,56,0,63,6,87,2486,5036,"4,32",4765,"60,34",3423,1,60,5,1178577,10113,[object Object],65536,1024,0,0,460,",,,65536,589824,655360,655360,786432,851968,917504,983040,524288,524288,524288,491520,524288,524288,557056,491520,458752,425984,425984,294912,229376,229376,229376,229376,229376,229376,229376,229376,229376,229376,229376,229376,229376,229376,229376,229376,229376,229376,229376,229376,196608,360448,425984,491520,557056,557056,589824,589824,557056,557056,1114112,983040,917504,983040,917504,917504,262144,720896,655360,524288,196608",796,2295,0,12,"0,0,0,2,1,1,1,1,1,1,1,2,2,2,2,2,2,2,2,2,2,2,2,2,2,2,2,2,2,2,2,2,2,2,2,2,2,2,2,2,2,2,2,3,2,2,2,2,2,2,2,2,2,1,1,1,1,1,1,2,1,1,1,1",",,,148659,119188,149838,169984,189168,221169,240487,260256,279394,306200,327216,345477,365898,384104,411420,435199,440879,429961,472243,562542,588019,589762,589744,589726,589622,589576,589542,589484,589438,588939,589302,589447,589332,589302,589277,589265,589302,589302,589302,589302,575282,501669,463929,431879,411627,390448,375780,342737,327279,314464,281081,267337,251985,226941,238869,221759,221775,150963,127661,103073,70674",5,1,4012,[object Object],5,1038.8227777777777,4,3600,3237330,3686400,655360,,true,46,,
9,B,basic,detour,,,0.8.0,0fcddfb7,512,3,4096,94,0,"0,0,0,0,8,9,10,12,13,14,13,14,14,14,13,14,14,15,13,12,11,11,7,5,5,5,5,5,5,5,5,5,5,5,5,5,5,5,5,5,5,5,5,8,9,11,12,13,15,16,16,15,16,16,16,16,15,15,14,7,11,10,8,1",102,56,0,63,6,85,2565,10249,"60,34",10249,"60,34",1151,3,1151,6,4233244,9463,[object Object],65536,1024,0,0,555,",,,,524288,589824,655360,786432,851968,917504,851968,917504,917504,917504,851968,917504,917504,983040,851968,786432,720896,720896,458752,327680,327680,327680,327680,327680,327680,327680,327680,327680,327680,327680,327680,327680,327680,327680,327680,327680,327680,327680,327680,524288,589824,720896,786432,851968,983040,1048576,1048576,983040,1048576,1048576,1048576,1048576,491520,983040,917504,152917,720896,655360,524288,65536",716,2719,0,14,"0,0,0,0,1,1,1,1,1,1,1,1,1,1,1,1,1,1,1,1,1,1,1,1,1,1,1,1,1,1,1,1,1,1,1,1,1,1,1,1,1,1,1,1,1,1,1,1,1,1,1,1,1,1,1,1,2,1,1,3,1,1,1,1",",,,145957,128373,152064,166047,180385,210972,217402,213866,217520,242136,241538,224957,224939,249800,251103,232851,213063,200533,180557,140654,108480,105912,105701,105564,105439,105341,105254,105162,105078,104122,104896,104804,104724,104604,104544,104436,104350,104256,104167,110457,150353,177738,202553,232489,242362,253312,270066,251057,255780,269191,249986,258360,271285,252432,254902,239435,210662,153406,142098,115990,62328",5,1,3568,[object Object],5,1035.9658333333334,4,3600,3156699,3686400,655360,,true,46,,
9,B,perturbation,distributed,1,1,0.8.0,2f5a0a6d,512,3,4096,95,0,"0,0,0,4,9,10,11,12,13,15,16,16,17,16,16,16,18,16,15,15,12,10,8,7,7,7,7,7,7,7,7,7,7,7,7,7,7,7,7,7,7,7,9,11,13,14,16,17,17,17,17,18,17,16,15,14,15,15,14,7,11,10,8,3",39,56,0,63,6,88,2476,4970,"4,32",3972,"60,34",2566,1,57,5,795430,6081,[object Object],65536,1024,0,0,451,",,,131072,589824,655360,720896,786432,851968,983040,1048576,524288,557056,524288,524288,524288,589824,524288,491520,491520,393216,327680,262144,229376,229376,229376,229376,229376,229376,229376,229376,229376,229376,229376,229376,229376,229376,229376,229376,229376,229376,229376,294912,360448,425984,458752,524288,557056,557056,557056,557056,589824,1114112,1048576,983040,917504,983040,983040,917504,229376,720896,655360,524288,196608",816,0,0,11,"0,0,0,2,1,1,1,1,1,1,1,2,2,2,2,2,2,2,2,2,2,2,2,2,2,2,2,2,2,2,2,2,2,2,2,2,2,2,2,2,2,2,2,2,2,2,2,2,2,2,2,2,1,1,1,1,1,1,1,2,1,1,1,1",",,0,133837,119488,150001,171732,205631,222874,243439,276665,294638,316628,343249,360673,372459,401357,431640,428199,439951,480175,550892,571414,586846,587375,587435,587313,587375,587375,587435,587313,587375,587458,587435,587313,587375,587375,587435,587313,587375,587375,587435,576594,495128,455419,428752,410937,391556,369101,354738,336902,307530,295108,278289,244754,227166,229064,230488,198793,212961,159058,131474,104912,69011",5,1,3945,[object Object],5,1038.8355555555556,4,3600,3248640,3686400,720896,34,,46,,
9,B,perturbation,distributed,1,2,0.8.0,b89f5c3a,512,3,4096,95,0,"0,0,0,2,9,10,10,11,13,14,15,15,15,16,16,16,15,15,15,15,15,12,10,8,7,7,7,7,7,7,7,7,7,7,7,7,7,7,7,7,7,7,7,9,11,13,14,16,18,19,18,18,18,17,16,14,16,15,14,7,11,10,8,3",47,56,0,63,6,87,2482,5100,"4,32",4741,"60,34",2808,1,64,5,1227978,6372,[object Object],65536,1024,0,0,456,",,,65536,589824,655360,655360,720896,851968,917504,983040,491520,491520,524288,524288,524288,491520,491520,491520,491520,491520,393216,327680,262144,229376,229376,229376,229376,229376,229376,229376,229376,229376,229376,229376,229376,229376,229376,229376,229376,229376,229376,229376,294912,360448,425984,458752,524288,589824,622592,589824,589824,589824,1114112,1048576,917504,1048576,491520,917504,152917,720896,655360,524288,196608",814,2083,0,12,"0,0,0,2,1,1,1,1,1,1,1,2,2,2,2,2,2,2,2,2,2,2,2,2,2,2,2,2,2,2,2,2,2,2,2,2,2,2,2,2,2,2,2,2,2,2,2,2,2,2,2,2,2,1,1,1,1,2,1,3,1,1,1,1",",,,146862,116157,148014,170036,187266,204886,236545,258059,277064,294707,312824,334762,358923,380643,400990,419264,422037,438992,477024,539649,560896,578231,579400,579267,579400,579267,579400,579267,579400,579189,579400,579267,579400,579267,579400,579267,579400,579267,579400,579267,561214,471993,452385,434541,416900,404541,371931,354936,337166,309428,293884,259925,251405,242255,236137,218238,225067,147785,125215,100319,68341",5,1,4076,[object Object],5,1038.8072222222222,4,3600,3241714,3686400,655360,13,,46,,
9,B,perturbation,distributed,1,3,0.8.0,fb5bd5ca,512,3,4096,94,0,"0,0,0,3,9,10,11,12,13,15,16,17,18,18,17,17,18,19,17,16,16,13,11,9,9,9,9,9,9,9,11,13,7,7,7,8,8,8,9,9,9,9,10,13,14,15,17,18,18,18,19,17,18,18,15,15,16,14,14,6,10,10,8,3",42,56,0,63,6,87,2488,4944,"4,32",4273,"60,34",3137,1,60,6,902554,6230,[object Object],65536,1024,0,0,465,",,,98304,589824,655360,720896,786432,851968,983040,1048576,1114112,589824,589824,557056,557056,589824,622592,557056,524288,524288,425984,360448,294912,294912,294912,294912,294912,294912,294912,360448,425984,229376,229376,229376,262144,262144,262144,294912,294912,294912,294912,327680,425984,458752,491520,557056,589824,589824,589824,622592,557056,1179648,1179648,983040,983040,1048576,917504,917504,196608,655360,655360,524288,196608",901,0,0,12,"0,0,0,2,1,1,1,1,1,1,1,1,2,2,2,2,2,2,2,2,2,2,2,2,2,2,2,2,2,2,2,2,2,2,2,2,2,2,2,2,2,2,2,2,2,2,2,2,2,2,2,2,1,1,1,1,1,1,1,2,1,1,1,1",",,0,133322,118690,148941,171519,205072,222095,243221,276038,298163,323335,350337,370934,386647,400762,441885,464076,459613,475297,533886,600578,616494,616567,616236,616138,615837,615291,615559,633916,654215,607425,609444,609740,610479,611031,611718,612198,612870,614123,614571,606018,532884,483222,457275,435405,420437,401788,378872,358033,328252,317523,297467,266051,260838,247825,239275,216725,229383,148353,124539,98772,68857",5,1,3920,[object Object],5,1037.8569444444445,4,3600,3235568,3686400,720896,5,,46,,
9,B,perturbation,distributed,1,4,0.8.0,21d4a12e,512,3,4096,94,0,"0,0,0,2,9,10,10,12,13,15,16,17,17,17,17,17,19,17,16,16,15,11,10,9,9,9,9,9,10,10,12,14,8,8,8,8,8,8,8,8,8,8,9,12,14,15,17,18,19,18,18,19,19,17,16,15,14,14,14,6,11,10,8,3",40,56,0,63,6,88,2473,5132,"4,32",4045,"60,34",1788,1,63,6,970238,6159,[object Object],65536,1024,0,0,447,",,,65536,589824,655360,655360,786432,851968,983040,1048576,1114112,557056,557056,557056,557056,622592,557056,524288,524288,491520,360448,327680,294912,294912,294912,294912,294912,327680,327680,393216,458752,262144,262144,262144,262144,262144,262144,262144,262144,262144,262144,294912,393216,458752,491520,557056,589824,622592,589824,589824,622592,1245184,1114112,1048576,983040,917504,917504,917504,196608,720896,655360,524288,196608",851,0,0,11,"0,0,0,2,1,1,1,1,1,1,1,1,2,2,2,2,2,2,2,2,2,2,2,2,2,2,2,2,2,2,2,2,2,2,2,2,2,2,2,2,2,2,2,2,2,2,2,2,2,2,2,2,1,1,1,1,1,1,1,2,1,1,1,1",",,,146679,116086,147103,168811,191404,219918,240297,262387,284120,304439,334618,351201,364707,396818,425366,445150,444483,471169,533794,576132,594840,596303,596799,597412,597845,598242,598490,582588,595358,600008,600957,600681,599793,599263,598890,598528,598581,598140,597522,597282,563650,478242,456594,435813,421672,387829,361661,352073,332193,300086,287992,266892,234952,228792,231013,199939,217429,155552,129523,103816,69918",5,1,4108,[object Object],5,1039.7847222222222,4,3600,3252034,3686400,655360,45,,46,,
9,B,perturbation,distributed,1,5,0.8.0,bae11b34,512,3,4096,93,0,"0,0,0,3,9,11,11,12,14,15,16,18,18,17,18,19,18,18,18,15,14,13,10,9,9,9,9,9,9,9,11,13,7,7,8,8,8,8,8,8,8,8,11,13,14,16,17,17,19,19,17,18,19,17,16,15,15,15,14,7,11,10,8,3",41,56,0,63,6,87,2486,4880,"4,32",4137,"60,34",2159,1,61,7,785935,6163,[object Object],65536,1024,0,0,462,",,,98304,589824,720896,720896,786432,917504,983040,1048576,1179648,589824,557056,589824,622592,589824,589824,589824,491520,458752,425984,327680,294912,294912,294912,294912,294912,294912,294912,360448,425984,229376,229376,262144,262144,262144,262144,262144,262144,262144,262144,360448,425984,458752,524288,557056,557056,622592,622592,557056,589824,1245184,557056,1048576,983040,491520,983040,917504,152917,720896,655360,524288,196608",898,0,0,12,"0,0,0,2,1,1,1,1,1,1,1,1,2,2,2,2,2,2,2,2,2,2,2,2,2,2,2,2,2,2,2,2,2,2,2,2,2,2,2,2,2,2,2,2,2,2,2,2,2,2,2,2,1,2,1,1,2,1,1,3,1,1,1,1",",,,135055,118690,152527,189206,207220,226512,259510,280300,303676,335594,353942,368484,406909,436702,447358,469033,478171,501646,576002,610723,614842,613917,613608,613104,612780,612316,612828,633769,656186,608811,608593,609072,609747,610246,610872,611449,612186,612903,613031,600054,530370,493795,455377,440791,421176,399267,370960,346658,343357,320209,284396,277777,256682,230006,242983,219004,226696,151722,126769,100784,68857",5,1,3856,[object Object],5,1037.8725,4,3600,3238150,3686400,720896,2,,46,,
9,B,perturbation,distributed,1,6,0.8.0,275e2cb3,512,3,4096,94,0,"0,0,0,2,9,10,10,11,12,14,16,17,17,16,16,16,17,17,18,16,15,14,12,10,9,9,9,9,9,9,11,13,8,8,8,8,8,8,8,8,8,8,8,9,12,14,16,18,18,19,19,19,19,18,16,15,15,14,14,7,11,10,8,3",45,56,0,63,6,88,2479,5196,"4,32",4573,"60,34",2612,1,66,6,1227867,6333,[object Object],65536,1024,0,0,453,",,,65536,589824,655360,655360,720896,786432,917504,1048576,1114112,557056,524288,524288,524288,557056,557056,589824,524288,491520,458752,393216,327680,294912,294912,294912,294912,294912,294912,360448,425984,262144,262144,262144,262144,262144,262144,262144,262144,262144,262144,262144,294912,393216,458752,524288,589824,589824,622592,622592,622592,1245184,1179648,1048576,983040,983040,917504,917504,152917,720896,655360,524288,196608",859,2052,0,11,"0,0,0,2,1,1,1,1,1,1,1,1,2,2,2,2,2,2,2,2,2,2,2,2,2,2,2,2,2,2,2,2,2,2,2,2,2,2,2,2,2,2,2,2,2,2,2,2,2,2,2,2,1,1,1,1,1,1,1,3,1,1,1,1",",,,145969,114201,146088,168802,187372,203280,223812,255893,279776,298837,316516,334348,355541,380487,389534,419302,445988,457967,497090,543255,560719,577580,578879,579393,579904,580417,579748,553564,558870,585879,585888,585730,585127,585283,585027,584962,584346,584046,583451,583899,581698,528848,457676,431965,422661,395472,380738,359140,330766,314442,281959,266751,251018,223964,234281,219006,224192,149420,126244,101581,68977",5,1,4172,[object Object],5,1039.7727777777777,4,3600,3244636,3686400,655360,22,,46,,
9,B,perturbation,distributed,1,7,0.8.0,1a0cf184,512,3,4096,94,0,"0,0,0,3,9,10,11,12,13,15,17,17,17,17,18,17,17,18,18,15,14,13,10,9,9,9,9,10,10,10,12,14,8,8,8,8,8,8,8,8,8,8,9,12,14,15,18,18,18,19,18,18,18,17,15,14,14,14,13,7,11,10,7,3",42,56,0,63,6,88,2479,5076,"4,32",4244,"61,34",2466,1,62,6,940436,6175,[object Object],65536,1024,0,0,454,",,,98304,589824,655360,720896,786432,851968,983040,1114112,557056,557056,557056,589824,557056,557056,589824,589824,491520,458752,425984,327680,294912,294912,294912,294912,327680,327680,327680,393216,458752,262144,262144,262144,262144,262144,262144,262144,262144,262144,262144,294912,393216,458752,491520,589824,589824,589824,622592,589824,589824,1179648,1114112,983040,917504,917504,917504,851968,229376,720896,655360,458752,196608",864,0,0,11,"0,0,0,2,1,1,1,1,1,1,1,2,2,2,2,2,2,2,2,2,2,2,2,2,2,2,2,2,2,2,2,2,2,2,2,2,2,2,2,2,2,2,2,2,2,2,2,2,2,2,2,2,1,1,1,1,1,1,1,2,1,1,1,1",",,0,133207,115869,148059,172847,205193,222872,243076,265617,297038,315362,331271,355387,385793,402012,412174,443639,457534,477794,542554,580377,585935,586260,586795,587418,587668,588247,587599,571397,584721,590779,591123,590977,590589,590563,590022,589444,588957,589108,588353,584937,534059,473121,446706,430168,402961,387072,352595,331257,317826,304289,269832,247765,238908,229087,214217,197489,207853,146225,118821,97673,71750",5,1,4052,[object Object],5,1038.8133333333333,4,3600,3245836,3686400,720896,26,,46,,
9,B,perturbation,distributed,1,8,0.8.0,08caa0ee,512,3,4096,94,0,"0,0,0,2,9,10,10,12,13,14,15,17,17,17,17,19,17,17,18,18,15,14,12,10,9,9,9,9,9,9,11,13,7,7,7,8,8,8,8,8,8,8,8,11,13,15,16,17,18,18,20,18,20,17,17,14,16,14,13,8,10,10,8,3",44,56,0,63,6,87,2481,5000,"4,32",4401,"60,34",2202,1,65,6,1033740,6303,[object Object],65536,1024,0,0,456,",,,65536,589824,655360,655360,786432,851968,917504,983040,1114112,557056,557056,557056,622592,557056,557056,589824,589824,491520,458752,393216,327680,294912,294912,294912,294912,294912,294912,360448,425984,229376,229376,229376,262144,262144,262144,262144,262144,262144,262144,262144,240298,425984,491520,524288,557056,589824,589824,655360,589824,1310720,1114112,1114112,917504,1048576,917504,851968,262144,655360,655360,524288,196608",889,0,0,12,"0,0,0,2,1,1,1,1,1,1,1,1,2,2,2,2,2,2,2,2,2,2,2,2,2,2,2,2,2,2,2,2,2,2,2,2,2,2,2,2,2,2,2,3,2,2,2,2,2,2,2,2,1,1,1,1,1,1,1,2,1,1,1,1",",,,148659,118385,148778,169463,188540,220376,239814,260449,282587,314056,331723,347856,374690,406302,422654,431348,465127,483422,524654,571622,588822,604483,604918,604551,604241,604200,604784,627396,652679,599607,600611,600942,601697,602202,602784,603364,604494,605098,605444,605111,591061,499361,471545,437736,423168,406758,394005,371259,346989,325554,301706,281247,255921,245485,230652,225444,238427,148434,123188,97077,60738",5,1,3976,[object Object],5,1038.826111111111,4,3600,3243146,3686400,655360,17,,46,,
9,B,perturbation,distributed,1,9,0.8.0,a5286a3b,512,3,4096,94,0,"0,0,0,3,9,10,10,12,13,15,16,18,17,17,17,19,17,17,18,17,13,11,10,9,9,9,9,10,10,10,12,14,8,8,8,8,8,8,8,8,8,9,9,12,14,15,17,18,18,18,19,19,18,17,16,14,14,14,14,7,11,10,8,3",37,56,0,63,6,88,2469,5112,"4,32",3793,"61,34",3327,1,65,6,845704,4708,[object Object],65536,1024,0,0,443,",,,98304,589824,655360,655360,786432,851968,983040,1048576,1179648,557056,557056,557056,622592,557056,557056,589824,557056,425984,360448,327680,294912,294912,294912,294912,327680,327680,327680,393216,458752,262144,262144,262144,262144,262144,262144,262144,262144,262144,294912,294912,393216,458752,491520,557056,589824,589824,589824,622592,622592,1179648,1114112,1048576,917504,917504,917504,917504,229376,720896,655360,524288,196608",857,0,0,11,"0,0,0,2,1,1,1,1,1,1,1,1,2,2,2,2,2,2,2,2,2,2,2,2,2,2,2,2,2,2,2,2,2,2,2,2,2,2,2,2,2,2,2,2,2,2,2,2,2,2,2,2,1,1,1,1,1,1,1,2,1,1,1,1",",,,148659,118018,148940,169727,189252,220754,241202,262385,286416,316814,334831,350258,377540,408711,426789,432946,459798,508367,551515,570339,585529,586939,587484,587840,588477,589266,588669,566612,572129,593333,593626,593297,592899,592736,592281,592675,592193,592005,591262,589016,540795,470098,446591,432121,406369,380648,370270,347477,315144,303027,283363,249198,230348,230468,230900,199668,211870,160741,132146,105436,70203",5,1,4088,[object Object],5,1038.8041666666666,4,3600,3255862,3686400,655360,57,,46,,
9,B,perturbation,distributed,1,10,0.8.0,16d8463a,512,3,4096,94,0,"0,0,0,3,9,10,11,12,13,14,16,17,17,18,18,17,17,19,18,16,14,13,10,9,9,9,9,9,9,9,11,13,7,7,7,8,8,8,8,8,8,8,8,11,13,15,16,17,18,20,20,19,19,18,17,15,16,14,14,6,10,10,8,3",44,56,0,63,6,88,2479,4970,"4,32",4420,"60,34",2107,1,58,6,1007376,6315,[object Object],65536,1024,0,0,454,",,,98304,589824,655360,720896,786432,851968,917504,1048576,1114112,557056,589824,589824,557056,557056,622592,589824,524288,458752,425984,327680,294912,294912,294912,294912,294912,294912,294912,360448,425984,229376,229376,229376,262144,262144,262144,262144,262144,262144,262144,262144,360448,425984,491520,524288,557056,589824,655360,655360,622592,622592,1179648,1114112,491520,1048576,917504,917504,196608,655360,655360,524288,196608",890,0,0,11,"0,0,0,2,1,1,1,1,1,1,1,1,2,2,2,2,2,2,2,2,2,2,2,2,2,2,2,2,2,2,2,2,2,2,2,2,2,2,2,2,2,2,2,2,2,2,2,2,2,2,2,2,2,1,1,2,1,1,1,2,1,1,1,1",",,0,133101,116975,148007,172695,205372,223033,241160,263004,295900,315813,339362,366794,388984,403314,415625,456071,475842,470471,527340,589478,609591,609881,609569,609042,608756,608614,609198,630457,653781,602537,603955,604368,605002,605634,606266,606862,607526,608409,609077,609802,598568,518766,474363,451268,431435,416379,395974,366556,346094,313424,306060,284832,258679,247113,240554,217991,229240,147536,124022,98126,68350",5,1,3945,[object Object],5,1038.8352777777777,4,3600,3245155,3686400,720896,24,,46,,
10,B,basic,straight,,,0.8.0,906716cf,65536,9,4096,98,0,"0,0,0,1,3,3,3,3,3,3,3,3,3,3,3,3,3,3,3,3,3,3,3,3,3,3,3,3,3,3,3,3,3,5,5,5,5,5,5,5,5,5,5,5,5,5,5,5,5,5,5,5,5,5,5,5,5,5,5,0,0,0,0,0",38,50,0,63,63,93,2273,4164,"4,32",3868,"6,32",42,1,29,2,0,0,[object Object],65536,1024,0,0,232,",,,65536,196608,196608,196608,196608,196608,196608,196608,196608,196608,196608,196608,196608,196608,196608,196608,196608,196608,196608,196608,196608,196608,196608,196608,196608,196608,196608,196608,196608,196608,327680,327680,327680,327680,327680,327680,327680,327680,327680,327680,327680,327680,327680,327680,327680,327680,327680,327680,327680,327680,327680,327680,327680,327680,327680,327680,,,,,",267,0,0,6,"0,0,0,1,1,1,1,1,1,1,1,1,1,1,1,1,1,1,1,1,1,1,1,1,1,1,1,1,1,1,1,1,1,1,1,1,1,1,1,1,1,1,1,1,1,1,1,1,1,1,1,1,1,1,1,1,1,1,1,0,0,0,0,0",",,,0,12967,15628,18728,21201,23235,24958,26562,27930,29237,30356,31436,32356,33251,34109,34844,35565,36256,36839,37397,37964,39590,40103,40070,40284,40686,41221,41959,42955,43968,49833,50288,51201,53017,54009,55491,56713,58002,59793,61492,62962,65055,66607,68681,70215,72340,72580,68892,68957,69013,69077,69133,69198,69254,69318,69374,,,,,",5,1,3140,[object Object],5,1038.0897222222222,4,3600,3456330,3686400,196608,,false,31,,
10,B,basic,distributed,,,0.8.0,ab27202d,65536,9,4096,95,0,"0,0,0,1,9,10,10,12,13,14,15,16,16,16,15,16,16,17,15,14,13,13,11,7,7,7,7,7,7,7,7,7,7,7,7,7,7,7,7,7,7,7,7,9,11,13,15,17,17,18,18,17,18,17,15,14,16,15,14,8,12,10,8,3",38,50,0,63,6,88,2469,4148,"4,32",3868,"60,34",1615,1,31,5,0,0,[object Object],65536,1024,0,0,443,",,,65536,589824,655360,655360,786432,851968,917504,983040,524288,524288,524288,491520,524288,524288,557056,491520,458752,425984,425984,360448,229376,229376,229376,229376,229376,229376,229376,229376,229376,229376,229376,229376,229376,229376,229376,229376,229376,229376,229376,229376,196608,360448,425984,491520,557056,557056,589824,589824,557056,1179648,1114112,983040,917504,1048576,983040,917504,262144,786432,655360,524288,196608",794,0,0,11,"0,0,0,1,1,1,1,1,1,1,1,2,2,2,2,2,2,2,2,2,2,2,2,2,2,2,2,2,2,2,2,2,2,2,2,2,2,2,2,2,2,2,2,3,2,2,2,2,2,2,2,2,1,1,1,1,1,1,1,2,1,1,1,1",",,,149445,118381,147456,169647,190071,223507,245086,266132,286474,313174,336994,357575,379823,397924,427809,455274,462855,451631,495903,584156,608191,609672,609587,609538,609457,609373,609444,609489,609428,610127,609489,609489,609489,609428,609489,609523,609489,609489,609428,609523,595333,522315,484231,451012,428807,405655,387828,352855,335976,320698,285776,271789,254481,228646,239703,220075,227178,153789,128572,103079,69625",5,1,3124,[object Object],5,1034.1030555555556,4,3600,3255462,3686400,655360,,true,31,,
10,B,basic,detour,,,0.8.0,4a12443f,65536,9,4096,94,0,"0,0,0,2,8,9,10,12,13,14,13,14,14,15,15,15,15,15,15,13,12,11,10,6,5,5,5,5,5,5,5,5,5,5,5,5,5,5,5,5,5,5,6,9,10,12,13,15,16,16,16,16,16,16,16,16,16,15,14,8,12,10,8,2",49,50,0,63,6,85,2564,4948,"60,34",4948,"60,34",1594,1,1594,6,0,0,[object Object],65536,1024,0,0,553,",,,131072,524288,589824,655360,786432,851968,917504,851968,917504,917504,983040,983040,983040,983040,983040,983040,851968,786432,720896,655360,393216,327680,327680,327680,327680,327680,327680,327680,327680,327680,327680,327680,327680,327680,327680,327680,327680,327680,327680,196608,589824,655360,786432,851968,983040,1048576,1048576,1048576,1048576,1048576,1048576,1048576,1048576,1048576,983040,917504,262144,786432,655360,524288,131072",717,2786,0,14,"0,0,0,1,1,1,1,1,1,1,1,1,1,1,1,1,1,1,1,1,1,1,1,1,1,1,1,1,1,1,1,1,1,1,1,1,1,1,1,1,1,1,2,1,1,1,1,1,1,1,1,1,1,1,1,1,1,1,1,2,1,1,1,1",",,,141989,130291,152296,165584,179506,209074,215768,212424,216352,241648,240487,224323,224895,249523,250241,232200,212409,199984,180127,140462,108367,105776,105583,105440,105312,105218,105124,105048,104960,104007,104770,104678,104599,104498,104421,104328,104225,104119,104054,109800,150184,177802,202752,232558,242273,253290,270136,251071,255739,269168,250102,258388,271585,253201,256048,240409,231776,163936,142068,114025,60008",5,1,3123,[object Object],5,1034.1022222222223,4,3600,3157677,3686400,655360,,true,31,,
10,B,perturbation,distributed,1,1,0.8.0,9e699488,65536,9,4096,96,0,"0,0,0,3,9,10,11,12,13,15,16,16,17,16,16,16,18,16,15,15,12,10,8,7,7,7,7,7,7,7,7,7,7,7,7,7,7,7,7,7,7,7,9,11,13,14,16,16,17,17,17,18,17,16,15,14,15,15,14,7,11,10,8,3",36,50,0,63,6,88,2464,4148,"4,32",3680,"60,34",1916,1,29,4,0,0,[object Object],65536,1024,0,0,438,",,,98304,589824,655360,720896,786432,851968,983040,1048576,524288,557056,524288,524288,524288,589824,524288,491520,491520,393216,327680,262144,229376,229376,229376,229376,229376,229376,229376,229376,229376,229376,229376,229376,229376,229376,229376,229376,229376,229376,229376,294912,360448,425984,458752,524288,524288,557056,557056,557056,589824,1114112,1048576,983040,917504,983040,983040,917504,229376,720896,655360,524288,196608",797,0,0,11,"0,0,0,2,1,1,1,1,1,1,1,2,2,2,2,2,2,2,2,2,2,2,2,2,2,2,2,2,2,2,2,2,2,2,2,2,2,2,2,2,2,2,2,2,2,2,2,2,2,2,2,2,1,1,1,1,1,1,1,2,1,1,1,1",",,,134097,119116,147397,171460,207085,225919,247713,282248,300286,324385,353588,372376,383675,415571,448520,445610,460357,502739,570795,590304,605412,606149,606106,606106,606202,606256,606106,606149,606202,606645,606149,606159,606202,606256,606202,606106,606149,606159,606202,595459,514451,474194,445911,426730,405854,381386,365321,345416,313873,300739,282120,247722,229359,230727,230209,197748,215082,159757,131636,104777,63112",5,1,3124,[object Object],5,1034.1027777777779,4,3600,3260472,3686400,720896,15,,31,,
10,B,perturbation,distributed,1,2,0.8.0,f6a34c3b,65536,9,4096,95,0,"0,0,0,1,9,10,10,11,13,14,15,15,15,16,16,17,15,15,15,15,15,14,10,8,7,7,7,7,7,7,7,7,7,7,7,7,7,7,7,7,7,7,7,9,12,13,14,17,18,19,18,18,18,17,16,14,16,16,14,8,12,10,8,3",37,50,0,63,6,88,2466,4148,"4,32",3797,"60,34",1534,1,31,5,0,0,[object Object],65536,1024,0,0,439,",,,65536,589824,655360,655360,720896,851968,917504,983040,491520,491520,524288,524288,557056,491520,491520,491520,491520,491520,458752,327680,262144,229376,229376,229376,229376,229376,229376,229376,229376,229376,229376,229376,229376,229376,229376,229376,229376,229376,229376,229376,294912,393216,425984,458752,557056,589824,622592,589824,589824,589824,1114112,1048576,917504,1048576,1048576,917504,262144,786432,655360,524288,196608",810,0,0,11,"0,0,0,1,1,1,1,1,1,1,1,2,2,2,2,2,2,2,2,2,2,2,2,2,2,2,2,2,2,2,2,2,2,2,2,2,2,2,2,2,2,2,2,2,2,2,2,2,2,2,2,2,2,1,1,1,1,1,1,2,1,1,1,1",",,,146712,116332,145307,169699,188737,207448,240559,263393,283833,302600,322231,344133,370430,394959,417390,437196,440044,459340,500180,560828,580901,597942,598719,598719,598719,598719,598719,598719,598719,599576,598719,598719,598719,598719,598719,598719,598719,598719,598719,598719,580755,492545,471321,452968,433882,418633,383405,364463,345049,316310,298277,263754,254087,243812,237021,216603,229883,150963,126218,100196,62206",5,1,3124,[object Object],5,1034.1030555555556,4,3600,3259363,3686400,655360,11,,31,,
10,B,perturbation,distributed,1,3,0.8.0,6ee05697,65536,9,4096,94,0,"0,0,0,3,9,10,11,12,13,15,16,17,18,18,17,17,18,19,17,16,16,13,11,9,9,9,9,9,9,9,10,11,8,8,9,9,9,9,9,9,9,10,11,14,15,16,18,19,19,19,20,18,18,18,15,15,16,14,14,6,10,10,8,2",36,50,0,63,6,88,2472,4148,"4,32",3650,"60,34",1635,1,32,6,0,0,[object Object],65536,1024,0,0,446,",,,98304,589824,655360,720896,786432,851968,983040,1048576,1114112,589824,589824,557056,557056,589824,622592,557056,524288,524288,425984,360448,294912,294912,294912,294912,294912,294912,294912,327680,360448,262144,262144,294912,294912,294912,294912,294912,294912,294912,327680,360448,458752,491520,524288,589824,622592,622592,622592,655360,589824,1179648,1179648,983040,983040,1048576,917504,917504,196608,655360,655360,524288,131072",897,0,0,11,"0,0,0,2,1,1,1,1,1,1,1,1,2,2,2,2,2,2,2,2,2,2,2,2,2,2,2,2,2,2,2,2,2,2,2,2,2,2,2,2,2,2,2,2,2,2,2,2,2,2,2,2,1,1,1,1,1,1,1,2,1,1,1,1",",,,134097,118506,147206,170769,205874,224918,248005,282126,304912,329879,359062,381783,398763,412120,456130,481287,477157,495444,554752,617739,632031,632193,631737,631301,631057,630619,630005,611067,543398,616107,615869,616615,616925,617554,618026,618635,618961,619730,620126,612065,541023,492612,466714,443297,425009,405543,382408,360018,328883,317228,296489,264523,260100,245381,236964,213910,231291,150595,125400,98645,62027",5,1,3123,[object Object],5,1034.1030555555556,4,3600,3253164,3686400,720896,7,,31,,
10,B,perturbation,distributed,1,4,0.8.0,3190642d,65536,9,4096,95,0,"0,0,0,1,9,10,10,12,13,15,16,17,17,17,17,17,19,17,16,16,15,11,10,9,9,10,10,10,10,10,11,12,9,9,9,9,9,9,9,9,9,10,10,13,15,16,18,19,20,19,19,20,20,18,17,16,15,15,14,6,11,10,8,3",37,50,0,63,6,88,2459,4148,"4,32",3724,"60,34",2185,1,31,5,0,0,[object Object],65536,1024,0,0,432,",,,65536,589824,655360,655360,786432,851968,983040,1048576,1114112,557056,557056,557056,557056,622592,557056,524288,524288,491520,360448,327680,294912,294912,327680,327680,327680,327680,327680,360448,393216,294912,294912,294912,294912,294912,294912,294912,294912,294912,327680,327680,425984,491520,524288,589824,622592,655360,622592,622592,655360,1310720,1179648,1114112,1048576,983040,983040,917504,196608,720896,655360,524288,196608",875,0,0,11,"0,0,0,1,1,1,1,1,1,1,1,1,2,2,2,2,2,2,2,2,2,2,2,2,2,2,2,2,2,2,2,2,2,2,2,2,2,2,2,2,2,2,2,2,2,2,2,2,2,2,2,2,1,1,1,1,1,1,1,2,1,1,1,1",",,,145994,114139,144035,168683,192027,222826,245177,268683,291967,313785,345508,362771,376425,411973,445373,467221,465616,494585,556129,597304,614673,616241,616776,617251,617587,618037,618232,580498,504845,623295,622196,621626,621397,621369,621084,620528,620224,619736,619471,618824,586409,502700,479490,457261,440965,404389,376403,364471,341584,307956,294056,272414,238581,232396,232972,199252,220483,155963,129261,103286,69098",5,1,3124,[object Object],5,1034.1025,4,3600,3265645,3686400,655360,31,,31,,
10,B,perturbation,distributed,1,5,0.8.0,a7f57612,65536,9,4096,94,0,"0,0,0,3,9,11,11,12,14,15,16,18,18,17,18,19,18,18,18,15,14,13,10,9,9,9,9,9,9,9,10,11,8,9,9,9,9,9,9,9,9,10,12,14,15,17,18,18,20,20,19,19,19,17,16,15,15,15,14,7,11,10,8,2",37,50,0,63,6,88,2471,4144,"4,32",3701,"60,34",1796,1,28,6,0,0,[object Object],65536,1024,0,0,445,",,,98304,589824,720896,720896,786432,917504,983040,1048576,1179648,589824,557056,589824,622592,589824,589824,589824,491520,458752,425984,327680,294912,294912,294912,294912,294912,294912,294912,327680,360448,262144,294912,294912,294912,294912,294912,294912,294912,294912,327680,393216,458752,491520,557056,589824,589824,655360,655360,622592,622592,1245184,557056,1048576,983040,491520,983040,917504,152917,720896,655360,524288,131072",910,0,0,11,"0,0,0,2,1,1,1,1,1,1,1,1,2,2,2,2,2,2,2,2,2,2,2,2,2,2,2,2,2,2,2,2,2,2,2,2,2,2,2,2,2,2,2,2,2,2,2,2,2,2,2,2,1,2,1,1,2,1,1,3,1,1,1,1",",,,134998,117709,150612,189268,208460,229365,263904,286096,309318,343238,363078,378020,418352,450589,461301,486578,497536,520638,591370,623819,627457,627012,626560,626137,625485,625210,624712,611466,551492,613289,612592,613175,613655,614281,614820,615400,615811,616496,616560,604023,536473,501139,463679,446480,426467,402902,373357,348658,344066,319014,282639,277202,254830,227520,240676,216864,228890,153028,127132,100948,61053",5,1,3120,[object Object],5,1034.1036111111111,4,3600,3253685,3686400,720896,5,,31,,
10,B,perturbation,distributed,1,6,0.8.0,362f2b6a,65536,9,4096,95,0,"0,0,0,1,8,10,10,11,12,15,16,17,17,16,16,16,17,17,18,16,15,14,12,10,9,9,10,10,10,10,11,12,9,9,9,9,9,9,9,9,9,10,10,10,13,15,17,19,19,20,20,20,20,19,17,16,16,15,14,8,12,10,8,3",37,50,0,63,6,88,2462,4148,"4,32",3792,"60,34",1889,1,30,5,0,0,[object Object],65536,1024,0,0,435,",,,65536,524288,655360,655360,720896,786432,983040,1048576,1114112,557056,524288,524288,524288,557056,557056,589824,524288,491520,458752,393216,327680,294912,294912,327680,327680,327680,327680,360448,393216,294912,294912,294912,294912,294912,294912,294912,294912,294912,327680,327680,327680,425984,491520,557056,622592,622592,655360,655360,655360,1310720,1245184,1114112,1048576,1048576,983040,917504,262144,786432,655360,524288,196608",882,0,0,11,"0,0,0,1,1,1,1,1,1,1,1,1,2,2,2,2,2,2,2,2,2,2,2,2,2,2,2,2,2,2,2,2,2,2,2,2,2,2,2,2,2,2,2,2,2,2,2,2,2,2,2,2,1,1,1,1,1,1,1,2,1,1,1,1",",,,143513,112963,143033,167862,188558,206380,227939,261519,285359,306688,327007,347001,370079,395892,404203,438705,469000,483126,522446,565555,582483,598548,600056,600608,600884,601236,600620,554469,468350,609276,608712,608599,607896,607895,607176,607580,607035,606849,606299,606191,604055,552338,481444,453495,442379,412449,395113,371759,340937,322234,288296,273045,255122,227137,236895,218757,229376,152200,127017,101384,70501",5,1,3123,[object Object],5,1034.1033333333332,4,3600,3263128,3686400,655360,23,,31,,
10,B,perturbation,distributed,1,7,0.8.0,f3416fa1,65536,9,4096,95,0,"0,0,0,3,9,10,11,12,13,15,17,17,17,17,19,17,17,18,18,15,14,13,10,9,9,10,10,10,10,10,11,12,9,9,9,9,9,9,9,9,9,10,10,13,15,16,19,19,19,20,19,19,19,18,16,15,15,15,13,7,11,10,7,3",38,50,0,63,6,88,2465,4148,"4,32",3880,"61,34",1799,1,31,5,0,0,[object Object],65536,1024,0,0,439,",,,98304,589824,655360,720896,786432,851968,983040,1114112,557056,557056,557056,622592,557056,557056,589824,589824,491520,458752,425984,327680,294912,294912,327680,327680,327680,327680,327680,360448,393216,294912,294912,294912,294912,294912,294912,294912,294912,294912,327680,327680,425984,491520,524288,622592,622592,622592,655360,622592,622592,1245184,1179648,1048576,983040,983040,983040,851968,229376,720896,655360,458752,196608",885,0,0,11,"0,0,0,2,1,1,1,1,1,1,1,2,2,2,2,2,2,2,2,2,2,2,2,2,2,2,2,2,2,2,2,2,2,2,2,2,2,2,2,2,2,2,2,2,2,2,2,2,2,2,2,2,1,1,1,1,1,1,1,2,1,1,1,1",",,0,135298,116576,145161,172406,206490,225777,248008,271270,304226,324106,340213,366382,399807,416723,427648,461972,478770,498657,562418,599354,604897,605503,606091,606532,607093,607333,607214,565091,483636,613568,612426,612279,611777,611504,611063,610652,610298,610324,610004,606181,557717,496141,468691,450184,420655,401276,364370,342197,327310,310744,276396,252824,242957,232079,216243,197191,211826,147106,118330,96909,70470",5,1,3124,[object Object],5,1034.1030555555556,4,3600,3259929,3686400,720896,13,,31,,
10,B,perturbation,distributed,1,8,0.8.0,b0bb10f5,65536,9,4096,95,0,"0,0,0,1,9,10,10,12,13,14,15,17,17,17,17,19,17,17,18,18,15,14,12,10,9,9,9,9,9,9,10,11,8,8,9,9,9,9,9,9,9,10,10,12,14,16,17,18,19,19,21,19,20,17,17,14,16,14,13,8,10,10,8,2",36,50,0,63,6,88,2464,4148,"4,32",3624,"60,34",1337,1,31,5,0,0,[object Object],65536,1024,0,0,438,",,,65536,589824,655360,655360,786432,851968,917504,983040,1114112,557056,557056,557056,622592,557056,557056,589824,589824,491520,458752,393216,327680,294912,294912,294912,294912,294912,294912,327680,360448,262144,262144,294912,294912,294912,294912,294912,294912,294912,327680,327680,262144,458752,524288,557056,589824,622592,622592,688128,622592,1310720,1114112,1114112,917504,1048576,917504,851968,262144,655360,655360,524288,131072",906,0,0,11,"0,0,0,1,1,1,1,1,1,1,1,1,2,2,2,2,2,2,2,2,2,2,2,2,2,2,2,2,2,2,2,2,2,2,2,2,2,2,2,2,2,2,2,3,2,2,2,2,2,2,2,2,1,1,1,1,1,1,1,2,1,1,1,1",",,,148807,117725,146863,169535,189511,223001,244553,266638,289259,322478,340524,356705,385530,420313,437231,446298,482536,503320,545526,588147,604642,619719,620037,619698,619363,619018,618311,608524,557655,608057,607942,608378,609102,610039,610729,611257,611797,612367,612938,612413,599664,510967,482650,447906,433205,414834,400156,376035,349484,326572,302232,280366,255515,243226,227555,223187,240903,151053,124510,97152,59918",5,1,3124,[object Object],5,1034.1030555555556,4,3600,3260843,3686400,655360,16,,31,,
10,B,perturbation,distributed,1,9,0.8.0,b6ab33de,65536,9,4096,95,0,"0,0,0,1,9,10,10,12,13,15,16,18,17,17,17,19,17,17,17,17,13,11,10,9,9,10,10,10,10,10,11,12,9,9,9,9,9,9,9,9,9,10,10,13,15,16,18,19,19,19,20,20,19,18,17,15,15,15,14,6,11,10,8,3",36,50,0,63,6,88,2456,4148,"4,32",3645,"60,34",1688,1,31,5,0,0,[object Object],65536,1024,0,0,429,",,,65536,589824,655360,655360,786432,851968,983040,1048576,1179648,557056,557056,557056,622592,557056,557056,557056,557056,425984,360448,327680,294912,294912,327680,327680,327680,327680,327680,360448,393216,294912,294912,294912,294912,294912,294912,294912,294912,294912,327680,327680,425984,491520,524288,589824,622592,622592,622592,655360,655360,1245184,1179648,1114112,983040,983040,983040,917504,196608,720896,655360,524288,196608",880,0,0,11,"0,0,0,1,1,1,1,1,1,1,1,1,2,2,2,2,2,2,2,2,2,2,2,2,2,2,2,2,2,2,2,2,2,2,2,2,2,2,2,2,2,2,2,2,2,2,2,2,2,2,2,2,1,1,1,1,1,1,1,2,1,1,1,1",",,,145994,116507,146343,169066,190149,223262,246313,268992,293641,325816,344927,360004,390157,424876,445423,452011,480647,529140,570685,588836,603957,604991,605622,606141,606680,607104,606719,563068,477866,615028,613807,613687,613122,613277,612768,612605,612095,611873,611525,609442,563835,493437,468815,452616,424129,395970,383759,358203,323726,310413,288916,253967,234247,234317,232692,198620,214092,160413,131400,104221,63038",5,1,3124,[object Object],5,1034.1030555555556,4,3600,3269061,3686400,655360,41,,31,,
10,B,perturbation,distributed,1,10,0.8.0,60173364,65536,9,4096,95,0,"0,0,0,3,9,10,11,12,13,14,16,17,17,18,18,17,17,19,18,16,14,13,10,9,9,9,9,9,9,9,10,11,8,8,9,9,9,9,9,9,9,10,10,12,14,16,17,18,19,21,21,20,20,18,17,16,16,15,14,7,11,10,8,2",36,50,0,63,6,88,2463,4145,"4,32",3696,"60,34",1935,1,26,5,0,0,[object Object],65536,1024,0,0,436,",,,98304,589824,655360,720896,786432,851968,917504,1048576,1114112,557056,589824,589824,557056,557056,622592,589824,524288,458752,425984,327680,294912,294912,294912,294912,294912,294912,294912,327680,360448,262144,262144,294912,294912,294912,294912,294912,294912,294912,327680,327680,393216,458752,524288,557056,589824,622592,688128,688128,655360,1310720,1179648,1114112,1048576,1048576,491520,917504,152917,720896,655360,524288,131072",904,0,0,11,"0,0,0,2,1,1,1,1,1,1,1,1,2,2,2,2,2,2,2,2,2,2,2,2,2,2,2,2,2,2,2,2,2,2,2,2,2,2,2,2,2,2,2,2,2,2,2,2,2,2,2,2,1,1,1,1,1,2,1,3,1,1,1,1",",,,135513,117126,145880,171742,205711,225597,245385,268698,302940,324078,347158,377443,401216,416916,428826,472702,494113,488944,544375,605372,624475,624663,624233,623874,623442,623039,622724,611050,556270,610892,611299,611363,611767,612457,612866,613620,614261,614822,615378,615896,605477,527369,484210,460561,439189,422585,401052,370115,347984,314080,306261,284529,258344,245408,238113,215919,232405,150323,125187,98815,61392",5,1,3121,[object Object],5,1034.1038888888888,4,3600,3262084,3686400,720896,20,,31,,
11,B,basic,straight,,,0.8.0,3d4b3329,512,9,4096,98,0,"0,0,0,1,3,3,3,3,3,3,3,5,5,5,5,5,5,5,5,5,5,5,5,5,5,5,5,5,5,5,5,5,5,5,5,5,5,5,5,5,5,5,5,5,6,6,7,7,7,7,5,5,5,5,5,5,5,5,5,0,0,0,0,0",20,50,0,46,63,93,2290,18989,"4,32",2072,"27,32",253,7,164,2,12386763,3598,[object Object],65536,1024,0,0,249,",,,65536,196608,196608,196608,196608,196608,196608,196608,327680,327680,327680,327680,327680,327680,327680,327680,327680,327680,327680,327680,327680,327680,327680,327680,327680,327680,327680,327680,327680,327680,327680,327680,327680,327680,327680,327680,327680,327680,327680,327680,327680,393216,393216,458752,458752,458752,458752,327680,327680,327680,327680,327680,327680,327680,327680,327680,,,,,",313,0,0,6,"0,0,0,1,1,1,1,1,1,1,1,1,1,1,1,1,1,1,1,1,1,1,1,1,1,1,1,1,1,1,1,1,1,1,1,1,1,1,1,1,1,1,1,1,1,1,1,1,1,1,1,1,1,1,1,1,1,1,1,0,0,0,0,0",",,0,8091,21335,47007,47130,47447,47796,47918,48229,48572,48693,48998,49336,49456,49755,50088,50207,50500,50829,50947,51235,51559,52425,52049,51599,51148,50971,50907,51075,51346,51742,57784,58105,58843,59696,60523,62321,63294,64439,66231,67483,68783,70748,72067,74040,75424,77277,77473,73534,73529,73534,73534,73529,73534,73534,73529,73534,,,,,",5,1,17964,[object Object],5,1271.1730555555555,4,3600,3439184,3686400,196608,,false,56,,
11,B,basic,distributed,,,0.8.0,03c806d0,512,9,4096,95,0,"0,0,0,2,9,10,10,12,13,14,15,16,16,16,15,16,16,17,15,14,13,13,9,7,7,7,7,7,7,7,7,7,7,7,7,7,7,7,7,7,7,7,7,9,11,13,15,17,17,18,18,17,17,17,15,14,15,14,14,8,11,10,8,3",47,50,0,63,6,87,2486,5036,"4,32",4765,"60,34",3423,1,60,5,1178577,10113,[object Object],65536,1024,0,0,460,",,,65536,589824,655360,655360,786432,851968,917504,983040,524288,524288,524288,491520,524288,524288,557056,491520,458752,425984,425984,294912,229376,229376,229376,229376,229376,229376,229376,229376,229376,229376,229376,229376,229376,229376,229376,229376,229376,229376,229376,229376,196608,360448,425984,491520,557056,557056,589824,589824,557056,557056,1114112,983040,917504,983040,917504,917504,262144,720896,655360,524288,196608",796,2295,0,12,"0,0,0,2,1,1,1,1,1,1,1,2,2,2,2,2,2,2,2,2,2,2,2,2,2,2,2,2,2,2,2,2,2,2,2,2,2,2,2,2,2,2,2,3,2,2,2,2,2,2,2,2,2,1,1,1,1,1,1,2,1,1,1,1",",,,148659,119188,149838,169984,189168,221169,240487,260256,279394,306200,327216,345477,365898,384104,411420,435199,440879,429961,472243,562542,588019,589762,589744,589726,589622,589576,589542,589484,589438,589937,589302,589447,589332,589302,589277,589265,589302,589302,589302,589302,575282,501669,463929,431879,411627,390448,375780,342737,327279,314464,281081,267337,251985,226941,238869,221759,221775,150963,127661,103073,70674",5,1,4012,[object Object],5,1038.8227777777777,4,3600,3237322,3686400,655360,,true,56,,
11,B,basic,detour,,,0.8.0,0fcddfb7,512,9,4096,94,0,"0,0,0,0,8,9,10,12,13,14,13,14,14,14,13,14,14,15,13,12,11,11,7,5,5,5,5,5,5,5,5,5,5,5,5,5,5,5,5,5,5,5,5,8,9,11,12,13,15,16,16,15,16,16,16,16,15,15,14,7,11,10,8,1",102,50,0,63,6,85,2565,10249,"60,34",10249,"60,34",1151,3,1151,6,4233244,9463,[object Object],65536,1024,0,0,555,",,,,524288,589824,655360,786432,851968,917504,851968,917504,917504,917504,851968,917504,917504,983040,851968,786432,720896,720896,458752,327680,327680,327680,327680,327680,327680,327680,327680,327680,327680,327680,327680,327680,327680,327680,327680,327680,327680,327680,327680,524288,589824,720896,786432,851968,983040,1048576,1048576,983040,1048576,1048576,1048576,1048576,491520,983040,917504,152917,720896,655360,524288,65536",716,2719,0,14,"0,0,0,0,1,1,1,1,1,1,1,1,1,1,1,1,1,1,1,1,1,1,1,1,1,1,1,1,1,1,1,1,1,1,1,1,1,1,1,1,1,1,1,1,1,1,1,1,1,1,1,1,1,1,1,1,2,1,1,3,1,1,1,1",",,,145957,128373,152064,166047,180385,210972,217402,213866,217520,242136,241538,224957,224939,249800,251103,232851,213063,200533,180557,140654,108480,105912,105701,105564,105439,105341,105254,105162,105078,104122,104896,104804,104724,104604,104544,104436,104350,104256,104167,110457,150353,177738,202553,232489,242362,253312,270066,251057,255780,269191,249986,258360,271285,252432,254902,239435,210662,153406,142098,115990,62328",5,1,3568,[object Object],5,1035.9658333333334,4,3600,3156699,3686400,655360,,true,56,,
11,B,perturbation,distributed,1,1,0.8.0,86ebed5d,512,9,4096,95,0,"0,0,0,4,9,10,11,12,13,15,16,16,17,16,16,16,18,16,15,15,12,10,8,7,7,7,7,7,7,7,7,7,7,7,7,7,7,7,7,7,7,7,9,11,13,14,16,17,17,17,17,18,17,16,15,14,15,15,14,7,11,10,8,3",39,50,0,63,6,88,2476,4970,"4,32",3972,"60,34",2566,1,57,5,795430,6081,[object Object],65536,1024,0,0,451,",,,131072,589824,655360,720896,786432,851968,983040,1048576,524288,557056,524288,524288,524288,589824,524288,491520,491520,393216,327680,262144,229376,229376,229376,229376,229376,229376,229376,229376,229376,229376,229376,229376,229376,229376,229376,229376,229376,229376,229376,294912,360448,425984,458752,524288,557056,557056,557056,557056,589824,1114112,1048576,983040,917504,983040,983040,917504,229376,720896,655360,524288,196608",816,0,0,11,"0,0,0,2,1,1,1,1,1,1,1,2,2,2,2,2,2,2,2,2,2,2,2,2,2,2,2,2,2,2,2,2,2,2,2,2,2,2,2,2,2,2,2,2,2,2,2,2,2,2,2,2,1,1,1,1,1,1,1,2,1,1,1,1",",,0,133837,119488,150001,171732,205631,222874,243439,276665,294638,316628,343249,360673,372459,401357,431640,428199,439951,480175,550892,571414,586846,587375,587435,587313,587375,587375,587435,587313,587375,588432,587435,587313,587375,587375,587435,587313,587375,587375,587435,576594,495128,455419,428752,410937,391556,369101,354738,336902,307530,295108,278289,244754,227166,229064,230488,198793,212961,159058,131474,104912,69011",5,1,3945,[object Object],5,1038.8355555555556,4,3600,3248632,3686400,720896,34,,56,,
11,B,perturbation,distributed,1,2,0.8.0,3a95378a,512,9,4096,95,0,"0,0,0,2,9,10,10,11,13,14,15,15,15,16,16,16,15,15,15,15,15,12,10,8,7,7,7,7,7,7,7,7,7,7,7,7,7,7,7,7,7,7,7,9,11,13,14,16,18,19,18,18,18,17,16,14,16,15,14,7,11,10,8,3",47,50,0,63,6,87,2482,5100,"4,32",4741,"60,34",2808,1,64,5,1227978,6372,[object Object],65536,1024,0,0,456,",,,65536,589824,655360,655360,720896,851968,917504,983040,491520,491520,524288,524288,524288,491520,491520,491520,491520,491520,393216,327680,262144,229376,229376,229376,229376,229376,229376,229376,229376,229376,229376,229376,229376,229376,229376,229376,229376,229376,229376,229376,294912,360448,425984,458752,524288,589824,622592,589824,589824,589824,1114112,1048576,917504,1048576,491520,917504,152917,720896,655360,524288,196608",814,2083,0,12,"0,0,0,2,1,1,1,1,1,1,1,2,2,2,2,2,2,2,2,2,2,2,2,2,2,2,2,2,2,2,2,2,2,2,2,2,2,2,2,2,2,2,2,2,2,2,2,2,2,2,2,2,2,1,1,1,1,2,1,3,1,1,1,1",",,,146862,116157,148014,170036,187266,204886,236545,258059,277064,294707,312824,334762,358923,380643,400990,419264,422037,438992,477024,539649,560896,578231,579400,579267,579400,579267,579400,579267,579400,580193,579400,579267,579400,579267,579400,579267,579400,579267,579400,579267,561214,471993,452385,434541,416900,404541,371931,354936,337166,309428,293884,259925,251405,242255,236137,218238,225067,147785,125215,100319,68341",5,1,4076,[object Object],5,1038.8072222222222,4,3600,3241706,3686400,655360,13,,56,,
11,B,perturbation,distributed,1,3,0.8.0,09cb5415,512,9,4096,94,0,"0,0,0,3,9,10,11,12,13,15,16,17,18,18,17,17,18,19,17,16,16,13,11,9,9,9,9,9,9,9,10,11,8,8,8,9,9,9,10,10,10,10,11,14,15,16,18,19,19,19,20,18,18,18,15,15,16,14,14,6,10,10,8,3",42,50,0,63,6,87,2485,4944,"4,32",4264,"60,34",2994,1,60,6,897603,6221,[object Object],65536,1024,0,0,460,",,,98304,589824,655360,720896,786432,851968,983040,1048576,1114112,589824,589824,557056,557056,589824,622592,557056,524288,524288,425984,360448,294912,294912,294912,294912,294912,294912,294912,327680,360448,262144,262144,262144,294912,294912,294912,327680,327680,327680,327680,360448,458752,491520,524288,589824,622592,622592,622592,655360,589824,1179648,1179648,983040,983040,1048576,917504,917504,196608,655360,655360,524288,196608",915,0,0,12,"0,0,0,2,1,1,1,1,1,1,1,1,2,2,2,2,2,2,2,2,2,2,2,2,2,2,2,2,2,2,2,2,2,2,2,2,2,2,2,2,2,2,2,2,2,2,2,2,2,2,2,2,1,1,1,1,1,1,1,2,1,1,1,1",",,0,133322,118690,148941,171519,205072,222095,243221,276038,298163,323335,350337,370934,386647,400762,441885,464076,459613,475297,533886,600578,616494,616567,616236,616138,615837,615291,614482,591194,520286,602088,601420,601440,602365,602797,603423,603783,604392,604735,605349,596690,524508,475352,450229,428609,413105,394394,372317,352781,323204,312718,292378,262163,258221,245193,237145,215673,229117,148318,124381,98736,66975",5,1,3920,[object Object],5,1037.8569444444445,4,3600,3239261,3686400,720896,5,,56,,
11,B,perturbation,distributed,1,4,0.8.0,8b87131f,512,9,4096,94,0,"0,0,0,2,9,10,10,12,13,15,16,17,17,17,17,17,19,17,16,16,15,11,10,9,9,9,9,9,10,10,11,12,9,9,9,9,9,9,9,9,9,9,10,13,15,16,18,19,20,19,19,20,20,18,17,16,15,15,14,6,11,10,8,3",40,50,0,63,6,88,2472,5132,"4,32",4072,"60,34",2135,1,63,6,977682,6166,[object Object],65536,1024,0,0,446,",,,65536,589824,655360,655360,786432,851968,983040,1048576,1114112,557056,557056,557056,557056,622592,557056,524288,524288,491520,360448,327680,294912,294912,294912,294912,294912,327680,327680,360448,393216,294912,294912,294912,294912,294912,294912,294912,294912,294912,294912,327680,425984,491520,524288,589824,622592,655360,622592,622592,655360,1310720,1179648,1114112,1048576,983040,983040,917504,196608,720896,655360,524288,196608",873,0,0,11,"0,0,0,2,1,1,1,1,1,1,1,1,2,2,2,2,2,2,2,2,2,2,2,2,2,2,2,2,2,2,2,2,2,2,2,2,2,2,2,2,2,2,2,2,2,2,2,2,2,2,2,2,1,1,1,1,1,1,1,2,1,1,1,1",",,,146679,116086,147103,168811,191404,219918,240297,262387,284120,304439,334618,351201,364707,396818,425366,445150,444483,471169,533794,576132,594840,596303,596799,597412,597845,598242,598490,557675,480061,603915,602536,602380,601711,601333,601080,600576,600644,600443,599595,599478,565511,480025,458358,437192,423046,389065,362944,353289,333207,301168,288996,267904,235941,229869,232243,200389,217601,155390,129430,103668,69606",5,1,4108,[object Object],5,1039.7847222222222,4,3600,3252803,3686400,655360,47,,56,,
11,B,perturbation,distributed,1,5,0.8.0,c265c6b7,512,9,4096,94,0,"0,0,0,3,9,11,11,12,14,15,16,18,18,17,18,19,18,18,18,15,14,13,10,9,9,9,9,9,9,9,10,11,8,8,9,9,9,9,9,9,9,9,12,14,15,17,18,18,20,20,18,19,19,17,16,15,15,15,14,7,11,10,8,3",41,50,0,63,6,87,2483,4880,"4,32",4137,"60,34",2616,1,61,6,783153,6154,[object Object],65536,1024,0,0,458,",,,98304,589824,720896,720896,786432,917504,983040,1048576,1179648,589824,557056,589824,622592,589824,589824,589824,491520,458752,425984,327680,294912,294912,294912,294912,294912,294912,294912,327680,360448,262144,262144,294912,294912,294912,294912,294912,294912,294912,294912,393216,458752,491520,557056,589824,589824,655360,655360,589824,622592,1245184,557056,1048576,983040,491520,983040,917504,152917,720896,655360,524288,196608",911,0,0,12,"0,0,0,2,1,1,1,1,1,1,1,1,2,2,2,2,2,2,2,2,2,2,2,2,2,2,2,2,2,2,2,2,2,2,2,2,2,2,2,2,2,2,2,2,2,2,2,2,2,2,2,2,1,2,1,1,2,1,1,3,1,1,1,1",",,,135055,118690,152527,189206,207220,226512,259510,280300,303676,335594,353942,368484,406909,436702,447358,469033,478171,501646,576002,610723,614842,613917,613608,613104,612780,612316,611816,593834,531414,600972,600248,600791,601461,601842,602408,602865,603377,603857,603980,590827,522257,486178,448802,432754,414490,392469,364271,341401,338862,314977,279146,274563,253615,227282,241054,217996,226437,151735,126790,100803,68857",5,1,3856,[object Object],5,1037.8725,4,3600,3241873,3686400,720896,14,,56,,
11,B,perturbation,distributed,1,6,0.8.0,e3382a52,512,9,4096,94,0,"0,0,0,2,9,10,10,11,12,14,16,17,17,16,16,16,17,17,18,16,15,14,12,10,9,9,9,9,9,9,10,12,9,9,9,9,9,9,9,9,9,9,9,10,13,15,17,19,19,20,20,20,20,19,17,16,15,14,14,7,11,10,8,3",45,50,0,63,6,88,2478,5196,"4,32",4573,"60,34",2314,1,66,6,1230742,6336,[object Object],65536,1024,0,0,452,",,,65536,589824,655360,655360,720896,786432,917504,1048576,1114112,557056,524288,524288,524288,557056,557056,589824,524288,491520,458752,393216,327680,294912,294912,294912,294912,294912,294912,327680,393216,294912,294912,294912,294912,294912,294912,294912,294912,294912,294912,294912,327680,425984,491520,557056,622592,622592,655360,655360,655360,1310720,1245184,1114112,1048576,983040,917504,917504,152917,720896,655360,524288,196608",880,2077,0,11,"0,0,0,2,1,1,1,1,1,1,1,1,2,2,2,2,2,2,2,2,2,2,2,2,2,2,2,2,2,2,2,2,2,2,2,2,2,2,2,2,2,2,2,2,2,2,2,2,2,2,2,2,1,1,1,1,1,1,1,3,1,1,1,1",",,,145969,114201,146088,168802,187372,203280,223812,255893,279776,298837,316516,334348,355541,380487,389534,419302,445988,457967,497090,543255,560719,577580,578879,579393,579904,580417,579748,531059,444008,588479,587538,587357,586778,586691,586435,586347,585863,585352,584866,584776,583212,529992,458729,432899,423584,396212,381466,359903,331605,315065,282752,267511,251815,224864,235606,219408,224556,149417,126244,101581,68977",5,1,4172,[object Object],5,1039.7727777777777,4,3600,3245692,3686400,655360,25,,56,,
11,B,perturbation,distributed,1,7,0.8.0,c5c27168,512,9,4096,94,0,"0,0,0,3,9,10,11,12,13,15,17,17,17,17,18,17,17,18,18,15,14,13,10,9,9,9,9,10,10,10,11,12,9,9,9,9,9,9,9,9,9,9,10,13,15,16,19,19,19,20,19,19,19,18,16,15,15,15,13,7,11,10,7,3",42,50,0,63,6,88,2478,5076,"4,32",4256,"61,34",2883,1,62,6,942903,6178,[object Object],65536,1024,0,0,452,",,,98304,589824,655360,720896,786432,851968,983040,1114112,557056,557056,557056,589824,557056,557056,589824,589824,491520,458752,425984,327680,294912,294912,294912,294912,327680,327680,327680,360448,393216,294912,294912,294912,294912,294912,294912,294912,294912,294912,294912,327680,425984,491520,524288,622592,622592,622592,655360,622592,622592,1245184,1179648,1048576,983040,983040,983040,851968,229376,720896,655360,458752,196608",886,121,0,11,"0,0,0,2,1,1,1,1,1,1,1,2,2,2,2,2,2,2,2,2,2,2,2,2,2,2,2,2,2,2,2,2,2,2,2,2,2,2,2,2,2,2,2,2,2,2,2,2,2,2,2,2,1,1,1,1,1,1,1,2,1,1,1,1",",,0,133207,115869,148059,172847,205193,222872,243076,265617,297038,315362,331271,355387,385793,402012,412174,443639,457534,477794,542554,580377,585935,586260,586795,587418,587668,588247,587599,543174,461208,594577,593256,593115,592726,592701,592163,592008,591110,591259,590510,587087,536100,474954,448363,431648,404311,388366,353845,332493,318923,305304,270962,248879,239854,230441,215670,197972,208113,146173,118847,97601,71482",5,1,4052,[object Object],5,1038.8133333333333,4,3600,3246689,3686400,720896,28,,56,,
11,B,perturbation,distributed,1,8,0.8.0,eb7326c8,512,9,4096,95,0,"0,0,0,2,9,10,10,12,13,14,15,17,17,17,17,19,17,17,18,18,15,14,12,10,9,9,9,9,9,9,10,11,8,8,8,9,9,9,9,9,9,9,9,12,14,16,17,18,19,19,21,19,20,17,17,14,16,14,13,8,10,10,8,3",44,50,0,63,6,88,2478,5000,"4,32",4401,"60,34",2405,1,65,5,1028814,6299,[object Object],65536,1024,0,0,452,",,,65536,589824,655360,655360,786432,851968,917504,983040,1114112,557056,557056,557056,622592,557056,557056,589824,589824,491520,458752,393216,327680,294912,294912,294912,294912,294912,294912,327680,360448,262144,262144,262144,294912,294912,294912,294912,294912,294912,294912,294912,262144,458752,524288,557056,589824,622592,622592,688128,622592,1310720,1114112,1114112,917504,1048576,917504,851968,262144,655360,655360,524288,196608",904,0,0,11,"0,0,0,2,1,1,1,1,1,1,1,1,2,2,2,2,2,2,2,2,2,2,2,2,2,2,2,2,2,2,2,2,2,2,2,2,2,2,2,2,2,2,2,3,2,2,2,2,2,2,2,2,1,1,1,1,1,1,1,2,1,1,1,1",",,,148659,118385,148778,169463,188540,220376,239814,260449,282587,314056,331723,347856,374690,406302,422654,431348,465127,483422,524654,571622,588822,604483,604918,604551,604241,604200,603742,589802,534846,593983,593479,593633,594064,594552,595019,595205,595746,596162,596598,596114,582075,491605,464272,429968,415616,399473,388672,366065,342239,320705,296799,277409,253044,242737,228509,224109,237972,148431,123179,97065,60685",5,1,3976,[object Object],5,1038.826111111111,4,3600,3246702,3686400,655360,28,,56,,
11,B,perturbation,distributed,1,9,0.8.0,05de1129,512,9,4096,94,0,"0,0,0,3,9,10,10,12,13,15,16,18,17,17,17,19,17,17,18,17,13,11,10,9,9,9,9,10,10,10,11,12,9,9,9,9,9,9,9,9,9,10,10,13,15,16,18,19,19,19,20,20,19,18,17,15,15,15,14,7,11,10,8,3",38,50,0,63,6,88,2468,5112,"4,32",3804,"61,34",3349,1,65,6,847196,4881,[object Object],65536,1024,0,0,442,",,,98304,589824,655360,655360,786432,851968,983040,1048576,1179648,557056,557056,557056,622592,557056,557056,589824,557056,425984,360448,327680,294912,294912,294912,294912,327680,327680,327680,360448,393216,294912,294912,294912,294912,294912,294912,294912,294912,294912,327680,327680,425984,491520,524288,589824,622592,622592,622592,655360,655360,1245184,1179648,1114112,983040,983040,983040,917504,229376,720896,655360,524288,196608",879,0,0,11,"0,0,0,2,1,1,1,1,1,1,1,1,2,2,2,2,2,2,2,2,2,2,2,2,2,2,2,2,2,2,2,2,2,2,2,2,2,2,2,2,2,2,2,2,2,2,2,2,2,2,2,2,1,1,1,1,1,1,1,2,1,1,1,1",",,,148659,118018,148940,169727,189252,220754,241202,262385,286416,316814,334831,350258,377540,408711,426789,432946,459798,508367,551515,570339,585529,586939,587484,587840,588477,589266,588669,541392,455379,596736,595570,595246,594851,594689,594141,594621,594141,593954,593594,590974,542665,471786,448163,433533,407706,381924,371399,348542,316230,304013,284311,250217,231286,231783,232141,200071,212719,160667,132097,105440,70203",5,1,4088,[object Object],5,1038.8041666666666,4,3600,3256820,3686400,655360,60,,56,,
11,B,perturbation,distributed,1,10,0.8.0,b51009f7,512,9,4096,94,0,"0,0,0,3,9,10,11,12,13,14,16,17,17,18,18,17,17,19,18,16,14,13,10,9,9,9,9,9,9,9,10,11,8,8,8,9,9,9,9,9,9,9,9,12,14,16,17,18,19,21,21,20,19,18,17,15,16,14,14,6,10,10,8,3",44,50,0,63,6,88,2476,4970,"4,32",4420,"60,34",2767,1,58,6,1001227,6313,[object Object],65536,1024,0,0,450,",,,98304,589824,655360,720896,786432,851968,917504,1048576,1114112,557056,589824,589824,557056,557056,622592,589824,524288,458752,425984,327680,294912,294912,294912,294912,294912,294912,294912,327680,360448,262144,262144,262144,294912,294912,294912,294912,294912,294912,294912,294912,393216,458752,524288,557056,589824,622592,688128,688128,655360,622592,1179648,1114112,491520,1048576,917504,917504,196608,655360,655360,524288,196608",905,0,0,11,"0,0,0,2,1,1,1,1,1,1,1,1,2,2,2,2,2,2,2,2,2,2,2,2,2,2,2,2,2,2,2,2,2,2,2,2,2,2,2,2,2,2,2,2,2,2,2,2,2,2,2,2,2,1,1,2,1,1,1,2,1,1,1,1",",,0,133101,116975,148007,172695,205372,223033,241160,263004,295900,315813,339362,366794,388984,403314,415625,456071,475842,470471,527340,589478,609591,609881,609569,609042,608756,608614,608146,592372,532593,596915,596495,596824,597010,597573,598091,598618,599168,599789,600245,600803,589309,510548,466920,442964,423562,409455,389271,361667,341024,308322,301237,281268,256007,244651,238476,216781,228892,147435,124021,98253,68350",5,1,3945,[object Object],5,1038.8352777777777,4,3600,3248615,3686400,720896,34,,56,,
12,B,basic,straight,,,0.8.0,be1ef752,65536,1,65536,95,0,"0,0,0,1,3,3,3,3,3,3,3,3,3,3,3,3,3,3,3,3,3,3,3,3,3,3,3,3,3,3,5,7,1,3,3,3,3,3,3,3,3,4,4,4,4,5,5,5,5,5,5,5,5,5,5,5,5,5,5,0,0,0,0,0",45,58,0,31,63,93,2287,4582,"31,31",4582,"31,31",377,1,377,5,0,0,[object Object],65536,1024,0,0,246,",,,65536,196608,196608,196608,196608,196608,196608,196608,196608,196608,196608,196608,196608,196608,196608,196608,196608,196608,196608,196608,196608,196608,196608,196608,196608,196608,196608,327680,458752,65536,196608,196608,196608,196608,196608,196608,196608,196608,262144,262144,262144,262144,327680,327680,327680,327680,327680,327680,327680,327680,327680,327680,327680,327680,327680,327680,,,,,",241,0,0,6,"0,0,0,1,1,1,1,1,1,1,1,1,1,1,1,1,1,1,1,1,1,1,1,1,1,1,1,1,1,1,1,1,1,1,1,1,1,1,1,1,1,1,1,1,1,1,1,1,1,1,1,1,1,1,1,1,1,1,1,0,0,0,0,0",",,,0,12967,15628,18728,21201,23235,24958,26562,27930,29237,30356,31436,32356,33251,34109,34844,35565,36256,36839,37397,37964,39590,40103,40070,40284,40686,41811,58867,78586,0,14717,19330,22659,25740,28120,30399,32807,34931,36940,39928,41816,43708,46032,47925,51069,52944,53200,51280,51551,51884,52148,52448,52666,52943,53121,53376,,,,,",5,1,3140,[object Object],5,1038.0897222222222,4,3600,3442061,3686400,196608,,false,22,,
12,B,basic,distributed,,,0.8.0,33e82046,65536,1,65536,97,0,"0,0,0,0,7,8,9,10,12,13,14,14,15,15,14,14,15,15,14,13,12,11,8,7,7,7,7,7,7,7,8,10,6,6,6,6,6,6,6,6,6,6,6,6,10,11,13,14,14,15,14,14,15,14,14,14,12,13,12,5,10,8,1,0",93,58,0,63,6,88,2464,9348,"60,34",9348,"60,34",990,3,990,3,0,0,[object Object],65536,1024,0,0,438,",,,,458752,524288,589824,655360,786432,851968,917504,458752,491520,491520,458752,458752,491520,491520,458752,425984,393216,360448,262144,229376,229376,229376,229376,229376,229376,229376,262144,327680,196608,196608,196608,196608,196608,196608,196608,196608,196608,196608,196608,196608,327680,360448,425984,458752,458752,491520,458752,458752,491520,458752,917504,917504,786432,851968,786432,163840,655360,524288,65536,",724,0,0,11,"0,0,0,0,1,1,1,1,1,1,1,2,2,2,2,2,2,2,2,2,2,2,2,2,2,2,2,2,2,2,2,2,2,2,2,2,2,2,2,2,2,2,2,2,2,2,2,2,2,2,2,2,2,2,1,1,1,1,1,2,1,1,1,0",",,,110637,106576,138356,164612,186654,213651,238895,262446,283488,304947,330782,354522,377048,390535,423303,454495,466012,451326,491014,591906,609855,609745,609694,609611,609658,609479,609804,664998,628054,619427,620686,620658,620761,620705,620712,620719,620788,620698,620739,620711,611246,538473,494910,462989,435801,408914,389541,354305,338568,317284,283706,274011,250321,220127,234880,211610,172014,140715,120335,75126,",5,1,3124,[object Object],5,1034.1030555555556,4,3600,3261071,3686400,589824,,true,22,,
12,B,basic,detour,,,0.8.0,c0a8a698,65536,1,65536,97,0,"0,0,0,0,7,8,9,10,12,13,12,12,13,13,12,12,13,13,12,11,10,9,6,5,5,5,5,5,5,5,5,5,5,5,5,5,5,5,5,5,5,5,5,8,9,10,12,13,14,14,13,14,14,13,14,14,13,13,12,5,10,8,1,0",113,58,0,63,6,86,2538,11388,"60,34",11388,"60,34",1067,4,1067,3,0,0,[object Object],65536,1024,0,0,526,",,,,458752,524288,589824,655360,786432,851968,786432,786432,851968,851968,786432,786432,851968,851968,786432,720896,655360,589824,393216,327680,327680,327680,327680,327680,327680,327680,327680,327680,327680,327680,327680,327680,327680,327680,327680,327680,327680,327680,327680,524288,589824,655360,786432,851968,917504,917504,851968,917504,917504,851968,917504,917504,851968,851968,786432,163840,655360,524288,65536,",646,0,0,13,"0,0,0,0,1,1,1,1,1,1,1,1,1,1,1,1,1,1,1,1,1,1,1,1,1,1,1,1,1,1,1,1,1,1,1,1,1,1,1,1,1,1,1,1,1,1,1,1,1,1,1,1,1,1,1,1,1,1,1,2,1,1,1,0",",,,114683,114332,141739,159229,172330,196644,206262,205421,208626,227855,225926,211964,213146,230282,228356,213885,201857,190664,163173,120672,105368,105267,105112,105003,104770,104666,104554,104476,104394,103456,104203,104142,104042,103951,103846,103767,103678,103605,103489,105189,138645,171495,198299,221997,231984,244484,249556,232998,246951,249256,232687,247723,248932,232514,245057,226054,168366,151606,134209,92412,",5,1,3123,[object Object],5,1034.1022222222223,4,3600,3184928,3686400,589824,,true,22,,
12,B,perturbation,distributed,1,1,0.8.0,9ec8658b,65536,1,65536,97,0,"0,0,0,0,7,8,9,11,12,13,15,15,16,15,15,15,15,15,14,13,11,9,8,7,7,7,7,7,7,7,8,10,6,6,6,6,6,6,6,6,6,6,6,9,11,12,13,13,14,14,14,14,14,14,14,13,12,13,11,5,10,8,1,0",90,58,0,63,6,88,2461,9080,"60,34",9080,"60,34",1137,3,1137,3,0,0,[object Object],65536,1024,0,0,435,",,,,458752,524288,589824,720896,786432,851968,983040,491520,524288,491520,491520,491520,491520,491520,458752,425984,360448,294912,262144,229376,229376,229376,229376,229376,229376,229376,262144,327680,196608,196608,196608,196608,196608,196608,196608,196608,196608,196608,196608,294912,360448,393216,425984,425984,458752,458752,458752,458752,458752,458752,917504,851968,786432,851968,720896,163840,655360,524288,65536,",725,0,0,11,"0,0,0,0,1,1,1,1,1,1,1,2,2,2,2,2,2,2,2,2,2,2,2,2,2,2,2,2,2,2,2,2,2,2,2,2,2,2,2,2,2,2,2,2,2,2,2,2,2,2,2,2,2,2,1,1,1,1,1,2,1,1,1,0",",,,126341,109048,140524,167288,196482,220524,244199,274427,295199,320252,346975,367290,379560,412033,444206,444398,460576,496888,573002,592386,605897,605897,605918,605897,605897,606016,606195,660442,623408,615533,617265,617292,617278,616956,616953,616939,616946,616973,616959,613081,525020,491776,460479,436363,410186,389322,370600,345295,314350,302305,280082,246059,229459,227335,221850,190155,163689,146883,122994,90168,",5,1,3124,[object Object],5,1034.1027777777779,4,3600,3264186,3686400,589824,9,,22,,
12,B,perturbation,distributed,1,2,0.8.0,1cce5b7c,65536,1,65536,97,0,"0,0,0,0,7,8,9,10,11,13,14,14,14,14,15,15,14,14,14,14,13,11,9,8,7,7,7,7,7,7,8,10,6,6,6,6,6,6,6,6,6,6,6,6,10,11,12,14,15,15,15,15,14,15,14,14,13,13,12,5,10,8,1,0",92,58,0,63,6,88,2461,9214,"60,34",9214,"60,34",1095,3,1095,3,0,0,[object Object],65536,1024,0,0,436,",,,,458752,524288,589824,655360,720896,851968,917504,458752,458752,458752,491520,491520,458752,458752,458752,458752,425984,360448,294912,262144,229376,229376,229376,229376,229376,229376,262144,327680,196608,196608,196608,196608,196608,196608,196608,196608,196608,196608,196608,196608,327680,360448,393216,458752,491520,491520,491520,491520,458752,491520,917504,917504,851968,851968,786432,163840,655360,524288,65536,",742,0,0,11,"0,0,0,0,1,1,1,1,1,1,1,2,2,2,2,2,2,2,2,2,2,2,2,2,2,2,2,2,2,2,2,2,2,2,2,2,2,2,2,2,2,2,2,2,2,2,2,2,2,2,2,2,2,2,1,1,1,1,1,2,1,1,1,0",",,,110637,104299,135831,161566,184156,204426,231877,256634,278352,299831,319998,336684,365290,391616,415023,435962,438975,460122,497393,563383,584128,598790,598866,598790,598866,598790,599114,655112,620838,608987,610315,610363,609959,610006,609972,610020,610046,609973,610059,609987,603952,504843,491146,467924,438457,423549,383764,368309,344666,315684,296945,262967,255451,236051,230101,209895,174853,137048,118376,73611,",5,1,3124,[object Object],5,1034.1030555555556,4,3600,3263857,3686400,589824,8,,22,,
12,B,perturbation,distributed,1,3,0.8.0,42239cd0,65536,1,65536,94,0,"0,0,0,0,7,8,9,11,12,13,15,15,17,17,16,16,16,17,16,15,14,12,10,9,9,9,9,9,9,9,10,12,6,6,6,7,7,7,7,7,7,7,7,10,11,12,14,16,16,16,16,16,16,16,15,14,14,13,12,5,10,8,1,0",89,58,0,63,6,87,2482,8914,"60,34",8914,"60,34",1175,3,1175,6,0,0,[object Object],65536,1024,0,0,460,",,,,458752,524288,589824,720896,786432,851968,983040,491520,557056,557056,524288,524288,524288,557056,524288,491520,458752,393216,327680,294912,294912,294912,294912,294912,294912,294912,327680,393216,196608,196608,196608,229376,229376,229376,229376,229376,229376,229376,229376,327680,360448,393216,458752,524288,524288,524288,524288,524288,524288,524288,983040,917504,917504,851968,786432,163840,655360,524288,65536,",799,0,0,12,"0,0,0,0,1,1,1,1,1,1,1,2,2,2,2,2,2,2,2,2,2,2,2,2,2,2,2,2,2,2,2,2,2,2,2,2,2,2,2,2,2,2,2,2,2,2,2,2,2,2,2,2,2,2,1,1,1,1,1,2,1,1,1,0",",,,128200,108173,139858,167304,196421,219864,244295,274986,299397,326433,354324,377645,395562,408304,451340,479164,476666,496521,549532,619726,632883,632059,631729,631356,631049,630637,634470,637740,601845,640280,644789,645496,646072,646371,648103,648706,649282,649441,650606,648391,574511,527035,495458,466251,451261,428816,398884,374764,340466,329847,306980,273716,268026,243432,235957,209277,177577,136311,118123,51800,",5,1,3123,[object Object],5,1034.1030555555556,4,3600,3242476,3686400,589824,57,,22,,
12,B,perturbation,distributed,1,4,0.8.0,e70b1adc,65536,1,65536,95,0,"0,0,0,0,7,8,9,11,12,13,14,14,15,16,16,16,17,16,16,15,13,11,10,9,9,9,9,9,9,10,11,14,6,6,6,7,7,7,7,7,7,7,7,10,12,13,15,15,15,15,16,16,15,15,14,12,12,13,11,5,10,8,1,0",90,58,0,63,6,88,2465,9076,"60,34",9076,"60,34",1314,3,1314,5,0,0,[object Object],65536,1024,0,0,440,",,,,458752,524288,589824,720896,786432,851968,917504,458752,491520,524288,524288,524288,557056,524288,524288,491520,425984,360448,327680,294912,294912,294912,294912,294912,294912,327680,360448,458752,196608,196608,196608,229376,229376,229376,229376,229376,229376,229376,229376,327680,393216,425984,491520,491520,491520,491520,524288,524288,491520,983040,917504,786432,786432,851968,720896,163840,655360,524288,65536,",773,0,0,11,"0,0,0,0,1,1,1,1,1,1,1,2,2,2,2,2,2,2,2,2,2,2,2,2,2,2,2,2,2,2,2,2,2,2,2,2,2,2,2,2,2,2,2,2,2,2,2,2,2,2,2,2,2,1,1,1,1,1,1,2,1,1,1,0",",,,110637,104448,136103,161847,188590,215372,238350,263644,288317,311549,340103,358380,372181,411102,444191,466186,464805,497664,560867,600342,616161,616624,617221,617687,618106,618474,624135,676571,599003,617224,620366,619320,619069,617878,617485,616804,616113,615413,614924,614370,584899,505605,481754,454492,432443,397919,371810,358094,331219,296957,288063,261694,227918,223432,214940,187342,167561,142996,120686,71851,",5,1,3124,[object Object],5,1034.1025,4,3600,3260100,3686400,589824,2,,22,,
12,B,perturbation,distributed,1,5,0.8.0,ed86c185,65536,1,65536,94,0,"0,0,0,0,7,8,10,11,12,14,15,16,17,16,16,17,17,17,16,14,13,11,9,9,9,9,9,9,9,9,10,12,6,6,6,7,7,7,7,7,7,7,7,10,12,13,14,16,16,15,16,16,16,15,15,14,13,13,12,5,10,8,1,0",90,58,0,63,6,87,2482,9020,"60,34",9020,"60,34",1343,3,1343,6,0,0,[object Object],65536,1024,0,0,460,",,,,458752,524288,655360,720896,786432,917504,983040,1048576,557056,524288,524288,557056,557056,557056,524288,458752,425984,360448,294912,294912,294912,294912,294912,294912,294912,294912,327680,393216,196608,196608,196608,229376,229376,229376,229376,229376,229376,229376,229376,327680,393216,425984,458752,524288,524288,491520,524288,524288,524288,491520,983040,917504,851968,851968,786432,163840,655360,524288,65536,",825,0,0,12,"0,0,0,0,1,1,1,1,1,1,1,1,2,2,2,2,2,2,2,2,2,2,2,2,2,2,2,2,2,2,2,2,2,2,2,2,2,2,2,2,2,2,2,2,2,2,2,2,2,2,2,2,2,2,1,1,1,1,1,2,1,1,1,0",",,,120482,109839,145314,178381,202569,224768,255108,281192,305447,335153,357963,374065,410490,443795,457256,484265,494139,510769,590590,627340,626669,626187,625777,625314,624672,624634,628472,630772,590106,636525,640407,640725,641350,641876,643499,643995,644521,644754,645320,640742,571293,526674,488775,469806,443911,419037,388599,362197,355148,326397,292341,286979,257616,226441,242030,210924,173393,139947,120096,53311,",5,1,3120,[object Object],5,1034.1036111111111,4,3600,3242367,3686400,655360,57,,22,,
12,B,perturbation,distributed,1,6,0.8.0,9c98a4da,65536,1,65536,95,0,"0,0,0,0,7,8,9,10,11,12,14,15,15,15,15,15,16,16,16,15,14,13,11,10,9,9,9,9,9,10,11,13,6,6,6,7,7,7,7,7,7,7,7,7,11,13,14,15,16,16,16,16,16,15,14,13,12,13,12,5,10,8,1,0",92,58,0,63,6,88,2467,9264,"60,34",9264,"60,34",1105,3,1105,5,0,0,[object Object],65536,1024,0,0,442,",,,,458752,524288,589824,655360,720896,786432,917504,983040,491520,491520,491520,491520,524288,524288,524288,491520,458752,425984,360448,327680,294912,294912,294912,294912,294912,327680,360448,425984,196608,196608,196608,229376,229376,229376,229376,229376,229376,229376,229376,229376,360448,425984,458752,491520,524288,524288,524288,524288,524288,983040,917504,851968,786432,851968,786432,163840,655360,524288,65536,",780,0,0,11,"0,0,0,0,1,1,1,1,1,1,1,1,2,2,2,2,2,2,2,2,2,2,2,2,2,2,2,2,2,2,2,2,2,2,2,2,2,2,2,2,2,2,2,2,2,2,2,2,2,2,2,2,2,1,1,1,1,1,1,2,1,1,1,0",",,,120658,104018,134195,159917,181892,202077,225932,254861,279204,300741,321090,343268,366725,389981,397902,434884,466822,481213,517799,564799,582918,597502,598000,598480,598558,599072,604677,669399,615406,600390,603868,603444,602261,601500,601493,600766,600051,599761,598909,599036,597759,550777,476366,451928,435208,402254,388403,360876,331448,309886,276967,265647,244453,214096,222517,206965,173584,138340,118696,75405,",5,1,3123,[object Object],5,1034.1033333333332,4,3600,3258166,3686400,589824,8,,22,,
12,B,perturbation,distributed,1,7,0.8.0,8f7d4292,65536,1,65536,95,0,"0,0,0,0,7,8,9,11,12,13,14,15,16,16,16,16,16,16,16,14,13,11,9,9,9,9,9,9,9,10,11,13,6,6,6,7,7,7,7,7,7,7,7,11,13,14,15,15,16,15,15,15,16,14,13,12,12,12,11,5,10,7,1,0",92,58,0,63,6,88,2468,9214,"60,34",9214,"60,34",1126,3,1126,5,0,0,[object Object],65536,1024,0,0,444,",,,,458752,524288,589824,720896,786432,851968,917504,491520,524288,524288,524288,524288,524288,524288,524288,458752,425984,360448,294912,294912,294912,294912,294912,294912,294912,327680,360448,425984,196608,196608,196608,229376,229376,229376,229376,229376,229376,229376,229376,360448,425984,458752,491520,491520,524288,491520,491520,491520,1048576,917504,851968,786432,786432,786432,720896,163840,655360,458752,65536,",784,0,0,11,"0,0,0,0,1,1,1,1,1,1,1,2,2,2,2,2,2,2,2,2,2,2,2,2,2,2,2,2,2,2,2,2,2,2,2,2,2,2,2,2,2,2,2,2,2,2,2,2,2,2,2,2,1,1,1,1,1,1,1,2,1,1,1,0",",,,128254,106728,138021,167828,197044,218650,243726,268478,297073,318270,335686,363436,393873,412091,422811,462306,478002,492487,562804,604554,605152,605577,606172,606867,607291,607681,613142,674601,607558,606014,609375,608678,607839,607118,606997,606368,605806,605025,604560,602753,555329,492401,467694,444194,413608,390292,354380,335546,320894,300372,264726,245166,236924,218923,198004,188457,154872,131094,103311,74269,",5,1,3124,[object Object],5,1034.1030555555556,4,3600,3256762,3686400,589824,13,,22,,
12,B,perturbation,distributed,1,8,0.8.0,d92710a1,65536,1,65536,95,0,"0,0,0,0,7,8,9,10,12,13,14,15,16,16,16,16,16,16,16,16,14,13,11,10,9,9,9,9,9,9,10,12,6,6,6,7,7,7,7,7,7,7,7,8,10,12,13,14,15,16,17,16,16,16,16,14,14,13,12,6,10,8,1,0",88,58,0,63,6,88,2475,8868,"60,34",8868,"60,34",1086,3,1086,5,0,0,[object Object],65536,1024,0,0,451,",,,,458752,524288,589824,655360,786432,851968,917504,983040,524288,524288,524288,524288,524288,524288,524288,524288,458752,425984,360448,327680,294912,294912,294912,294912,294912,294912,327680,393216,196608,196608,196608,229376,229376,229376,229376,229376,229376,229376,229376,174762,327680,393216,425984,458752,491520,524288,557056,524288,524288,524288,1048576,917504,917504,851968,786432,196608,655360,524288,65536,",817,0,0,11,"0,0,0,0,1,1,1,1,1,1,1,1,2,2,2,2,2,2,2,2,2,2,2,2,2,2,2,2,2,2,2,2,2,2,2,2,2,2,2,2,2,2,2,3,2,2,2,2,2,2,2,2,2,2,1,1,1,1,1,2,1,1,1,0",",,,110637,106167,137671,163866,186151,213331,237592,262779,286868,315748,335452,352221,383845,415671,433502,441562,483708,504289,542868,588600,607433,620726,620501,620049,619822,619370,623051,624630,582466,632346,636415,636947,637450,639029,639527,639867,640571,640793,642288,642681,635783,548140,508983,476448,457768,432491,419137,387340,362613,335629,313543,289457,262314,242285,226031,222122,186577,135116,117280,52707,",5,1,3124,[object Object],5,1034.1030555555556,4,3600,3249943,3686400,589824,34,,22,,
12,B,perturbation,distributed,1,9,0.8.0,2dea3f77,65536,1,65536,95,0,"0,0,0,0,7,8,9,10,12,13,14,14,16,16,16,16,16,16,16,15,12,11,10,9,9,9,9,9,9,10,11,14,6,6,6,7,7,7,7,7,7,7,7,11,12,13,14,15,15,16,16,15,15,15,13,12,12,13,11,5,10,8,1,0",89,58,0,63,6,88,2462,8937,"60,34",8937,"60,34",1151,3,1151,5,0,0,[object Object],65536,1024,0,0,437,",,,,458752,524288,589824,655360,786432,851968,917504,458752,524288,524288,524288,524288,524288,524288,524288,491520,393216,360448,327680,294912,294912,294912,294912,294912,294912,327680,360448,458752,196608,196608,196608,229376,229376,229376,229376,229376,229376,229376,229376,360448,393216,425984,458752,491520,491520,524288,524288,491520,491520,983040,851968,786432,786432,851968,720896,163840,655360,524288,65536,",783,0,0,11,"0,0,0,0,1,1,1,1,1,1,1,2,2,2,2,2,2,2,2,2,2,2,2,2,2,2,2,2,2,2,2,2,2,2,2,2,2,2,2,2,2,2,2,2,2,2,2,2,2,2,2,2,2,1,1,1,1,1,1,2,1,1,1,0",",,,110637,105942,137711,163364,186778,214111,239700,265295,291508,319819,339911,355588,388502,421140,442712,450382,481000,532133,573881,591867,605359,605998,606511,607149,607623,608113,613303,666383,603925,609429,612664,611889,611377,610745,610173,609736,609193,608480,608043,607072,566527,496541,469109,445510,420278,392654,378179,349252,315655,303975,278785,243439,227242,226159,215620,187154,161545,147536,122571,74284,",5,1,3124,[object Object],5,1034.1030555555556,4,3600,3262863,3686400,589824,5,,22,,
12,B,perturbation,distributed,1,10,0.8.0,dd18ed78,65536,1,65536,94,0,"0,0,0,0,7,8,9,11,12,13,14,16,16,17,17,16,16,17,17,15,13,12,10,9,9,9,9,9,9,9,10,12,6,6,6,7,7,7,7,7,7,7,7,7,11,12,13,14,16,17,16,16,15,16,16,14,14,13,12,5,10,8,1,0",89,58,0,63,6,88,2474,8964,"60,34",8964,"60,34",1061,3,1061,6,0,0,[object Object],65536,1024,0,0,451,",,,,458752,524288,589824,720896,786432,851968,917504,1048576,524288,557056,557056,524288,524288,557056,557056,491520,425984,393216,327680,294912,294912,294912,294912,294912,294912,294912,327680,393216,196608,196608,196608,229376,229376,229376,229376,229376,229376,229376,229376,229376,360448,393216,425984,458752,524288,557056,524288,524288,491520,524288,1048576,917504,917504,851968,786432,163840,655360,524288,65536,",816,0,0,11,"0,0,0,0,1,1,1,1,1,1,1,1,2,2,2,2,2,2,2,2,2,2,2,2,2,2,2,2,2,2,2,2,2,2,2,2,2,2,2,2,2,2,2,2,2,2,2,2,2,2,2,2,2,2,1,1,1,1,1,2,1,1,1,0",",,,128691,106890,138480,167593,196444,217850,241285,266276,296556,318703,344113,373871,398043,413902,426630,471884,493785,489856,550194,611426,625871,625268,624832,624477,624040,623645,627724,626959,584594,635629,639548,640243,640667,641083,643033,643452,644046,644450,645838,646342,641921,558465,516833,486835,460134,443413,414970,384680,360342,323922,319183,291592,264345,244334,237017,210734,178061,135761,117699,51800,",5,1,3121,[object Object],5,1034.1038888888888,4,3600,3250649,3686400,589824,31,,22,,
13,B,basic,straight,,,0.8.0,7af26da5,512,1,65536,75,0,"0,0,0,1,3,3,3,3,3,3,3,3,3,3,3,3,3,3,3,3,3,3,3,4,6,7,7,7,7,7,7,7,1,1,1,1,1,1,1,1,1,1,1,1,1,1,1,1,1,1,1,1,1,1,1,1,1,1,1,0,0,0,0,0",715,58,0,25,63,46,-1,71522,"31,32",71522,"31,32",3600,27,3600,25,643530116,152066,[object Object],65536,1024,0,0,2142,",,,65536,196608,196608,196608,196608,196608,196608,196608,196608,196608,196608,196608,196608,196608,196608,196608,196608,196608,196608,196608,262144,393216,458752,458752,458752,458752,458752,458752,458752,65536,65536,65536,65536,65536,65536,65536,65536,65536,65536,65536,65536,65536,65536,65536,65536,65536,65536,65536,65536,65536,65536,65536,65536,65536,65536,65536,,,,,",291,0,0,53,"0,0,0,1,1,1,1,1,1,1,1,1,1,1,1,1,1,1,1,1,1,1,1,1,1,1,1,1,1,1,1,1,1,1,1,1,1,1,1,1,1,1,1,1,1,1,1,1,1,1,1,1,1,1,1,1,1,1,1,0,0,0,0,0",",,0,8091,21335,47007,47130,47447,47796,47918,48229,48572,48693,48998,49336,49456,49755,50088,50207,50500,50829,50775,42705,51827,79929,90147,88782,89514,89998,90138,90056,90029,0,11385,15272,18138,20575,22600,24168,26658,28271,29670,31018,32633,34060,35428,37982,41401,42874,43091,41661,41859,42056,42252,42447,42641,42834,43033,43225,,,,,",5,1,17964,[object Object],5,1271.1730555555555,4,3600,1731258,3686400,196608,,true,23,,
13,B,basic,distributed,,,0.8.0,a06ad028,512,1,65536,97,0,"0,0,0,0,7,8,9,10,12,13,13,14,15,15,14,14,15,15,14,13,12,11,8,7,7,7,7,7,7,7,8,10,6,6,6,6,6,6,6,6,6,6,6,6,10,11,13,14,14,15,14,14,15,14,14,13,12,13,12,4,9,8,1,0",131,58,0,63,6,88,2472,13180,"60,34",13180,"60,34",1145,5,1145,3,7794069,18369,[object Object],65536,1024,0,0,448,",,,,458752,524288,589824,655360,786432,851968,425984,458752,491520,491520,458752,458752,491520,491520,458752,425984,393216,360448,262144,229376,229376,229376,229376,229376,229376,229376,262144,327680,196608,196608,196608,196608,196608,196608,196608,196608,196608,196608,196608,196608,327680,360448,425984,458752,458752,491520,458752,458752,491520,458752,917504,851968,786432,851968,786432,262144,589824,524288,65536,",728,0,0,11,"0,0,0,0,1,1,1,1,1,1,2,2,2,2,2,2,2,2,2,2,2,2,2,2,2,2,2,2,2,2,2,2,2,2,2,2,2,2,2,2,2,2,2,2,2,2,2,2,2,2,2,2,2,2,1,1,1,1,1,1,1,1,1,0",",,,109836,106332,140833,164390,184698,210996,234037,256403,276197,297790,321578,342175,362714,376891,406773,434892,444214,429251,466445,571011,589587,589603,589522,589511,589404,589420,589734,659487,642007,599129,600825,600759,600720,600732,600739,600683,600753,600697,600767,601057,590923,515916,472541,442832,417836,393276,376125,342794,329262,310610,278768,269445,246945,218188,232818,212453,103717,132895,119560,79536,",5,1,4012,[object Object],5,1038.8227777777777,4,3600,3253024,3686400,589824,,false,23,,
13,B,basic,detour,,,0.8.0,afc3929a,512,1,65536,97,0,"0,0,0,0,7,8,9,10,12,12,12,12,13,13,12,12,13,13,12,11,10,9,6,5,5,5,5,5,5,5,5,5,5,5,5,5,5,5,5,5,5,5,5,8,9,10,12,13,13,14,13,13,14,13,14,14,13,13,12,4,9,8,0,0",159,58,0,63,6,86,2534,15992,"60,34",15992,"60,34",1022,6,1022,3,8518825,12856,[object Object],65536,1024,0,0,522,",,,,458752,524288,589824,655360,786432,786432,786432,786432,851968,851968,786432,786432,851968,851968,786432,720896,655360,589824,393216,327680,327680,327680,327680,327680,327680,327680,327680,327680,327680,327680,327680,327680,327680,327680,327680,327680,327680,327680,327680,524288,589824,655360,786432,851968,851968,917504,851968,851968,917504,851968,917504,917504,851968,851968,786432,262144,589824,524288,,",642,0,0,13,"0,0,0,0,1,1,1,1,1,1,1,1,1,1,1,1,1,1,1,1,1,1,1,1,1,1,1,1,1,1,1,1,1,1,1,1,1,1,1,1,1,1,1,1,1,1,1,1,1,1,1,1,1,1,1,1,1,1,1,1,1,1,0,0",",,,114116,112518,141425,159707,173554,198542,207706,206390,209701,228348,226473,212310,213377,230427,228751,214066,202081,190932,163465,120785,105424,105321,105179,104979,104835,104748,104675,104571,104490,103545,104305,104234,104118,104051,103966,103860,103777,103679,103601,105268,138629,171325,198255,222511,232040,244508,249586,233021,246976,249283,232692,247738,248945,232496,245095,225910,98464,142422,139839,126238,",5,1,3568,[object Object],5,1035.9658333333334,4,3600,3189190,3686400,589824,,true,23,,
13,B,perturbation,distributed,1,1,0.8.0,6156fbf2,512,1,65536,97,0,"0,0,0,0,7,8,9,11,12,13,14,15,15,15,15,15,15,15,14,13,11,9,8,7,7,7,7,7,7,7,8,10,6,6,6,6,6,6,6,6,6,6,6,9,11,12,13,13,14,14,14,14,14,14,13,12,12,13,11,4,9,8,1,0",126,58,0,63,6,88,2467,12620,"60,34",12620,"60,34",1067,4,1067,3,6978465,12729,[object Object],65536,1024,0,0,443,",,,,458752,524288,589824,720896,786432,851968,458752,491520,491520,491520,491520,491520,491520,491520,458752,425984,360448,294912,262144,229376,229376,229376,229376,229376,229376,229376,262144,327680,196608,196608,196608,196608,196608,196608,196608,196608,196608,196608,196608,294912,360448,393216,425984,425984,458752,458752,458752,458752,458752,458752,851968,786432,786432,851968,720896,262144,589824,524288,65536,",746,0,0,11,"0,0,0,0,1,1,1,1,1,1,2,2,2,2,2,2,2,2,2,2,2,2,2,2,2,2,2,2,2,2,2,2,2,2,2,2,2,2,2,2,2,2,2,2,2,2,2,2,2,2,2,2,2,2,1,1,1,1,1,1,1,1,1,0",",,,124103,108165,143407,166939,195967,217418,239427,268653,289323,312164,336504,355394,367926,397478,427167,426830,439890,474323,554219,573623,586960,586934,586960,586934,586960,586934,587343,655437,636776,596875,598093,598100,598107,598114,598121,598128,598135,598142,598148,594761,505243,471717,441365,419027,394309,375350,358437,335324,306342,295792,275584,242108,226925,225407,220832,190850,101379,139101,124039,100107,",5,1,3945,[object Object],5,1038.8355555555556,4,3600,3257564,3686400,589824,13,,23,,
13,B,perturbation,distributed,1,2,0.8.0,66bddffb,512,1,65536,97,0,"0,0,0,0,7,8,9,10,11,13,13,14,14,14,15,15,14,14,14,14,13,11,9,8,7,7,7,7,7,7,8,10,6,6,6,6,6,6,6,6,6,6,6,6,10,11,12,14,15,15,15,15,14,15,14,13,13,13,12,4,9,8,1,0",129,58,0,63,6,88,2469,12976,"60,34",12976,"60,34",1193,4,1193,3,7651346,18123,[object Object],65536,1024,0,0,445,",,,,458752,524288,589824,655360,720896,851968,425984,458752,458752,458752,491520,491520,458752,458752,458752,458752,425984,360448,294912,262144,229376,229376,229376,229376,229376,229376,262144,327680,196608,196608,196608,196608,196608,196608,196608,196608,196608,196608,196608,196608,327680,360448,393216,458752,491520,491520,491520,491520,458752,491520,917504,851968,851968,851968,786432,262144,589824,524288,65536,",746,0,0,11,"0,0,0,0,1,1,1,1,1,1,2,2,2,2,2,2,2,2,2,2,2,2,2,2,2,2,2,2,2,2,2,2,2,2,2,2,2,2,2,2,2,2,2,2,2,2,2,2,2,2,2,2,2,2,1,1,1,1,1,1,1,1,1,0",",,,113788,104274,138413,162582,182690,201581,228126,251532,272129,291369,309995,327293,353367,376679,398798,418038,420998,439296,473742,543092,564197,579465,579565,579420,579565,579465,579818,649865,634581,589502,590987,590923,591046,590892,591015,590906,591029,590965,591088,590934,584832,483968,471646,449171,421015,408323,371175,357851,336006,308728,291961,258617,251956,233979,228068,210348,107334,128980,116965,79568,",5,1,4076,[object Object],5,1038.8072222222222,4,3600,3255632,3686400,589824,8,,23,,
13,B,perturbation,distributed,1,3,0.8.0,bd7148d7,512,1,65536,94,0,"0,0,0,0,7,8,9,11,12,13,15,15,17,17,16,16,16,17,16,15,14,12,10,9,9,9,9,9,9,9,10,11,6,6,6,6,7,7,7,7,7,7,7,10,11,12,14,15,16,15,16,16,16,16,15,14,13,13,12,4,9,8,1,0",125,58,0,63,6,87,2490,12556,"60,34",12556,"60,34",1184,4,1184,6,10115521,22731,[object Object],65536,1024,0,0,469,",,,,458752,524288,589824,720896,786432,851968,983040,491520,557056,557056,524288,524288,524288,557056,524288,491520,458752,393216,327680,294912,294912,294912,294912,294912,294912,294912,327680,360448,196608,196608,196608,196608,229376,229376,229376,229376,229376,229376,229376,327680,360448,393216,458752,491520,524288,491520,524288,524288,524288,524288,983040,917504,851968,851968,786432,262144,589824,524288,65536,",823,0,0,12,"0,0,0,0,1,1,1,1,1,1,1,2,2,2,2,2,2,2,2,2,2,2,2,2,2,2,2,2,2,2,2,2,2,2,2,2,2,2,2,2,2,2,2,2,2,2,2,2,2,2,2,2,2,2,1,1,1,1,1,1,1,1,1,0",",,,124038,107451,142660,166766,195175,216712,239863,269514,293038,319228,345244,366071,383289,396400,435977,461474,458689,475150,526816,603234,616789,616154,615898,615289,615481,614906,625441,623648,624655,624517,629054,629510,629888,630531,632626,632950,633491,633431,634086,632368,556050,507263,477184,449668,435828,414838,386289,364946,332767,323484,301343,269605,265186,241857,235765,210832,111236,128115,118695,58043,",5,1,3920,[object Object],5,1037.8569444444445,4,3600,3234366,3686400,589824,57,,23,,
13,B,perturbation,distributed,1,4,0.8.0,6bbfed7a,512,1,65536,95,0,"0,0,0,0,7,8,9,11,12,13,13,14,14,15,15,16,17,16,16,15,13,11,10,9,9,9,9,9,9,9,11,12,6,6,6,6,6,7,7,7,7,7,7,9,12,13,15,15,15,15,15,16,15,15,14,12,12,13,11,4,9,8,1,0",126,58,0,63,6,88,2473,12632,"60,34",12632,"60,34",1506,4,1506,5,7763770,20836,[object Object],65536,1024,0,0,449,",,,,458752,524288,589824,720896,786432,851968,425984,458752,458752,491520,491520,524288,557056,524288,524288,491520,425984,360448,327680,294912,294912,294912,294912,294912,294912,294912,360448,393216,196608,196608,196608,196608,196608,229376,229376,229376,229376,229376,229376,294912,393216,425984,491520,491520,491520,491520,491520,524288,491520,983040,917504,786432,786432,851968,720896,262144,589824,524288,65536,",777,0,0,11,"0,0,0,0,1,1,1,1,1,1,2,2,2,2,2,2,2,2,2,2,2,2,2,2,2,2,2,2,2,2,2,2,2,2,2,2,2,2,2,2,2,2,2,2,2,2,2,2,2,2,2,2,2,1,1,1,1,1,1,1,1,1,1,0",",,,113560,104704,138248,163275,186845,212503,233583,257675,281178,302148,329524,346660,360257,395260,423607,444430,443542,474222,538796,579748,596424,596667,597367,597852,598414,598737,604689,681338,617953,597654,601155,600112,599524,598869,597885,598049,597163,596651,596284,595591,564380,482753,460327,433965,414894,382802,358657,347460,323205,290368,283121,257471,225316,221456,214755,188519,103580,135723,120476,94947,",5,1,4108,[object Object],5,1039.7847222222222,4,3600,3252187,3686400,589824,2,,23,,
13,B,perturbation,distributed,1,5,0.8.0,be61158d,512,1,65536,94,0,"0,0,0,0,7,8,10,11,12,14,15,16,17,16,16,17,17,17,16,14,13,11,9,9,9,9,9,9,9,9,10,11,6,6,6,6,7,7,7,7,7,7,7,10,12,13,14,16,16,15,16,16,16,15,15,14,12,13,12,4,9,8,1,0",126,58,0,63,6,87,2490,12660,"60,34",12660,"60,34",1231,4,1231,6,10390153,22745,[object Object],65536,1024,0,0,468,",,,,458752,524288,655360,720896,786432,917504,983040,1048576,557056,524288,524288,557056,557056,557056,524288,458752,425984,360448,294912,294912,294912,294912,294912,294912,294912,294912,327680,360448,196608,196608,196608,196608,229376,229376,229376,229376,229376,229376,229376,327680,393216,425984,458752,524288,524288,491520,524288,524288,524288,491520,983040,917504,786432,851968,786432,262144,589824,524288,65536,",828,0,0,12,"0,0,0,0,1,1,1,1,1,1,1,1,2,2,2,2,2,2,2,2,2,2,2,2,2,2,2,2,2,2,2,2,2,2,2,2,2,2,2,2,2,2,2,2,2,2,2,2,2,2,2,2,2,2,1,1,1,1,1,1,1,1,1,0",",,,122771,110116,146757,178925,200645,221757,251148,275450,299724,328097,348663,364358,398906,429235,443245,467905,474707,490890,575316,613431,612926,612527,612134,611639,611297,610895,621559,612325,610826,622123,626590,626918,627415,627856,630017,630364,630661,630861,631389,624652,554430,509736,472502,455273,430032,406599,377578,352989,348259,320721,286989,283097,255097,224943,241265,212000,109598,132042,121025,83368,",5,1,3856,[object Object],5,1037.8725,4,3600,3234729,3686400,655360,56,,23,,
13,B,perturbation,distributed,1,6,0.8.0,53a2fede,512,1,65536,95,0,"0,0,0,0,7,8,9,10,11,12,14,15,15,14,14,14,15,16,16,15,14,13,11,10,9,9,9,9,9,9,11,12,6,6,6,6,6,7,7,7,7,7,7,7,11,13,14,15,15,16,16,16,16,15,14,13,12,13,12,4,9,8,1,0",130,58,0,63,6,88,2474,13032,"60,34",13032,"60,34",1147,4,1147,5,8027834,21682,[object Object],65536,1024,0,0,450,",,,,458752,524288,589824,655360,720896,786432,917504,983040,491520,458752,458752,458752,491520,524288,524288,491520,458752,425984,360448,327680,294912,294912,294912,294912,294912,294912,360448,393216,196608,196608,196608,196608,196608,229376,229376,229376,229376,229376,229376,229376,360448,425984,458752,491520,491520,524288,524288,524288,524288,983040,917504,851968,786432,851968,786432,262144,589824,524288,65536,",778,0,0,11,"0,0,0,0,1,1,1,1,1,1,1,1,2,2,2,2,2,2,2,2,2,2,2,2,2,2,2,2,2,2,2,2,2,2,2,2,2,2,2,2,2,2,2,2,2,2,2,2,2,2,2,2,2,1,1,1,1,1,1,1,1,1,1,0",",,,120101,103521,136542,160420,181540,199552,221088,249305,273831,292616,310630,330600,352217,373965,382378,414875,443386,454937,492218,542541,560962,576037,576532,577011,577544,578048,583731,670638,629759,579147,582712,582356,581135,580811,580386,580529,579860,579146,578354,578069,576843,529211,454122,430565,416317,386384,374507,349171,321970,303017,272179,261464,241615,212468,221613,208184,105426,130613,117957,79536,",5,1,4172,[object Object],5,1039.7727777777777,4,3600,3250846,3686400,589824,6,,23,,
13,B,perturbation,distributed,1,7,0.8.0,ddf7a572,512,1,65536,95,0,"0,0,0,0,7,8,9,11,12,13,13,15,15,15,15,16,16,16,16,14,13,11,9,9,9,9,9,9,9,9,11,12,6,6,6,6,6,7,7,7,7,7,7,10,12,14,15,15,16,15,15,15,15,14,13,12,12,12,11,4,9,7,1,0",127,58,0,63,6,88,2475,12788,"60,34",12788,"60,34",1150,4,1150,5,7889718,21575,[object Object],65536,1024,0,0,452,",,,,458752,524288,589824,720896,786432,851968,425984,491520,491520,491520,491520,524288,524288,524288,524288,458752,425984,360448,294912,294912,294912,294912,294912,294912,294912,294912,360448,393216,196608,196608,196608,196608,196608,229376,229376,229376,229376,229376,229376,327680,393216,458752,491520,491520,524288,491520,491520,491520,491520,917504,851968,786432,786432,786432,720896,262144,589824,458752,65536,",787,0,0,11,"0,0,0,0,1,1,1,1,1,1,2,2,2,2,2,2,2,2,2,2,2,2,2,2,2,2,2,2,2,2,2,2,2,2,2,2,2,2,2,2,2,2,2,2,2,2,2,2,2,2,2,2,2,1,1,1,1,1,1,1,1,1,1,0",",,,127363,106289,140602,167875,195763,216242,238708,262292,289679,310061,327159,351981,380173,397167,406841,443547,456181,470990,543248,585968,586449,586802,587259,587898,588274,588708,594030,677437,623304,586833,590267,589821,588781,588316,587692,587851,587271,587218,586171,584563,535512,472944,448206,425938,397798,377138,343632,325598,312375,294957,260132,241439,234200,217592,197635,189448,96260,123414,102558,79571,",5,1,4052,[object Object],5,1038.8133333333333,4,3600,3249757,3686400,589824,10,,23,,
13,B,perturbation,distributed,1,8,0.8.0,07efa170,512,1,65536,95,0,"0,0,0,0,7,8,9,10,12,13,14,14,16,16,16,16,16,16,16,16,14,13,11,10,9,9,9,9,9,9,10,11,6,6,6,6,7,7,7,7,7,7,7,7,10,12,13,14,15,16,16,16,16,16,16,14,13,13,12,5,9,8,1,0",125,58,0,63,6,87,2481,12544,"60,34",12544,"60,34",1137,4,1137,5,9284001,19527,[object Object],65536,1024,0,0,459,",,,,458752,524288,589824,655360,786432,851968,917504,458752,524288,524288,524288,524288,524288,524288,524288,524288,458752,425984,360448,327680,294912,294912,294912,294912,294912,294912,327680,360448,196608,196608,196608,196608,229376,229376,229376,229376,229376,229376,229376,229376,327680,393216,425984,458752,491520,524288,524288,524288,524288,524288,1048576,917504,851968,851968,786432,327680,589824,524288,65536,",821,0,0,12,"0,0,0,0,1,1,1,1,1,1,1,2,2,2,2,2,2,2,2,2,2,2,2,2,2,2,2,2,2,2,2,2,2,2,2,2,2,2,2,2,2,2,2,2,2,2,2,2,2,2,2,2,2,2,1,1,1,1,1,1,1,1,1,0",",,,109836,106100,139715,163812,184569,210874,233725,256682,279754,307574,326619,343817,372453,401762,418488,427303,466468,484421,521449,572335,591813,605922,605557,605192,604825,604863,612784,619843,609824,616947,621103,621435,622117,622447,624557,624798,625379,625523,626010,627593,620040,528209,491088,459049,441031,417829,406297,376987,353870,329240,307091,284760,258613,240461,225901,223640,125971,126965,117680,57237,",5,1,3976,[object Object],5,1038.826111111111,4,3600,3243434,3686400,589824,29,,23,,
13,B,perturbation,distributed,1,9,0.8.0,f794d897,512,1,65536,95,0,"0,0,0,0,7,8,9,10,12,13,13,13,15,15,15,16,16,16,16,15,12,11,10,9,9,9,9,9,9,9,11,12,6,6,6,6,6,7,7,7,7,7,7,10,12,13,14,15,15,16,16,15,15,15,13,12,12,13,11,4,9,8,1,0",125,58,0,63,6,88,2469,12500,"60,34",12500,"60,34",1095,4,1095,5,7387300,16050,[object Object],65536,1024,0,0,445,",,,,458752,524288,589824,655360,786432,851968,425984,425984,491520,491520,491520,524288,524288,524288,524288,491520,393216,360448,327680,294912,294912,294912,294912,294912,294912,294912,360448,393216,196608,196608,196608,196608,196608,229376,229376,229376,229376,229376,229376,327680,393216,425984,458752,491520,491520,524288,524288,491520,491520,983040,851968,786432,786432,851968,720896,262144,589824,524288,65536,",785,0,0,11,"0,0,0,0,1,1,1,1,1,1,2,2,2,2,2,2,2,2,2,2,2,2,2,2,2,2,2,2,2,2,2,2,2,2,2,2,2,2,2,2,2,2,2,2,2,2,2,2,2,2,2,2,2,1,1,1,1,1,1,1,1,1,1,0",",,,109836,105704,139655,163871,185068,211591,235145,258864,283779,310547,329604,346362,375296,405246,424093,430987,459172,511322,554132,573040,586992,587657,588190,588666,589135,589972,595419,669877,619637,591295,594667,594378,593027,592843,591730,592172,591057,590892,590159,589045,546618,475819,449906,427283,403744,377528,365612,339458,307385,297378,274378,239701,224660,224153,215064,188355,101162,139961,123860,99698,",5,1,4088,[object Object],5,1038.8041666666666,4,3600,3255916,3686400,589824,8,,23,,
13,B,perturbation,distributed,1,10,0.8.0,fe27080a,512,1,65536,94,0,"0,0,0,0,7,8,9,11,12,13,14,15,15,17,17,16,16,17,17,15,13,12,10,9,9,9,9,9,9,9,10,11,6,6,6,6,7,7,7,7,7,7,7,7,11,12,13,14,16,17,16,16,15,16,16,14,13,13,12,4,9,8,1,0",126,58,0,63,6,88,2480,12688,"60,34",12688,"60,34",1203,4,1203,6,9460345,19537,[object Object],65536,1024,0,0,458,",,,,458752,524288,589824,720896,786432,851968,917504,491520,491520,557056,557056,524288,524288,557056,557056,491520,425984,393216,327680,294912,294912,294912,294912,294912,294912,294912,327680,360448,196608,196608,196608,196608,229376,229376,229376,229376,229376,229376,229376,229376,360448,393216,425984,458752,524288,557056,524288,524288,491520,524288,1048576,917504,851968,851968,786432,262144,589824,524288,65536,",819,0,0,11,"0,0,0,0,1,1,1,1,1,1,1,2,2,2,2,2,2,2,2,2,2,2,2,2,2,2,2,2,2,2,2,2,2,2,2,2,2,2,2,2,2,2,2,2,2,2,2,2,2,2,2,2,2,2,1,1,1,1,1,1,1,1,1,0",",,,126202,106847,140899,167409,195595,215971,237116,259914,289598,310567,335974,362997,385329,400591,413432,455497,474489,470927,532946,595503,610963,610332,610126,609496,609287,609068,617408,622424,613818,619802,624534,624814,625642,626189,628423,628635,629340,629434,630068,631633,627312,541795,498692,469474,444003,428518,402736,374713,352169,317475,313300,287101,260936,242063,236290,212003,111030,127570,118265,57375,",5,1,3945,[object Object],5,1038.8352777777777,4,3600,3244155,3686400,589824,27,,23,,
14,B,basic,straight,,,0.8.0,0ab08505,65536,3,65536,98,0,"0,0,0,1,3,3,3,3,3,3,3,3,3,3,3,3,3,3,3,3,3,3,3,3,3,3,3,3,3,3,3,3,3,5,5,5,5,5,5,5,5,5,5,5,5,5,5,5,5,5,5,5,5,5,5,5,5,5,5,0,0,0,0,0",38,56,0,63,63,93,2273,4164,"4,32",3868,"6,32",42,1,29,2,0,0,[object Object],65536,1024,0,0,232,",,,65536,196608,196608,196608,196608,196608,196608,196608,196608,196608,196608,196608,196608,196608,196608,196608,196608,196608,196608,196608,196608,196608,196608,196608,196608,196608,196608,196608,196608,196608,327680,327680,327680,327680,327680,327680,327680,327680,327680,327680,327680,327680,327680,327680,327680,327680,327680,327680,327680,327680,327680,327680,327680,327680,327680,327680,,,,,",264,0,0,6,"0,0,0,1,1,1,1,1,1,1,1,1,1,1,1,1,1,1,1,1,1,1,1,1,1,1,1,1,1,1,1,1,1,1,1,1,1,1,1,1,1,1,1,1,1,1,1,1,1,1,1,1,1,1,1,1,1,1,1,0,0,0,0,0",",,,0,12967,15628,18728,21201,23235,24958,26562,27930,29237,30356,31436,32356,33251,34109,34844,35565,36256,36839,37397,37964,39590,40103,40070,40284,40686,41221,41959,43054,43085,49372,49785,50743,51712,53560,54683,56305,57598,59390,61089,62568,64689,66249,68416,69964,72092,72328,68607,68672,68728,68794,68849,68914,68970,69035,69091,,,,,",5,1,3140,[object Object],5,1038.0897222222222,4,3600,3456345,3686400,196608,,false,20,,
14,B,basic,distributed,,,0.8.0,dfc2930b,65536,3,65536,98,0,"0,0,0,0,7,8,9,10,12,13,14,14,15,15,14,14,15,15,14,13,12,11,8,7,7,7,7,7,7,7,7,7,7,7,7,7,7,7,7,7,7,7,7,7,11,12,14,15,15,16,15,15,16,15,14,13,12,13,12,5,10,8,1,0",93,56,0,63,6,88,2458,9348,"60,34",9348,"60,34",994,3,994,2,0,0,[object Object],65536,1024,0,0,432,",,,,458752,524288,589824,655360,786432,851968,917504,458752,491520,491520,458752,458752,491520,491520,458752,425984,393216,360448,262144,229376,229376,229376,229376,229376,229376,229376,229376,229376,229376,229376,229376,229376,229376,229376,229376,229376,229376,229376,229376,229376,360448,393216,458752,491520,491520,524288,491520,491520,524288,983040,917504,851968,786432,851968,786432,163840,655360,524288,65536,",720,0,0,11,"0,0,0,0,1,1,1,1,1,1,1,2,2,2,2,2,2,2,2,2,2,2,2,2,2,2,2,2,2,2,2,2,2,2,2,2,2,2,2,2,2,2,2,2,2,2,2,2,2,2,2,2,2,1,1,1,1,1,1,2,1,1,1,0",",,,110637,106576,138356,164612,186654,213651,238895,262446,283488,304947,330782,354522,377048,390535,423303,454495,466012,451326,491014,591906,609855,609745,609694,609611,609658,609479,609502,609547,609609,609329,609547,609512,609609,609547,609547,609547,609609,609512,609547,609512,600145,528391,485711,454791,428183,402080,382688,347530,332681,311651,278330,268879,246609,216506,230957,209984,171533,140726,120335,75126,",5,1,3124,[object Object],5,1034.1030555555556,4,3600,3267116,3686400,589824,,true,20,,
14,B,basic,detour,,,0.8.0,c0a8a698,65536,3,65536,97,0,"0,0,0,0,7,8,9,10,12,13,12,12,13,13,12,12,13,13,12,11,10,9,6,5,5,5,5,5,5,5,5,5,5,5,5,5,5,5,5,5,5,5,5,8,9,10,12,13,14,14,13,14,14,13,14,14,13,13,12,5,10,8,1,0",113,56,0,63,6,86,2538,11388,"60,34",11388,"60,34",1067,4,1067,3,0,0,[object Object],65536,1024,0,0,526,",,,,458752,524288,589824,655360,786432,851968,786432,786432,851968,851968,786432,786432,851968,851968,786432,720896,655360,589824,393216,327680,327680,327680,327680,327680,327680,327680,327680,327680,327680,327680,327680,327680,327680,327680,327680,327680,327680,327680,327680,524288,589824,655360,786432,851968,917504,917504,851968,917504,917504,851968,917504,917504,851968,851968,786432,163840,655360,524288,65536,",646,0,0,13,"0,0,0,0,1,1,1,1,1,1,1,1,1,1,1,1,1,1,1,1,1,1,1,1,1,1,1,1,1,1,1,1,1,1,1,1,1,1,1,1,1,1,1,1,1,1,1,1,1,1,1,1,1,1,1,1,1,1,1,2,1,1,1,0",",,,114683,114332,141739,159229,172330,196644,206262,205421,208626,227855,225926,211964,213146,230282,228356,213885,201857,190664,163173,120672,105368,105267,105112,105003,104770,104666,104554,104476,104394,103456,104203,104142,104042,103951,103846,103767,103678,103605,103489,105189,138645,171495,198299,221997,231984,244484,249556,232998,246951,249256,232687,247723,248932,232514,245057,226054,168366,151606,134209,92412,",5,1,3123,[object Object],5,1034.1022222222223,4,3600,3184928,3686400,589824,,true,20,,
14,B,perturbation,distributed,1,1,0.8.0,88b745da,65536,3,65536,98,0,"0,0,0,0,7,8,9,11,12,13,15,15,16,15,15,15,15,15,14,13,11,9,8,7,7,7,7,7,7,7,7,7,7,7,7,7,7,7,7,7,7,7,7,10,12,13,14,14,15,15,15,15,15,15,13,12,12,13,11,5,10,8,1,0",90,56,0,63,6,88,2455,9080,"60,34",9080,"60,34",1139,3,1139,2,0,0,[object Object],65536,1024,0,0,428,",,,,458752,524288,589824,720896,786432,851968,983040,491520,524288,491520,491520,491520,491520,491520,458752,425984,360448,294912,262144,229376,229376,229376,229376,229376,229376,229376,229376,229376,229376,229376,229376,229376,229376,229376,229376,229376,229376,229376,229376,327680,393216,425984,458752,458752,491520,491520,491520,491520,491520,983040,851968,786432,786432,851968,720896,163840,655360,524288,65536,",721,0,0,11,"0,0,0,0,1,1,1,1,1,1,1,2,2,2,2,2,2,2,2,2,2,2,2,2,2,2,2,2,2,2,2,2,2,2,2,2,2,2,2,2,2,2,2,2,2,2,2,2,2,2,2,2,2,1,1,1,1,1,1,2,1,1,1,0",",,,126341,109048,140524,167288,196482,220524,244199,274427,295199,320252,346975,367290,379560,412033,444206,444398,460576,496888,573002,592386,605897,605897,605918,605897,605897,606016,605897,605897,605918,605557,605897,605918,605897,605935,605918,605897,605897,605918,605897,602053,515152,482636,452205,428537,402559,381995,364014,338873,308092,296820,274970,240556,225609,223859,218534,188638,163013,146883,122994,90168,",5,1,3124,[object Object],5,1034.1027777777779,4,3600,3270244,3686400,589824,9,,20,,
14,B,perturbation,distributed,1,2,0.8.0,05d19d15,65536,3,65536,97,0,"0,0,0,0,7,8,9,10,11,13,14,14,14,14,15,15,14,14,14,14,13,11,9,8,7,7,7,7,7,7,7,7,7,7,7,7,7,7,7,7,7,7,7,7,11,12,13,15,16,16,16,16,15,16,14,13,13,13,12,5,10,8,1,0",92,56,0,63,6,88,2455,9214,"60,34",9214,"60,34",1095,3,1095,3,0,0,[object Object],65536,1024,0,0,429,",,,,458752,524288,589824,655360,720896,851968,917504,458752,458752,458752,491520,491520,458752,458752,458752,458752,425984,360448,294912,262144,229376,229376,229376,229376,229376,229376,229376,229376,229376,229376,229376,229376,229376,229376,229376,229376,229376,229376,229376,229376,360448,393216,425984,491520,524288,524288,524288,524288,491520,1048576,917504,851968,851968,851968,786432,163840,655360,524288,65536,",738,0,0,11,"0,0,0,0,1,1,1,1,1,1,1,2,2,2,2,2,2,2,2,2,2,2,2,2,2,2,2,2,2,2,2,2,2,2,2,2,2,2,2,2,2,2,2,2,2,2,2,2,2,2,2,2,2,1,1,1,1,1,1,2,1,1,1,0",",,,110637,104299,135831,161566,184156,204426,231877,256634,278352,299831,319998,336684,365290,391616,415023,435962,438975,460122,497393,563383,584128,598790,598866,598790,598866,598790,598807,598849,598807,598904,598807,598849,598807,598849,598807,598849,598866,598790,598866,598790,592814,495104,481811,459336,431407,416511,377023,362360,338603,310173,291873,257560,251886,232891,226066,208273,174853,137048,118376,73611,",5,1,3124,[object Object],5,1034.1030555555556,4,3600,3269865,3686400,589824,8,,20,,
14,B,perturbation,distributed,1,3,0.8.0,a7566afc,65536,3,65536,96,0,"0,0,0,0,7,8,9,11,12,13,15,15,17,17,16,16,16,17,16,15,14,12,10,9,9,9,9,9,9,9,9,11,7,7,7,7,7,7,8,8,8,8,8,11,12,13,15,17,17,17,17,17,17,17,15,14,13,13,12,5,10,8,1,0",89,56,0,63,6,88,2466,8914,"60,34",8914,"60,34",1267,3,1267,4,0,0,[object Object],65536,1024,0,0,440,",,,,458752,524288,589824,720896,786432,851968,983040,491520,557056,557056,524288,524288,524288,557056,524288,491520,458752,393216,327680,294912,294912,294912,294912,294912,294912,294912,294912,360448,229376,229376,229376,229376,229376,229376,262144,262144,262144,262144,262144,360448,393216,425984,491520,557056,557056,557056,557056,557056,557056,1114112,983040,917504,851968,851968,786432,163840,655360,524288,65536,",792,0,0,11,"0,0,0,0,1,1,1,1,1,1,1,2,2,2,2,2,2,2,2,2,2,2,2,2,2,2,2,2,2,2,2,2,2,2,2,2,2,2,2,2,2,2,2,2,2,2,2,2,2,2,2,2,2,1,1,1,1,1,1,2,1,1,1,0",",,,128200,108173,139858,167304,196421,219864,244295,274986,299397,326433,354324,377645,395562,408304,451340,479164,476666,496521,549532,619726,632883,632059,631729,631356,631049,630637,630061,639129,660673,622373,624724,625715,626440,627162,627334,628344,628888,629493,629951,628268,556029,511039,481520,453162,438525,416249,387321,363679,329860,320467,296855,264075,260806,236452,229888,206866,176917,136302,118117,51800,",5,1,3123,[object Object],5,1034.1030555555556,4,3600,3259120,3686400,589824,24,,20,,
14,B,perturbation,distributed,1,4,0.8.0,11bf03be,65536,3,65536,96,0,"0,0,0,0,7,8,9,11,12,13,14,14,15,16,16,16,17,16,16,15,13,11,10,9,9,9,9,9,9,9,10,12,8,8,8,8,8,8,8,8,8,8,8,11,13,14,16,16,16,16,17,17,16,16,15,13,12,13,11,5,10,8,1,0",90,56,0,63,6,88,2452,9076,"60,34",9076,"60,34",1312,3,1312,4,0,0,[object Object],65536,1024,0,0,425,",,,,458752,524288,589824,720896,786432,851968,917504,458752,491520,524288,524288,524288,557056,524288,524288,491520,425984,360448,327680,294912,294912,294912,294912,294912,294912,294912,327680,393216,262144,262144,262144,262144,262144,262144,262144,262144,262144,262144,262144,360448,425984,458752,524288,524288,524288,524288,557056,557056,524288,1048576,983040,851968,786432,851968,720896,163840,655360,524288,65536,",777,0,0,11,"0,0,0,0,1,1,1,1,1,1,1,2,2,2,2,2,2,2,2,2,2,2,2,2,2,2,2,2,2,2,2,2,2,2,2,2,2,2,2,2,2,2,2,2,2,2,2,2,2,2,2,2,2,1,1,1,1,1,1,2,1,1,1,0",",,,110637,104448,136103,161847,188590,215372,238350,263644,288317,311549,340103,358380,372181,411102,444191,466186,464805,497664,560867,600342,616161,616624,617221,617687,618106,618474,618679,603783,614081,619926,620876,620188,620099,619775,619360,618747,618455,618041,617628,616951,587602,507491,484175,456201,434458,399852,374018,360265,333570,299252,289963,263874,230337,224909,217777,188615,168244,142993,120686,71851,",5,1,3124,[object Object],5,1034.1025,4,3600,3273525,3686400,589824,19,,20,,
14,B,perturbation,distributed,1,5,0.8.0,5a3f2189,65536,3,65536,96,0,"0,0,0,0,7,8,10,11,12,14,15,16,17,16,16,17,17,17,16,14,13,11,9,9,9,9,9,9,9,9,9,11,7,7,7,7,7,8,8,8,8,8,8,11,13,14,15,17,17,16,17,17,17,16,15,14,12,13,12,5,10,8,1,0",90,56,0,63,6,88,2466,9020,"60,34",9020,"60,34",1363,3,1363,4,0,0,[object Object],65536,1024,0,0,441,",,,,458752,524288,655360,720896,786432,917504,983040,1048576,557056,524288,524288,557056,557056,557056,524288,458752,425984,360448,294912,294912,294912,294912,294912,294912,294912,294912,294912,360448,229376,229376,229376,229376,229376,262144,262144,262144,262144,262144,262144,360448,425984,458752,491520,557056,557056,524288,557056,557056,557056,1048576,983040,917504,786432,851968,786432,163840,655360,524288,65536,",819,0,0,11,"0,0,0,0,1,1,1,1,1,1,1,1,2,2,2,2,2,2,2,2,2,2,2,2,2,2,2,2,2,2,2,2,2,2,2,2,2,2,2,2,2,2,2,2,2,2,2,2,2,2,2,2,2,1,1,1,1,1,1,2,1,1,1,0",",,,120482,109839,145314,178381,202569,224768,255108,281192,305447,335153,357963,374065,410490,443795,457256,484265,494139,510769,590590,627340,626669,626187,625777,625314,624672,624634,624076,635791,660547,621345,621199,621837,622388,623080,623756,624305,625026,625550,626292,621168,554749,511682,475863,457312,432901,407484,376780,351671,346188,317040,282563,278461,250959,219711,236428,208541,172711,139945,120096,53311,",5,1,3120,[object Object],5,1034.1036111111111,4,3600,3258812,3686400,655360,25,,20,,
14,B,perturbation,distributed,1,6,0.8.0,fb58e79e,65536,3,65536,97,0,"0,0,0,0,7,8,9,10,11,12,14,15,15,15,15,15,16,16,16,15,14,13,11,10,9,9,9,9,9,9,10,12,8,8,8,8,8,8,8,8,8,8,8,8,12,14,15,16,17,17,17,17,17,16,15,14,12,13,12,5,10,8,1,0",92,56,0,63,6,88,2454,9264,"60,34",9264,"60,34",1103,3,1103,3,0,0,[object Object],65536,1024,0,0,428,",,,,458752,524288,589824,655360,720896,786432,917504,983040,491520,491520,491520,491520,524288,524288,524288,491520,458752,425984,360448,327680,294912,294912,294912,294912,294912,294912,327680,393216,262144,262144,262144,262144,262144,262144,262144,262144,262144,262144,262144,262144,393216,458752,491520,524288,557056,557056,557056,557056,557056,1048576,983040,917504,786432,851968,786432,163840,655360,524288,65536,",783,0,0,11,"0,0,0,0,1,1,1,1,1,1,1,1,2,2,2,2,2,2,2,2,2,2,2,2,2,2,2,2,2,2,2,2,2,2,2,2,2,2,2,2,2,2,2,2,2,2,2,2,2,2,2,2,2,1,1,1,1,1,1,2,1,1,1,0",",,,120658,104018,134195,159917,181892,202077,225932,254861,279204,300741,321090,343268,366725,389981,397902,434884,466822,481213,517799,564799,582918,597502,598000,598480,598558,599072,599086,576284,578284,604359,604794,604606,603855,603570,603305,603230,603055,602797,602305,602230,600654,553882,479182,454652,437775,405102,390355,363100,333634,312082,279216,268015,246811,215732,225409,208427,173584,138340,118696,75405,",5,1,3123,[object Object],5,1034.1033333333332,4,3600,3270752,3686400,589824,11,,20,,
14,B,perturbation,distributed,1,7,0.8.0,53e0633b,65536,3,65536,97,0,"0,0,0,0,7,8,9,11,12,13,14,15,16,16,16,16,16,16,16,14,13,11,9,9,9,9,9,9,9,9,10,12,8,8,8,8,8,8,8,8,8,8,8,12,14,15,16,16,17,16,16,16,17,15,14,13,12,12,11,5,10,7,1,0",92,56,0,63,6,88,2455,9214,"60,34",9214,"60,34",1126,3,1126,3,0,0,[object Object],65536,1024,0,0,429,",,,,458752,524288,589824,720896,786432,851968,917504,491520,524288,524288,524288,524288,524288,524288,524288,458752,425984,360448,294912,294912,294912,294912,294912,294912,294912,294912,327680,393216,262144,262144,262144,262144,262144,262144,262144,262144,262144,262144,262144,393216,458752,491520,524288,524288,557056,524288,524288,524288,1114112,983040,917504,851968,786432,786432,720896,163840,655360,458752,65536,",788,0,0,11,"0,0,0,0,1,1,1,1,1,1,1,2,2,2,2,2,2,2,2,2,2,2,2,2,2,2,2,2,2,2,2,2,2,2,2,2,2,2,2,2,2,2,2,2,2,2,2,2,2,2,2,2,1,1,1,1,1,1,1,2,1,1,1,0",",,,128254,106728,138021,167828,197044,218650,243726,268478,297073,318270,335686,363436,393873,412091,422811,462306,478002,492487,562804,604554,605152,605577,606172,606867,607291,607681,607716,591114,600855,610693,610603,610400,609798,609558,608949,608818,608524,608049,608143,606080,558482,494988,470201,446519,415714,392783,356901,337988,323135,302540,267432,247923,239357,220677,200955,189902,154872,131094,103311,74269,",5,1,3124,[object Object],5,1034.1030555555556,4,3600,3269834,3686400,589824,8,,20,,
14,B,perturbation,distributed,1,8,0.8.0,eade7d17,65536,3,65536,96,0,"0,0,0,0,7,8,9,10,12,13,14,15,16,16,16,16,16,16,16,16,14,13,11,10,9,9,9,9,9,9,9,11,7,7,7,7,7,7,8,8,8,8,8,9,11,13,14,15,16,17,18,17,17,17,16,14,13,13,12,6,10,8,1,0",88,56,0,63,6,88,2459,8868,"60,34",8868,"60,34",1095,3,1095,4,0,0,[object Object],65536,1024,0,0,433,",,,,458752,524288,589824,655360,786432,851968,917504,983040,524288,524288,524288,524288,524288,524288,524288,524288,458752,425984,360448,327680,294912,294912,294912,294912,294912,294912,294912,360448,229376,229376,229376,229376,229376,229376,262144,262144,262144,262144,262144,196608,360448,425984,458752,491520,524288,557056,589824,557056,557056,1114112,1048576,917504,851968,851968,786432,196608,655360,524288,65536,",809,0,0,11,"0,0,0,0,1,1,1,1,1,1,1,1,2,2,2,2,2,2,2,2,2,2,2,2,2,2,2,2,2,2,2,2,2,2,2,2,2,2,2,2,2,2,2,3,2,2,2,2,2,2,2,2,2,1,1,1,1,1,1,2,1,1,1,0",",,,110637,106167,137671,163866,186151,213331,237592,262779,286868,315748,335452,352221,383845,415671,433502,441562,483708,504289,542868,588600,607433,620726,620501,620049,619822,619370,618928,631931,658267,614888,616203,616820,617651,618264,618885,619571,620286,620863,621654,622228,615890,531494,493641,463185,444217,419707,407499,376262,352366,325960,303678,279736,254964,235221,219997,219436,185927,135116,117280,52707,",5,1,3124,[object Object],5,1034.1030555555556,4,3600,3266182,3686400,589824,2,,20,,
14,B,perturbation,distributed,1,9,0.8.0,4b214872,65536,3,65536,96,0,"0,0,0,0,7,8,9,10,12,13,14,14,16,16,16,16,16,16,16,15,12,11,10,9,9,9,9,9,9,9,10,12,8,8,8,8,8,8,8,8,8,8,8,12,13,14,15,16,16,17,17,16,16,16,14,13,12,13,11,5,10,8,1,0",89,56,0,63,6,88,2449,8937,"60,34",8937,"60,34",1149,3,1149,4,0,0,[object Object],65536,1024,0,0,422,",,,,458752,524288,589824,655360,786432,851968,917504,458752,524288,524288,524288,524288,524288,524288,524288,491520,393216,360448,327680,294912,294912,294912,294912,294912,294912,294912,327680,393216,262144,262144,262144,262144,262144,262144,262144,262144,262144,262144,262144,393216,425984,458752,491520,524288,524288,557056,557056,524288,524288,1048576,917504,851968,786432,851968,720896,163840,655360,524288,65536,",787,0,0,11,"0,0,0,0,1,1,1,1,1,1,1,2,2,2,2,2,2,2,2,2,2,2,2,2,2,2,2,2,2,2,2,2,2,2,2,2,2,2,2,2,2,2,2,2,2,2,2,2,2,2,2,2,2,1,1,1,1,1,1,2,1,1,1,0",",,,110637,105942,137711,163364,186778,214111,239700,265295,291508,319819,339911,355588,388502,421140,442712,450382,481000,532133,573881,591867,605359,605998,606511,607149,607623,608113,607877,589383,591710,612956,612493,612267,611608,612026,611477,611299,610887,610597,610187,608962,568291,498063,470876,447265,422106,394193,380012,351319,317865,305843,280558,245599,229459,227472,218175,188273,162079,147536,122571,74284,",5,1,3124,[object Object],5,1034.1030555555556,4,3600,3276284,3686400,589824,28,,20,,
14,B,perturbation,distributed,1,10,0.8.0,1c937607,65536,3,65536,96,0,"0,0,0,0,7,8,9,11,12,13,14,16,16,17,17,16,16,17,17,15,13,12,10,9,9,9,9,9,9,9,9,11,7,7,7,7,7,7,8,8,8,8,8,8,12,13,14,15,17,18,17,17,16,17,16,14,13,13,12,5,10,8,1,0",89,56,0,63,6,88,2458,8960,"60,34",8960,"60,34",1038,3,1038,4,0,0,[object Object],65536,1024,0,0,432,",,,,458752,524288,589824,720896,786432,851968,917504,1048576,524288,557056,557056,524288,524288,557056,557056,491520,425984,393216,327680,294912,294912,294912,294912,294912,294912,294912,294912,360448,229376,229376,229376,229376,229376,229376,262144,262144,262144,262144,262144,262144,393216,425984,458752,491520,557056,589824,557056,557056,524288,1114112,1048576,917504,851968,851968,786432,163840,655360,524288,65536,",809,0,0,11,"0,0,0,0,1,1,1,1,1,1,1,1,2,2,2,2,2,2,2,2,2,2,2,2,2,2,2,2,2,2,2,2,2,2,2,2,2,2,2,2,2,2,2,2,2,2,2,2,2,2,2,2,2,1,1,1,1,1,1,2,1,1,1,0",",,,128691,106890,138480,167593,196444,217850,241285,266276,296556,318703,344113,373871,398043,413902,426630,471884,493785,489856,550194,611426,625871,625268,624832,624477,624040,623645,623492,635279,659864,618242,619747,620500,621297,622129,622531,623356,623903,624792,625340,626101,622175,541971,501799,473465,446970,431428,403390,374109,349852,313979,309546,281998,256917,237263,230661,208178,177415,135774,117690,51800,",5,1,3121,[object Object],5,1034.1038888888888,4,3600,3267016,3686400,589824,0,,20,,
15,B,basic,straight,,,0.8.0,a48d404d,512,3,65536,98,0,"0,0,0,1,3,3,3,3,3,3,3,5,5,5,5,5,5,5,5,5,5,5,5,5,5,5,5,5,5,5,5,5,3,5,5,5,5,5,5,5,5,5,5,5,5,6,7,7,7,7,5,5,5,5,5,5,5,5,5,0,0,0,0,0",20,56,0,46,63,93,2290,18989,"4,32",2072,"27,32",253,7,164,2,12386763,3598,[object Object],65536,1024,0,0,249,",,,65536,196608,196608,196608,196608,196608,196608,196608,327680,327680,327680,327680,327680,327680,327680,327680,327680,327680,327680,327680,327680,327680,327680,327680,327680,327680,327680,327680,327680,196608,327680,327680,327680,327680,327680,327680,327680,327680,327680,327680,327680,327680,393216,458752,458752,458752,458752,327680,327680,327680,327680,327680,327680,327680,327680,327680,,,,,",310,0,0,6,"0,0,0,1,1,1,1,1,1,1,1,1,1,1,1,1,1,1,1,1,1,1,1,1,1,1,1,1,1,1,1,1,1,1,1,1,1,1,1,1,1,1,1,1,1,1,1,1,1,1,1,1,1,1,1,1,1,1,1,0,0,0,0,0",",,0,8091,21335,47007,47130,47447,47796,47918,48229,48572,48693,48998,49336,49456,49755,50088,50207,50500,50829,50947,51235,51559,52425,52049,51599,51148,50971,50907,51075,51573,48140,54400,55530,56269,57249,58502,59618,61104,62292,63994,65602,67375,69062,70861,72617,74277,76077,76302,72536,72562,72550,72543,72572,72543,72562,72553,72536,,,,,",5,1,17964,[object Object],5,1271.1730555555555,4,3600,3439175,3686400,196608,,false,24,,
15,B,basic,distributed,,,0.8.0,aecfb827,512,3,65536,98,0,"0,0,0,0,7,8,9,10,12,13,13,14,15,15,14,14,15,15,14,13,12,11,8,7,7,7,7,7,7,7,7,7,7,7,7,7,7,7,7,7,7,7,7,7,11,12,14,15,15,16,15,15,16,15,14,13,12,13,12,4,9,8,1,0",131,56,0,63,6,88,2466,13180,"60,34",13180,"60,34",1145,5,1145,2,7794069,18369,[object Object],65536,1024,0,0,441,",,,,458752,524288,589824,655360,786432,851968,425984,458752,491520,491520,458752,458752,491520,491520,458752,425984,393216,360448,262144,229376,229376,229376,229376,229376,229376,229376,229376,229376,229376,229376,229376,229376,229376,229376,229376,229376,229376,229376,229376,229376,360448,393216,458752,491520,491520,524288,491520,491520,524288,983040,917504,851968,786432,851968,786432,262144,589824,524288,65536,",724,0,0,11,"0,0,0,0,1,1,1,1,1,1,2,2,2,2,2,2,2,2,2,2,2,2,2,2,2,2,2,2,2,2,2,2,2,2,2,2,2,2,2,2,2,2,2,2,2,2,2,2,2,2,2,2,2,1,1,1,1,1,1,1,1,1,1,0",",,,109836,106332,140833,164390,184698,210996,234037,256403,276197,297790,321578,342175,362714,376891,406773,434892,444214,429251,466445,571011,589587,589603,589522,589511,589404,589420,589338,589328,589309,588853,589215,589142,589097,589104,589104,589040,589104,589040,589104,589040,579620,505630,463504,434658,410474,386585,369579,336192,323694,305199,273766,264515,243672,214814,229906,210806,103717,132895,119560,79536,",5,1,4012,[object Object],5,1038.8227777777777,4,3600,3258467,3686400,589824,,true,24,,
15,B,basic,detour,,,0.8.0,afc3929a,512,3,65536,97,0,"0,0,0,0,7,8,9,10,12,12,12,12,13,13,12,12,13,13,12,11,10,9,6,5,5,5,5,5,5,5,5,5,5,5,5,5,5,5,5,5,5,5,5,8,9,10,12,13,13,14,13,13,14,13,14,14,13,13,12,4,9,8,0,0",159,56,0,63,6,86,2534,15992,"60,34",15992,"60,34",1022,6,1022,3,8518825,12856,[object Object],65536,1024,0,0,522,",,,,458752,524288,589824,655360,786432,786432,786432,786432,851968,851968,786432,786432,851968,851968,786432,720896,655360,589824,393216,327680,327680,327680,327680,327680,327680,327680,327680,327680,327680,327680,327680,327680,327680,327680,327680,327680,327680,327680,327680,524288,589824,655360,786432,851968,851968,917504,851968,851968,917504,851968,917504,917504,851968,851968,786432,262144,589824,524288,,",642,0,0,13,"0,0,0,0,1,1,1,1,1,1,1,1,1,1,1,1,1,1,1,1,1,1,1,1,1,1,1,1,1,1,1,1,1,1,1,1,1,1,1,1,1,1,1,1,1,1,1,1,1,1,1,1,1,1,1,1,1,1,1,1,1,1,0,0",",,,114116,112518,141425,159707,173554,198542,207706,206390,209701,228348,226473,212310,213377,230427,228751,214066,202081,190932,163465,120785,105424,105321,105179,104979,104835,104748,104675,104571,104490,103545,104305,104234,104118,104051,103966,103860,103777,103679,103601,105268,138629,171325,198255,222511,232040,244508,249586,233021,246976,249283,232692,247738,248945,232496,245095,225910,98464,142422,139839,126238,",5,1,3568,[object Object],5,1035.9658333333334,4,3600,3189190,3686400,589824,,true,24,,
15,B,perturbation,distributed,1,1,0.8.0,b13bb683,512,3,65536,98,0,"0,0,0,0,7,8,9,11,12,13,14,15,15,15,15,15,15,15,14,13,11,9,8,7,7,7,7,7,7,7,7,7,7,7,7,7,7,7,7,7,7,7,7,10,12,13,14,14,15,15,15,15,15,15,13,12,12,13,11,4,9,8,1,0",126,56,0,63,6,88,2462,12620,"60,34",12620,"60,34",1067,4,1067,2,6978465,12729,[object Object],65536,1024,0,0,437,",,,,458752,524288,589824,720896,786432,851968,458752,491520,491520,491520,491520,491520,491520,491520,458752,425984,360448,294912,262144,229376,229376,229376,229376,229376,229376,229376,229376,229376,229376,229376,229376,229376,229376,229376,229376,229376,229376,229376,229376,327680,393216,425984,458752,458752,491520,491520,491520,491520,491520,983040,851968,786432,786432,851968,720896,262144,589824,524288,65536,",742,0,0,11,"0,0,0,0,1,1,1,1,1,1,2,2,2,2,2,2,2,2,2,2,2,2,2,2,2,2,2,2,2,2,2,2,2,2,2,2,2,2,2,2,2,2,2,2,2,2,2,2,2,2,2,2,2,1,1,1,1,1,1,1,1,1,1,0",",,,124103,108165,143407,166939,195967,217418,239427,268653,289323,312164,336504,355394,367926,397478,427167,426830,439890,474323,554219,573623,586960,586934,586960,586934,586960,586934,586960,586934,586960,587016,586960,586934,586960,586934,586960,586934,586960,586934,586960,583587,495496,462655,433808,411876,387332,368612,352443,329418,300560,290741,270853,236930,223432,222380,218067,189325,101379,139101,124039,100107,",5,1,3945,[object Object],5,1038.8355555555556,4,3600,3262924,3686400,589824,13,,24,,
15,B,perturbation,distributed,1,2,0.8.0,906ae974,512,3,65536,97,0,"0,0,0,0,7,8,9,10,11,13,13,14,14,14,15,15,14,14,14,14,13,11,9,8,7,7,7,7,7,7,7,7,7,7,7,7,7,7,7,7,7,7,7,7,11,12,13,15,16,16,16,16,15,16,14,13,13,13,12,4,9,8,1,0",129,56,0,63,6,88,2464,12976,"60,34",12976,"60,34",1193,4,1193,3,7651346,18123,[object Object],65536,1024,0,0,439,",,,,458752,524288,589824,655360,720896,851968,425984,458752,458752,458752,491520,491520,458752,458752,458752,458752,425984,360448,294912,262144,229376,229376,229376,229376,229376,229376,229376,229376,229376,229376,229376,229376,229376,229376,229376,229376,229376,229376,229376,229376,360448,393216,425984,491520,524288,524288,524288,524288,491520,1048576,917504,851968,851968,851968,786432,262144,589824,524288,65536,",742,0,0,11,"0,0,0,0,1,1,1,1,1,1,2,2,2,2,2,2,2,2,2,2,2,2,2,2,2,2,2,2,2,2,2,2,2,2,2,2,2,2,2,2,2,2,2,2,2,2,2,2,2,2,2,2,2,1,1,1,1,1,1,1,1,1,1,0",",,,113788,104274,138413,162582,182690,201581,228126,251532,272129,291369,309995,327293,353367,376679,398798,418038,420998,439296,473742,543092,564197,579465,579565,579420,579565,579465,579519,579420,579565,579390,579519,579465,579565,579420,579519,579420,579519,579465,579565,579420,573265,474050,462523,440779,414343,401408,364805,352228,330316,303482,287248,253521,248843,230831,224828,208976,105699,128980,116965,79568,",5,1,4076,[object Object],5,1038.8072222222222,4,3600,3261016,3686400,589824,7,,24,,
15,B,perturbation,distributed,1,3,0.8.0,b7315e42,512,3,65536,96,0,"0,0,0,0,7,8,9,11,12,13,15,15,17,17,16,16,16,17,16,15,14,12,10,9,9,9,9,9,9,9,9,11,7,7,7,7,7,7,7,7,7,7,7,10,12,13,15,16,17,16,17,17,17,17,15,14,13,13,12,4,9,8,1,0",125,56,0,63,6,88,2474,12508,"60,34",12508,"60,34",1084,4,1084,4,6786679,12683,[object Object],65536,1024,0,0,450,",,,,458752,524288,589824,720896,786432,851968,983040,491520,557056,557056,524288,524288,524288,557056,524288,491520,458752,393216,327680,294912,294912,294912,294912,294912,294912,294912,294912,360448,229376,229376,229376,229376,229376,229376,229376,229376,229376,229376,229376,327680,393216,425984,491520,524288,557056,524288,557056,557056,557056,1114112,983040,917504,851968,851968,786432,262144,589824,524288,65536,",813,0,0,11,"0,0,0,0,1,1,1,1,1,1,1,2,2,2,2,2,2,2,2,2,2,2,2,2,2,2,2,2,2,2,2,2,2,2,2,2,2,2,2,2,2,2,2,2,2,2,2,2,2,2,2,2,2,1,1,1,1,1,1,1,1,1,1,0",",,,124038,107451,142660,166766,195175,216712,239863,269514,293038,319228,345244,366071,383289,396400,435977,461474,458689,475150,526816,603234,616789,616154,615898,615289,615481,614906,614502,623795,650573,606921,608440,609232,609885,610508,611075,611727,612378,613219,613975,612552,537490,490361,461733,435104,424076,403261,375351,353826,322326,314440,291484,260353,258565,235262,229597,208168,109979,128221,118742,58043,",5,1,3920,[object Object],5,1037.8569444444445,4,3600,3251059,3686400,589824,22,,24,,
15,B,perturbation,distributed,1,4,0.8.0,74ef9907,512,3,65536,96,0,"0,0,0,0,7,8,9,11,12,13,13,14,14,15,15,16,17,16,16,15,13,11,10,9,9,9,9,9,9,9,10,12,8,8,8,8,8,8,8,8,8,8,8,10,13,14,16,16,16,16,16,17,16,16,15,13,12,13,11,4,9,8,1,0",126,56,0,63,6,88,2461,12632,"60,34",12632,"60,34",1506,4,1506,4,7426521,17527,[object Object],65536,1024,0,0,435,",,,,458752,524288,589824,720896,786432,851968,425984,458752,458752,491520,491520,524288,557056,524288,524288,491520,425984,360448,327680,294912,294912,294912,294912,294912,294912,294912,327680,393216,262144,262144,262144,262144,262144,262144,262144,262144,262144,262144,262144,327680,425984,458752,524288,524288,524288,524288,524288,557056,524288,1048576,983040,851968,786432,851968,720896,262144,589824,524288,65536,",781,0,0,11,"0,0,0,0,1,1,1,1,1,1,2,2,2,2,2,2,2,2,2,2,2,2,2,2,2,2,2,2,2,2,2,2,2,2,2,2,2,2,2,2,2,2,2,2,2,2,2,2,2,2,2,2,2,1,1,1,1,1,1,1,1,1,1,0",",,,113560,104704,138248,163275,186845,212503,233583,257675,281178,302148,329524,346660,360257,395260,423607,444430,443542,474222,538796,579748,596424,596667,597367,597852,598414,598737,598997,579734,594936,600550,601439,601145,600364,599760,599413,599045,599154,598628,598038,597800,566943,484414,461975,435613,416837,385010,360736,349254,325207,292449,285001,259488,227537,223070,217325,189967,103580,135723,120476,94947,",5,1,4108,[object Object],5,1039.7847222222222,4,3600,3264188,3686400,589824,17,,24,,
15,B,perturbation,distributed,1,5,0.8.0,a3ac7bda,512,3,65536,96,0,"0,0,0,0,7,8,10,11,12,14,15,16,17,16,16,17,17,17,16,14,13,11,9,9,9,9,9,9,9,9,9,11,7,7,7,7,7,7,7,7,7,7,7,11,13,14,15,17,17,16,17,17,17,16,15,14,12,13,12,4,9,8,1,0",126,56,0,63,6,88,2473,12612,"60,34",12612,"60,34",1104,4,1104,4,6817030,12687,[object Object],65536,1024,0,0,449,",,,,458752,524288,655360,720896,786432,917504,983040,1048576,557056,524288,524288,557056,557056,557056,524288,458752,425984,360448,294912,294912,294912,294912,294912,294912,294912,294912,294912,360448,229376,229376,229376,229376,229376,229376,229376,229376,229376,229376,229376,360448,425984,458752,491520,557056,557056,524288,557056,557056,557056,1048576,983040,917504,786432,851968,786432,262144,589824,524288,65536,",819,0,0,11,"0,0,0,0,1,1,1,1,1,1,1,1,2,2,2,2,2,2,2,2,2,2,2,2,2,2,2,2,2,2,2,2,2,2,2,2,2,2,2,2,2,2,2,2,2,2,2,2,2,2,2,2,2,1,1,1,1,1,1,1,1,1,1,0",",,,122771,110116,146757,178925,200645,221757,251148,275450,299724,328097,348663,364358,398906,429235,443245,467905,474707,490890,575316,613431,612926,612527,612134,611639,611297,610895,610465,622735,653102,607469,606879,607259,608096,608543,609254,609680,610720,611550,612168,605109,536004,493055,457178,441690,418838,395501,366194,342893,338959,311392,277270,274633,248370,218140,235581,209477,107966,132154,121110,83717,",5,1,3856,[object Object],5,1037.8725,4,3600,3251775,3686400,655360,20,,24,,
15,B,perturbation,distributed,1,6,0.8.0,e4fefc43,512,3,65536,97,0,"0,0,0,0,7,8,9,10,11,12,14,15,15,14,14,14,15,16,16,15,14,13,11,10,9,9,9,9,9,9,9,12,8,8,8,8,8,8,8,8,8,8,8,8,12,14,15,16,16,17,17,17,17,16,15,14,12,13,12,4,9,8,1,0",130,56,0,63,6,88,2463,13032,"60,34",13032,"60,34",1147,4,1147,3,7854915,18416,[object Object],65536,1024,0,0,438,",,,,458752,524288,589824,655360,720896,786432,917504,983040,491520,458752,458752,458752,491520,524288,524288,491520,458752,425984,360448,327680,294912,294912,294912,294912,294912,294912,294912,393216,262144,262144,262144,262144,262144,262144,262144,262144,262144,262144,262144,262144,393216,458752,491520,524288,524288,557056,557056,557056,557056,1048576,983040,917504,786432,851968,786432,262144,589824,524288,65536,",782,0,0,11,"0,0,0,0,1,1,1,1,1,1,1,1,2,2,2,2,2,2,2,2,2,2,2,2,2,2,2,2,2,2,2,2,2,2,2,2,2,2,2,2,2,2,2,2,2,2,2,2,2,2,2,2,2,1,1,1,1,1,1,1,1,1,1,0",",,,120101,103521,136542,160420,181540,199552,221088,249305,273831,292616,310630,330600,352217,373965,382378,414875,443386,454937,492218,542541,560962,576037,576532,577011,577544,578048,578086,553045,556110,582227,582871,582696,582208,582052,581809,581717,580783,580689,580199,580104,579065,531775,456513,432805,418357,388402,376349,351397,324038,305051,274178,263423,243693,214084,224103,209530,105426,130613,117957,79536,",5,1,4172,[object Object],5,1039.7727777777777,4,3600,3262206,3686400,589824,11,,24,,
15,B,perturbation,distributed,1,7,0.8.0,4e4d98f2,512,3,65536,96,0,"0,0,0,0,7,8,9,11,12,13,13,15,15,15,15,16,16,16,16,14,13,11,9,9,9,9,9,9,9,9,10,12,8,8,8,8,8,8,8,8,8,8,8,11,13,15,16,16,17,16,16,16,16,15,14,13,12,12,11,4,9,7,1,0",127,56,0,63,6,88,2463,12788,"60,34",12788,"60,34",1150,4,1150,4,7554501,18263,[object Object],65536,1024,0,0,438,",,,,458752,524288,589824,720896,786432,851968,425984,491520,491520,491520,491520,524288,524288,524288,524288,458752,425984,360448,294912,294912,294912,294912,294912,294912,294912,294912,327680,393216,262144,262144,262144,262144,262144,262144,262144,262144,262144,262144,262144,360448,425984,491520,524288,524288,557056,524288,524288,524288,524288,983040,917504,851968,786432,786432,720896,262144,589824,458752,65536,",791,0,0,11,"0,0,0,0,1,1,1,1,1,1,2,2,2,2,2,2,2,2,2,2,2,2,2,2,2,2,2,2,2,2,2,2,2,2,2,2,2,2,2,2,2,2,2,2,2,2,2,2,2,2,2,2,2,1,1,1,1,1,1,1,1,1,1,0",",,,127363,106289,140602,167875,195763,216242,238708,262292,289679,310061,327159,351981,380173,397167,406841,443547,456181,470990,543248,585968,586449,586802,587259,587898,588274,588708,588614,568349,583083,591161,591374,591198,590751,590798,589698,589726,589350,589373,588590,587300,538059,475662,450379,427889,400011,379712,346090,328363,314757,297207,262620,243919,236413,219096,200153,190772,96260,123414,102558,79571,",5,1,4052,[object Object],5,1038.8133333333333,4,3600,3261549,3686400,589824,9,,24,,
15,B,perturbation,distributed,1,8,0.8.0,49786bc9,512,3,65536,96,0,"0,0,0,0,7,8,9,10,12,13,14,14,16,16,16,16,16,16,16,16,14,13,11,10,9,9,9,9,9,9,9,11,7,7,7,7,7,7,7,7,7,7,7,8,11,13,14,15,16,17,17,17,17,17,16,14,13,13,12,5,9,8,1,0",125,56,0,63,6,88,2466,12544,"60,34",12544,"60,34",1225,4,1225,4,6865437,12710,[object Object],65536,1024,0,0,441,",,,,458752,524288,589824,655360,786432,851968,917504,458752,524288,524288,524288,524288,524288,524288,524288,524288,458752,425984,360448,327680,294912,294912,294912,294912,294912,294912,294912,360448,229376,229376,229376,229376,229376,229376,229376,229376,229376,229376,229376,262144,360448,425984,458752,491520,524288,557056,557056,557056,557056,1114112,1048576,917504,851968,851968,786432,327680,589824,524288,65536,",812,0,0,11,"0,0,0,0,1,1,1,1,1,1,1,2,2,2,2,2,2,2,2,2,2,2,2,2,2,2,2,2,2,2,2,2,2,2,2,2,2,2,2,2,2,2,2,2,2,2,2,2,2,2,2,2,2,1,1,1,1,1,1,1,1,1,1,0",",,,109836,106100,139715,163812,184569,210874,233725,256682,279754,307574,326619,343817,372453,401762,418488,427303,466468,484421,521449,572335,591813,605922,605557,605192,604825,604863,604409,618440,650986,599986,600953,601318,601994,602577,603158,603740,604817,605496,605871,606596,599503,509918,474291,445709,428257,406084,395114,365987,343863,319870,297819,275631,251704,233838,220020,220763,124580,126968,117680,57237,",5,1,3976,[object Object],5,1038.826111111111,4,3600,3258584,3686400,589824,0,,24,,
15,B,perturbation,distributed,1,9,0.8.0,dc83902a,512,3,65536,96,0,"0,0,0,0,7,8,9,10,12,13,13,13,15,15,15,16,16,16,16,15,12,11,10,9,9,9,9,9,9,9,10,12,8,8,8,8,8,8,8,8,8,8,8,11,13,14,15,16,16,17,17,16,16,16,14,13,12,13,11,4,9,8,1,0",125,56,0,63,6,88,2457,12500,"60,34",12500,"60,34",1095,4,1095,4,7036337,12736,[object Object],65536,1024,0,0,431,",,,,458752,524288,589824,655360,786432,851968,425984,425984,491520,491520,491520,524288,524288,524288,524288,491520,393216,360448,327680,294912,294912,294912,294912,294912,294912,294912,327680,393216,262144,262144,262144,262144,262144,262144,262144,262144,262144,262144,262144,360448,425984,458752,491520,524288,524288,557056,557056,524288,524288,1048576,917504,851968,786432,851968,720896,262144,589824,524288,65536,",789,0,0,11,"0,0,0,0,1,1,1,1,1,1,2,2,2,2,2,2,2,2,2,2,2,2,2,2,2,2,2,2,2,2,2,2,2,2,2,2,2,2,2,2,2,2,2,2,2,2,2,2,2,2,2,2,2,1,1,1,1,1,1,1,1,1,1,0",",,,109836,105704,139655,163871,185068,211591,235145,258864,283779,310547,329604,346362,375296,405246,424093,430987,459172,511322,554132,573040,586992,587657,588190,588666,589135,589972,589851,566455,571253,593969,594122,593904,593220,593207,592742,593215,592586,592593,591653,590986,548787,477345,451466,429142,405709,379450,367386,341183,309266,299100,276065,241708,226704,225334,217301,189494,101162,139961,123860,99698,",5,1,4088,[object Object],5,1038.8041666666666,4,3600,3267924,3686400,589824,29,,24,,
15,B,perturbation,distributed,1,10,0.8.0,a353c995,512,3,65536,96,0,"0,0,0,0,7,8,9,11,12,13,14,15,15,17,17,16,16,17,17,15,13,12,10,9,9,9,9,9,9,9,9,11,7,7,7,7,7,7,7,7,7,7,7,8,12,13,14,15,17,18,17,17,16,17,16,14,13,13,12,4,9,8,1,0",126,56,0,63,6,88,2465,12640,"60,34",12640,"60,34",1072,4,1072,4,6931205,12719,[object Object],65536,1024,0,0,440,",,,,458752,524288,589824,720896,786432,851968,917504,491520,491520,557056,557056,524288,524288,557056,557056,491520,425984,393216,327680,294912,294912,294912,294912,294912,294912,294912,294912,360448,229376,229376,229376,229376,229376,229376,229376,229376,229376,229376,229376,262144,393216,425984,458752,491520,557056,589824,557056,557056,524288,1114112,1048576,917504,851968,851968,786432,262144,589824,524288,65536,",810,0,0,11,"0,0,0,0,1,1,1,1,1,1,1,2,2,2,2,2,2,2,2,2,2,2,2,2,2,2,2,2,2,2,2,2,2,2,2,2,2,2,2,2,2,2,2,2,2,2,2,2,2,2,2,2,2,1,1,1,1,1,1,1,1,1,1,0",",,,126202,106847,140899,167409,195595,215971,237116,259914,289598,310567,335974,362997,385329,400591,413432,455497,474489,470927,532946,595503,610963,610332,610126,609496,609287,609068,608749,621545,651863,602918,604431,604748,605476,606013,606740,607275,608000,608726,609551,610182,606601,523233,481820,455743,431283,417506,391992,364045,341622,307710,303854,278167,254213,235581,230124,209380,109382,127671,118340,57647,",5,1,3945,[object Object],5,1038.8352777777777,4,3600,3259554,3686400,589824,3,,24,,
16,B,basic,straight,,,0.8.0,906716cf,65536,9,65536,98,0,"0,0,0,1,3,3,3,3,3,3,3,3,3,3,3,3,3,3,3,3,3,3,3,3,3,3,3,3,3,3,3,3,3,5,5,5,5,5,5,5,5,5,5,5,5,5,5,5,5,5,5,5,5,5,5,5,5,5,5,0,0,0,0,0",38,50,0,63,63,93,2273,4164,"4,32",3868,"6,32",42,1,29,2,0,0,[object Object],65536,1024,0,0,232,",,,65536,196608,196608,196608,196608,196608,196608,196608,196608,196608,196608,196608,196608,196608,196608,196608,196608,196608,196608,196608,196608,196608,196608,196608,196608,196608,196608,196608,196608,196608,327680,327680,327680,327680,327680,327680,327680,327680,327680,327680,327680,327680,327680,327680,327680,327680,327680,327680,327680,327680,327680,327680,327680,327680,327680,327680,,,,,",267,0,0,6,"0,0,0,1,1,1,1,1,1,1,1,1,1,1,1,1,1,1,1,1,1,1,1,1,1,1,1,1,1,1,1,1,1,1,1,1,1,1,1,1,1,1,1,1,1,1,1,1,1,1,1,1,1,1,1,1,1,1,1,0,0,0,0,0",",,,0,12967,15628,18728,21201,23235,24958,26562,27930,29237,30356,31436,32356,33251,34109,34844,35565,36256,36839,37397,37964,39590,40103,40070,40284,40686,41221,41959,42955,43968,49833,50288,51201,53017,54009,55491,56713,58002,59793,61492,62962,65055,66607,68681,70215,72340,72580,68892,68957,69013,69077,69133,69198,69254,69318,69374,,,,,",5,1,3140,[object Object],5,1038.0897222222222,4,3600,3456330,3686400,196608,,false,24,,
16,B,basic,distributed,,,0.8.0,f4c2e363,65536,9,65536,98,0,"0,0,0,0,7,8,9,10,12,13,14,14,15,15,14,14,15,15,14,13,12,11,8,7,7,7,7,7,7,7,7,7,7,7,7,7,7,7,7,7,7,7,7,7,11,12,14,15,15,16,15,15,16,15,14,13,12,13,12,5,10,8,1,0",93,50,0,63,6,88,2458,9348,"60,34",9348,"60,34",994,3,994,2,0,0,[object Object],65536,1024,0,0,432,",,,,458752,524288,589824,655360,786432,851968,917504,458752,491520,491520,458752,458752,491520,491520,458752,425984,393216,360448,262144,229376,229376,229376,229376,229376,229376,229376,229376,229376,229376,229376,229376,229376,229376,229376,229376,229376,229376,229376,229376,229376,360448,393216,458752,491520,491520,524288,491520,491520,524288,983040,917504,851968,786432,851968,786432,163840,655360,524288,65536,",720,0,0,11,"0,0,0,0,1,1,1,1,1,1,1,2,2,2,2,2,2,2,2,2,2,2,2,2,2,2,2,2,2,2,2,2,2,2,2,2,2,2,2,2,2,2,2,2,2,2,2,2,2,2,2,2,2,1,1,1,1,1,1,2,1,1,1,0",",,,110637,106576,138356,164612,186654,213651,238895,262446,283488,304947,330782,354522,377048,390535,423303,454495,466012,451326,491014,591906,609855,609745,609694,609611,609658,609479,609502,609547,609609,610128,609547,609512,609609,609547,609547,609547,609609,609512,609547,609512,600145,528391,485711,454791,428183,402080,382688,347530,332681,311651,278330,268879,246609,216506,230957,209984,171533,140726,120335,75126,",5,1,3124,[object Object],5,1034.1030555555556,4,3600,3267108,3686400,589824,,true,24,,
16,B,basic,detour,,,0.8.0,c0a8a698,65536,9,65536,97,0,"0,0,0,0,7,8,9,10,12,13,12,12,13,13,12,12,13,13,12,11,10,9,6,5,5,5,5,5,5,5,5,5,5,5,5,5,5,5,5,5,5,5,5,8,9,10,12,13,14,14,13,14,14,13,14,14,13,13,12,5,10,8,1,0",113,50,0,63,6,86,2538,11388,"60,34",11388,"60,34",1067,4,1067,3,0,0,[object Object],65536,1024,0,0,526,",,,,458752,524288,589824,655360,786432,851968,786432,786432,851968,851968,786432,786432,851968,851968,786432,720896,655360,589824,393216,327680,327680,327680,327680,327680,327680,327680,327680,327680,327680,327680,327680,327680,327680,327680,327680,327680,327680,327680,327680,524288,589824,655360,786432,851968,917504,917504,851968,917504,917504,851968,917504,917504,851968,851968,786432,163840,655360,524288,65536,",646,0,0,13,"0,0,0,0,1,1,1,1,1,1,1,1,1,1,1,1,1,1,1,1,1,1,1,1,1,1,1,1,1,1,1,1,1,1,1,1,1,1,1,1,1,1,1,1,1,1,1,1,1,1,1,1,1,1,1,1,1,1,1,2,1,1,1,0",",,,114683,114332,141739,159229,172330,196644,206262,205421,208626,227855,225926,211964,213146,230282,228356,213885,201857,190664,163173,120672,105368,105267,105112,105003,104770,104666,104554,104476,104394,103456,104203,104142,104042,103951,103846,103767,103678,103605,103489,105189,138645,171495,198299,221997,231984,244484,249556,232998,246951,249256,232687,247723,248932,232514,245057,226054,168366,151606,134209,92412,",5,1,3123,[object Object],5,1034.1022222222223,4,3600,3184928,3686400,589824,,true,24,,
16,B,perturbation,distributed,1,1,0.8.0,a11e2e0a,65536,9,65536,98,0,"0,0,0,0,7,8,9,11,12,13,15,15,16,15,15,15,15,15,14,13,11,9,8,7,7,7,7,7,7,7,7,7,7,7,7,7,7,7,7,7,7,7,7,10,12,13,14,14,15,15,15,15,15,15,13,12,12,13,11,5,10,8,1,0",90,50,0,63,6,88,2455,9080,"60,34",9080,"60,34",1139,3,1139,2,0,0,[object Object],65536,1024,0,0,428,",,,,458752,524288,589824,720896,786432,851968,983040,491520,524288,491520,491520,491520,491520,491520,458752,425984,360448,294912,262144,229376,229376,229376,229376,229376,229376,229376,229376,229376,229376,229376,229376,229376,229376,229376,229376,229376,229376,229376,229376,327680,393216,425984,458752,458752,491520,491520,491520,491520,491520,983040,851968,786432,786432,851968,720896,163840,655360,524288,65536,",721,0,0,11,"0,0,0,0,1,1,1,1,1,1,1,2,2,2,2,2,2,2,2,2,2,2,2,2,2,2,2,2,2,2,2,2,2,2,2,2,2,2,2,2,2,2,2,2,2,2,2,2,2,2,2,2,2,1,1,1,1,1,1,2,1,1,1,0",",,,126341,109048,140524,167288,196482,220524,244199,274427,295199,320252,346975,367290,379560,412033,444206,444398,460576,496888,573002,592386,605897,605897,605918,605897,605897,606016,605897,605897,605918,606346,605897,605918,605897,605935,605918,605897,605897,605918,605897,602053,515152,482636,452205,428537,402559,381995,364014,338873,308092,296820,274970,240556,225609,223859,218534,188638,163013,146883,122994,90168,",5,1,3124,[object Object],5,1034.1027777777779,4,3600,3270236,3686400,589824,9,,24,,
16,B,perturbation,distributed,1,2,0.8.0,eb0a6d65,65536,9,65536,97,0,"0,0,0,0,7,8,9,10,11,13,14,14,14,14,15,15,14,14,14,14,13,11,9,8,7,7,7,7,7,7,7,7,7,7,7,7,7,7,7,7,7,7,7,7,11,12,13,15,16,16,16,16,15,16,14,13,13,13,12,5,10,8,1,0",92,50,0,63,6,88,2455,9214,"60,34",9214,"60,34",1095,3,1095,3,0,0,[object Object],65536,1024,0,0,429,",,,,458752,524288,589824,655360,720896,851968,917504,458752,458752,458752,491520,491520,458752,458752,458752,458752,425984,360448,294912,262144,229376,229376,229376,229376,229376,229376,229376,229376,229376,229376,229376,229376,229376,229376,229376,229376,229376,229376,229376,229376,360448,393216,425984,491520,524288,524288,524288,524288,491520,1048576,917504,851968,851968,851968,786432,163840,655360,524288,65536,",738,0,0,11,"0,0,0,0,1,1,1,1,1,1,1,2,2,2,2,2,2,2,2,2,2,2,2,2,2,2,2,2,2,2,2,2,2,2,2,2,2,2,2,2,2,2,2,2,2,2,2,2,2,2,2,2,2,1,1,1,1,1,1,2,1,1,1,0",",,,110637,104299,135831,161566,184156,204426,231877,256634,278352,299831,319998,336684,365290,391616,415023,435962,438975,460122,497393,563383,584128,598790,598866,598790,598866,598790,598807,598849,598807,599714,598807,598849,598807,598849,598807,598849,598866,598790,598866,598790,592814,495104,481811,459336,431407,416511,377023,362360,338603,310173,291873,257560,251886,232891,226066,208273,174853,137048,118376,73611,",5,1,3124,[object Object],5,1034.1030555555556,4,3600,3269857,3686400,589824,8,,24,,
16,B,perturbation,distributed,1,3,0.8.0,2d1ad3a3,65536,9,65536,96,0,"0,0,0,0,7,8,9,11,12,13,15,15,17,17,16,16,16,17,16,15,14,12,10,9,9,9,9,9,9,9,9,10,8,8,8,8,8,8,8,8,8,9,9,12,13,14,16,18,18,18,18,18,18,17,15,14,13,13,12,5,10,8,1,0",89,50,0,63,6,88,2462,8904,"60,34",8904,"60,34",1109,3,1109,4,0,0,[object Object],65536,1024,0,0,436,",,,,458752,524288,589824,720896,786432,851968,983040,491520,557056,557056,524288,524288,524288,557056,524288,491520,458752,393216,327680,294912,294912,294912,294912,294912,294912,294912,294912,327680,262144,262144,262144,262144,262144,262144,262144,262144,262144,294912,294912,393216,425984,458752,524288,589824,589824,589824,589824,589824,1179648,1114112,983040,917504,851968,851968,786432,163840,655360,524288,65536,",808,0,0,11,"0,0,0,0,1,1,1,1,1,1,1,2,2,2,2,2,2,2,2,2,2,2,2,2,2,2,2,2,2,2,2,2,2,2,2,2,2,2,2,2,2,2,2,2,2,2,2,2,2,2,2,2,1,1,1,1,1,1,1,2,1,1,1,0",",,,128200,108173,139858,167304,196421,219864,244295,274986,299397,326433,354324,377645,395562,408304,451340,479164,476666,496521,549532,619726,632883,632059,631729,631356,631049,630637,629881,615274,542853,616037,616076,616618,617053,617645,617883,618788,619252,619808,620028,618202,546415,500797,471893,443926,429913,407783,379466,356984,323517,314812,290849,259389,257573,233421,227201,205673,176254,136322,118146,51800,",5,1,3123,[object Object],5,1034.1030555555556,4,3600,3262556,3686400,589824,13,,24,,
16,B,perturbation,distributed,1,4,0.8.0,f4277b80,65536,9,65536,96,0,"0,0,0,0,7,8,9,11,12,13,14,14,15,16,16,16,17,16,16,15,13,11,10,9,9,9,9,9,9,9,9,10,8,8,8,8,8,8,8,8,8,8,8,11,13,14,16,16,16,16,17,17,16,16,15,13,13,13,11,5,10,8,1,0",90,50,0,63,6,88,2451,9076,"60,34",9076,"60,34",1312,3,1312,4,0,0,[object Object],65536,1024,0,0,424,",,,,458752,524288,589824,720896,786432,851968,917504,458752,491520,524288,524288,524288,557056,524288,524288,491520,425984,360448,327680,294912,294912,294912,294912,294912,294912,294912,294912,327680,262144,262144,262144,262144,262144,262144,262144,262144,262144,262144,262144,360448,425984,458752,524288,524288,524288,524288,557056,557056,524288,1048576,983040,851968,851968,851968,720896,163840,655360,524288,65536,",800,0,0,11,"0,0,0,0,1,1,1,1,1,1,1,2,2,2,2,2,2,2,2,2,2,2,2,2,2,2,2,2,2,2,2,2,2,2,2,2,2,2,2,2,2,2,2,2,2,2,2,2,2,2,2,2,2,1,1,1,1,1,1,2,1,1,1,0",",,,110637,104448,136103,161847,188590,215372,238350,263644,288317,311549,340103,358380,372181,411102,444191,466186,464805,497664,560867,600342,616161,616624,617221,617687,618106,618474,618679,589130,509903,623695,622617,621997,622027,621764,621467,620898,620655,620122,619902,619206,589619,509860,486233,458143,436298,401650,375648,361692,335015,300797,291371,265452,231847,225935,219678,189152,168244,142993,120686,71851,",5,1,3124,[object Object],5,1034.1025,4,3600,3274622,3686400,589824,22,,24,,
16,B,perturbation,distributed,1,5,0.8.0,9663e0c7,65536,9,65536,96,0,"0,0,0,0,7,8,10,11,12,14,15,16,17,16,16,17,17,17,16,14,13,11,9,9,9,9,9,9,9,9,9,10,8,8,8,8,8,8,8,8,9,9,9,12,14,15,16,18,18,17,18,18,18,16,15,14,12,13,12,5,10,8,1,0",90,50,0,63,6,88,2463,9020,"60,34",9020,"60,34",1363,3,1363,4,0,0,[object Object],65536,1024,0,0,437,",,,,458752,524288,655360,720896,786432,917504,983040,1048576,557056,524288,524288,557056,557056,557056,524288,458752,425984,360448,294912,294912,294912,294912,294912,294912,294912,294912,294912,327680,262144,262144,262144,262144,262144,262144,262144,262144,294912,294912,294912,393216,458752,491520,524288,589824,589824,557056,589824,589824,1179648,1048576,983040,917504,786432,851968,786432,163840,655360,524288,65536,",834,0,0,11,"0,0,0,0,1,1,1,1,1,1,1,1,2,2,2,2,2,2,2,2,2,2,2,2,2,2,2,2,2,2,2,2,2,2,2,2,2,2,2,2,2,2,2,2,2,2,2,2,2,2,2,2,1,1,1,1,1,1,1,2,1,1,1,0",",,,120482,109839,145314,178381,202569,224768,255108,281192,305447,335153,357963,374065,410490,443795,457256,484265,494139,510769,590590,627340,626669,626187,625777,625314,624672,624634,623897,612870,549808,612692,611728,612337,612776,613495,613976,614690,615066,615439,616068,611171,543867,501259,466458,448264,424638,399465,369601,345286,340482,311233,276364,274496,247157,216567,233568,207289,172711,139945,120096,53311,",5,1,3120,[object Object],5,1034.1036111111111,4,3600,3262330,3686400,655360,14,,24,,
16,B,perturbation,distributed,1,6,0.8.0,644558e8,65536,9,65536,97,0,"0,0,0,0,7,8,9,10,11,12,14,15,15,15,15,15,16,16,16,15,14,13,11,10,9,9,9,9,9,9,9,10,8,8,8,8,8,8,8,8,8,8,8,8,12,14,15,16,17,17,17,17,17,16,15,14,12,13,12,5,10,8,1,0",92,50,0,63,6,88,2453,9269,"60,34",9269,"60,34",1123,3,1123,3,0,0,[object Object],65536,1024,0,0,427,",,,,458752,524288,589824,655360,720896,786432,917504,983040,491520,491520,491520,491520,524288,524288,524288,491520,458752,425984,360448,327680,294912,294912,294912,294912,294912,294912,294912,327680,262144,262144,262144,262144,262144,262144,262144,262144,262144,262144,262144,262144,393216,458752,491520,524288,557056,557056,557056,557056,557056,1048576,983040,917504,786432,851968,786432,163840,655360,524288,65536,",806,0,0,11,"0,0,0,0,1,1,1,1,1,1,1,1,2,2,2,2,2,2,2,2,2,2,2,2,2,2,2,2,2,2,2,2,2,2,2,2,2,2,2,2,2,2,2,2,2,2,2,2,2,2,2,2,2,1,1,1,1,1,1,2,1,1,1,0",",,,120658,104018,134195,159917,181892,202077,225932,254861,279204,300741,321090,343268,366725,389981,397902,434884,466822,481213,517799,564799,582918,597502,598000,598480,598558,599072,599086,563125,469633,607103,606509,606418,605764,605577,605060,605011,604805,604576,604059,604010,602842,556139,481024,456458,439035,406341,391733,364586,334911,313411,280477,269280,248050,216683,227169,208948,174226,138325,118678,75405,",5,1,3123,[object Object],5,1034.1033333333332,4,3600,3271803,3686400,589824,14,,24,,
16,B,perturbation,distributed,1,7,0.8.0,7487361c,65536,9,65536,97,0,"0,0,0,0,7,8,9,11,12,13,14,15,16,16,16,16,16,16,16,14,13,11,9,9,9,9,9,9,9,9,9,10,8,8,8,8,8,8,8,8,8,8,8,12,14,15,16,16,17,16,16,16,17,15,14,13,13,12,11,5,10,7,1,0",92,50,0,63,6,88,2454,9214,"60,34",9214,"60,34",1122,3,1122,3,0,0,[object Object],65536,1024,0,0,428,",,,,458752,524288,589824,720896,786432,851968,917504,491520,524288,524288,524288,524288,524288,524288,524288,458752,425984,360448,294912,294912,294912,294912,294912,294912,294912,294912,294912,327680,262144,262144,262144,262144,262144,262144,262144,262144,262144,262144,262144,393216,458752,491520,524288,524288,557056,524288,524288,524288,1114112,983040,917504,851968,851968,786432,720896,163840,655360,458752,65536,",811,0,0,11,"0,0,0,0,1,1,1,1,1,1,1,2,2,2,2,2,2,2,2,2,2,2,2,2,2,2,2,2,2,2,2,2,2,2,2,2,2,2,2,2,2,2,2,2,2,2,2,2,2,2,2,2,1,1,1,1,1,1,1,2,1,1,1,0",",,,128254,106728,138021,167828,197044,218650,243726,268478,297073,318270,335686,363436,393873,412091,422811,462306,478002,492487,562804,604554,605152,605577,606172,606867,607291,607681,607716,575376,488613,613558,612395,612286,611780,611544,610935,610910,610513,610042,610047,608728,561149,497465,472478,448359,417562,394566,358682,339773,324690,303932,268928,249449,240622,221506,202595,190441,155537,131094,103311,74269,",5,1,3124,[object Object],5,1034.1030555555556,4,3600,3270916,3686400,589824,11,,24,,
16,B,perturbation,distributed,1,8,0.8.0,15cda5bb,65536,9,65536,97,0,"0,0,0,0,7,8,9,10,12,13,14,15,16,16,16,16,16,16,16,16,14,13,11,10,9,9,9,9,9,9,9,10,8,8,8,8,8,8,9,9,9,9,9,10,12,14,15,16,17,18,19,18,18,17,16,14,13,13,12,6,10,8,1,0",88,50,0,63,6,88,2456,8868,"60,34",8868,"60,34",1095,3,1095,3,0,0,[object Object],65536,1024,0,0,429,",,,,458752,524288,589824,655360,786432,851968,917504,983040,524288,524288,524288,524288,524288,524288,524288,524288,458752,425984,360448,327680,294912,294912,294912,294912,294912,294912,294912,327680,262144,262144,262144,262144,262144,262144,294912,294912,294912,294912,294912,218453,393216,458752,491520,524288,557056,589824,622592,589824,589824,1114112,1048576,917504,851968,851968,786432,196608,655360,524288,65536,",827,0,0,11,"0,0,0,0,1,1,1,1,1,1,1,1,2,2,2,2,2,2,2,2,2,2,2,2,2,2,2,2,2,2,2,2,2,2,2,2,2,2,2,2,2,2,2,3,2,2,2,2,2,2,2,2,2,1,1,1,1,1,1,2,1,1,1,0",",,,110637,106167,137671,163866,186151,213331,237592,262779,286868,315748,335452,352221,383845,415671,433502,441562,483708,504289,542868,588600,607433,620726,620501,620049,619822,619370,618755,610693,557200,608257,608244,608575,609406,610210,610951,611400,612034,612509,613188,613587,607246,522158,484883,455229,437855,413499,401839,370633,347079,320816,298514,275554,251670,232680,217616,218288,185927,135116,117280,52707,",5,1,3124,[object Object],5,1034.1030555555556,4,3600,3269309,3686400,589824,6,,24,,
16,B,perturbation,distributed,1,9,0.8.0,ca28cb24,65536,9,65536,96,0,"0,0,0,0,7,8,9,10,12,13,14,14,16,16,16,16,16,16,16,15,12,11,10,9,9,9,9,9,9,9,9,10,8,8,8,8,8,8,8,8,8,8,8,12,13,14,15,16,16,17,17,16,16,16,14,13,13,13,11,5,10,8,1,0",89,50,0,63,6,88,2448,8937,"60,34",8937,"60,34",1147,3,1147,4,0,0,[object Object],65536,1024,0,0,420,",,,,458752,524288,589824,655360,786432,851968,917504,458752,524288,524288,524288,524288,524288,524288,524288,491520,393216,360448,327680,294912,294912,294912,294912,294912,294912,294912,294912,327680,262144,262144,262144,262144,262144,262144,262144,262144,262144,262144,262144,393216,425984,458752,491520,524288,524288,557056,557056,524288,524288,1048576,917504,851968,851968,851968,720896,163840,655360,524288,65536,",810,0,0,11,"0,0,0,0,1,1,1,1,1,1,1,2,2,2,2,2,2,2,2,2,2,2,2,2,2,2,2,2,2,2,2,2,2,2,2,2,2,2,2,2,2,2,2,2,2,2,2,2,2,2,2,2,2,1,1,1,1,1,1,2,1,1,1,0",",,,110637,105942,137711,163364,186778,214111,239700,265295,291508,319819,339911,355588,388502,421140,442712,450382,481000,532133,573881,591867,605359,605998,606511,607149,607623,608113,607877,574614,483386,615566,614237,614104,613537,613759,613187,613032,612597,612334,611901,611082,570288,499957,472615,448888,423734,395753,381167,352500,319090,307122,281789,247030,230701,228250,219667,188829,162245,147536,122571,74284,",5,1,3124,[object Object],5,1034.1030555555556,4,3600,3277482,3686400,589824,31,,24,,
16,B,perturbation,distributed,1,10,0.8.0,a23dc9cb,65536,9,65536,96,0,"0,0,0,0,7,8,9,11,12,13,14,16,16,17,17,16,16,17,17,15,13,12,10,9,9,9,9,9,9,9,9,10,8,8,8,8,8,8,8,8,9,9,9,9,13,14,15,16,18,19,18,18,17,17,16,14,13,13,12,5,10,8,1,0",89,50,0,63,6,88,2455,8960,"60,34",8960,"60,34",1042,3,1042,4,0,0,[object Object],65536,1024,0,0,428,",,,,458752,524288,589824,720896,786432,851968,917504,1048576,524288,557056,557056,524288,524288,557056,557056,491520,425984,393216,327680,294912,294912,294912,294912,294912,294912,294912,294912,327680,262144,262144,262144,262144,262144,262144,262144,262144,294912,294912,294912,294912,425984,458752,491520,524288,589824,622592,589824,589824,557056,1114112,1048576,917504,851968,851968,786432,163840,655360,524288,65536,",825,0,0,11,"0,0,0,0,1,1,1,1,1,1,1,1,2,2,2,2,2,2,2,2,2,2,2,2,2,2,2,2,2,2,2,2,2,2,2,2,2,2,2,2,2,2,2,2,2,2,2,2,2,2,2,2,2,1,1,1,1,1,1,2,1,1,1,0",",,,128691,106890,138480,167593,196444,217850,241285,266276,296556,318703,344113,373871,398043,413902,426630,471884,493785,489856,550194,611426,625871,625268,624832,624477,624040,623645,623318,613733,556187,611458,611852,611925,612319,613019,613419,614115,614748,615385,615933,616460,612395,531920,491913,464544,438407,423821,396910,368028,343803,308068,303987,277573,253729,234434,228082,207069,176768,135769,117690,51800,",5,1,3121,[object Object],5,1034.1038888888888,4,3600,3270260,3686400,589824,9,,24,,
17,B,basic,straight,,,0.8.0,3d4b3329,512,9,65536,98,0,"0,0,0,1,3,3,3,3,3,3,3,5,5,5,5,5,5,5,5,5,5,5,5,5,5,5,5,5,5,5,5,5,5,5,5,5,5,5,5,5,5,5,5,5,6,6,7,7,7,7,5,5,5,5,5,5,5,5,5,0,0,0,0,0",20,50,0,46,63,93,2290,18989,"4,32",2072,"27,32",253,7,164,2,12386763,3598,[object Object],65536,1024,0,0,249,",,,65536,196608,196608,196608,196608,196608,196608,196608,327680,327680,327680,327680,327680,327680,327680,327680,327680,327680,327680,327680,327680,327680,327680,327680,327680,327680,327680,327680,327680,327680,327680,327680,327680,327680,327680,327680,327680,327680,327680,327680,327680,393216,393216,458752,458752,458752,458752,327680,327680,327680,327680,327680,327680,327680,327680,327680,,,,,",313,0,0,6,"0,0,0,1,1,1,1,1,1,1,1,1,1,1,1,1,1,1,1,1,1,1,1,1,1,1,1,1,1,1,1,1,1,1,1,1,1,1,1,1,1,1,1,1,1,1,1,1,1,1,1,1,1,1,1,1,1,1,1,0,0,0,0,0",",,0,8091,21335,47007,47130,47447,47796,47918,48229,48572,48693,48998,49336,49456,49755,50088,50207,50500,50829,50947,51235,51559,52425,52049,51599,51148,50971,50907,51075,51346,51742,57784,58105,58843,59696,60523,62321,63294,64439,66231,67483,68783,70748,72067,74040,75424,77277,77473,73534,73529,73534,73534,73529,73534,73534,73529,73534,,,,,",5,1,17964,[object Object],5,1271.1730555555555,4,3600,3439184,3686400,196608,,false,25,,
17,B,basic,distributed,,,0.8.0,22a38677,512,9,65536,98,0,"0,0,0,0,7,8,9,10,12,13,13,14,15,15,14,14,15,15,14,13,12,11,8,7,7,7,7,7,7,7,7,7,7,7,7,7,7,7,7,7,7,7,7,7,11,12,14,15,15,16,15,15,16,15,14,13,12,13,12,4,9,8,1,0",131,50,0,63,6,88,2466,13180,"60,34",13180,"60,34",1145,5,1145,2,7794069,18369,[object Object],65536,1024,0,0,441,",,,,458752,524288,589824,655360,786432,851968,425984,458752,491520,491520,458752,458752,491520,491520,458752,425984,393216,360448,262144,229376,229376,229376,229376,229376,229376,229376,229376,229376,229376,229376,229376,229376,229376,229376,229376,229376,229376,229376,229376,229376,360448,393216,458752,491520,491520,524288,491520,491520,524288,983040,917504,851968,786432,851968,786432,262144,589824,524288,65536,",724,0,0,11,"0,0,0,0,1,1,1,1,1,1,2,2,2,2,2,2,2,2,2,2,2,2,2,2,2,2,2,2,2,2,2,2,2,2,2,2,2,2,2,2,2,2,2,2,2,2,2,2,2,2,2,2,2,1,1,1,1,1,1,1,1,1,1,0",",,,109836,106332,140833,164390,184698,210996,234037,256403,276197,297790,321578,342175,362714,376891,406773,434892,444214,429251,466445,571011,589587,589603,589522,589511,589404,589420,589338,589328,589309,589857,589215,589142,589097,589104,589104,589040,589104,589040,589104,589040,579620,505630,463504,434658,410474,386585,369579,336192,323694,305199,273766,264515,243672,214814,229906,210806,103717,132895,119560,79536,",5,1,4012,[object Object],5,1038.8227777777777,4,3600,3258459,3686400,589824,,true,25,,
17,B,basic,detour,,,0.8.0,afc3929a,512,9,65536,97,0,"0,0,0,0,7,8,9,10,12,12,12,12,13,13,12,12,13,13,12,11,10,9,6,5,5,5,5,5,5,5,5,5,5,5,5,5,5,5,5,5,5,5,5,8,9,10,12,13,13,14,13,13,14,13,14,14,13,13,12,4,9,8,0,0",159,50,0,63,6,86,2534,15992,"60,34",15992,"60,34",1022,6,1022,3,8518825,12856,[object Object],65536,1024,0,0,522,",,,,458752,524288,589824,655360,786432,786432,786432,786432,851968,851968,786432,786432,851968,851968,786432,720896,655360,589824,393216,327680,327680,327680,327680,327680,327680,327680,327680,327680,327680,327680,327680,327680,327680,327680,327680,327680,327680,327680,327680,524288,589824,655360,786432,851968,851968,917504,851968,851968,917504,851968,917504,917504,851968,851968,786432,262144,589824,524288,,",642,0,0,13,"0,0,0,0,1,1,1,1,1,1,1,1,1,1,1,1,1,1,1,1,1,1,1,1,1,1,1,1,1,1,1,1,1,1,1,1,1,1,1,1,1,1,1,1,1,1,1,1,1,1,1,1,1,1,1,1,1,1,1,1,1,1,0,0",",,,114116,112518,141425,159707,173554,198542,207706,206390,209701,228348,226473,212310,213377,230427,228751,214066,202081,190932,163465,120785,105424,105321,105179,104979,104835,104748,104675,104571,104490,103545,104305,104234,104118,104051,103966,103860,103777,103679,103601,105268,138629,171325,198255,222511,232040,244508,249586,233021,246976,249283,232692,247738,248945,232496,245095,225910,98464,142422,139839,126238,",5,1,3568,[object Object],5,1035.9658333333334,4,3600,3189190,3686400,589824,,true,25,,
17,B,perturbation,distributed,1,1,0.8.0,ed09014b,512,9,65536,98,0,"0,0,0,0,7,8,9,11,12,13,14,15,15,15,15,15,15,15,14,13,11,9,8,7,7,7,7,7,7,7,7,7,7,7,7,7,7,7,7,7,7,7,7,10,12,13,14,14,15,15,15,15,15,15,13,12,12,13,11,4,9,8,1,0",126,50,0,63,6,88,2462,12620,"60,34",12620,"60,34",1067,4,1067,2,6978465,12729,[object Object],65536,1024,0,0,437,",,,,458752,524288,589824,720896,786432,851968,458752,491520,491520,491520,491520,491520,491520,491520,458752,425984,360448,294912,262144,229376,229376,229376,229376,229376,229376,229376,229376,229376,229376,229376,229376,229376,229376,229376,229376,229376,229376,229376,229376,327680,393216,425984,458752,458752,491520,491520,491520,491520,491520,983040,851968,786432,786432,851968,720896,262144,589824,524288,65536,",742,0,0,11,"0,0,0,0,1,1,1,1,1,1,2,2,2,2,2,2,2,2,2,2,2,2,2,2,2,2,2,2,2,2,2,2,2,2,2,2,2,2,2,2,2,2,2,2,2,2,2,2,2,2,2,2,2,1,1,1,1,1,1,1,1,1,1,0",",,,124103,108165,143407,166939,195967,217418,239427,268653,289323,312164,336504,355394,367926,397478,427167,426830,439890,474323,554219,573623,586960,586934,586960,586934,586960,586934,586960,586934,586960,587995,586960,586934,586960,586934,586960,586934,586960,586934,586960,583587,495496,462655,433808,411876,387332,368612,352443,329418,300560,290741,270853,236930,223432,222380,218067,189325,101379,139101,124039,100107,",5,1,3945,[object Object],5,1038.8355555555556,4,3600,3262916,3686400,589824,13,,25,,
17,B,perturbation,distributed,1,2,0.8.0,cbd91adc,512,9,65536,97,0,"0,0,0,0,7,8,9,10,11,13,13,14,14,14,15,15,14,14,14,14,13,11,9,8,7,7,7,7,7,7,7,7,7,7,7,7,7,7,7,7,7,7,7,7,11,12,13,15,16,16,16,16,15,16,14,13,13,13,12,4,9,8,1,0",129,50,0,63,6,88,2464,12976,"60,34",12976,"60,34",1193,4,1193,3,7651346,18123,[object Object],65536,1024,0,0,439,",,,,458752,524288,589824,655360,720896,851968,425984,458752,458752,458752,491520,491520,458752,458752,458752,458752,425984,360448,294912,262144,229376,229376,229376,229376,229376,229376,229376,229376,229376,229376,229376,229376,229376,229376,229376,229376,229376,229376,229376,229376,360448,393216,425984,491520,524288,524288,524288,524288,491520,1048576,917504,851968,851968,851968,786432,262144,589824,524288,65536,",742,0,0,11,"0,0,0,0,1,1,1,1,1,1,2,2,2,2,2,2,2,2,2,2,2,2,2,2,2,2,2,2,2,2,2,2,2,2,2,2,2,2,2,2,2,2,2,2,2,2,2,2,2,2,2,2,2,1,1,1,1,1,1,1,1,1,1,0",",,,113788,104274,138413,162582,182690,201581,228126,251532,272129,291369,309995,327293,353367,376679,398798,418038,420998,439296,473742,543092,564197,579465,579565,579420,579565,579465,579519,579420,579565,580401,579519,579465,579565,579420,579519,579420,579519,579465,579565,579420,573265,474050,462523,440779,414343,401408,364805,352228,330316,303482,287248,253521,248843,230831,224828,208976,105699,128980,116965,79568,",5,1,4076,[object Object],5,1038.8072222222222,4,3600,3261008,3686400,589824,7,,25,,
17,B,perturbation,distributed,1,3,0.8.0,30ebc9db,512,9,65536,96,0,"0,0,0,0,7,8,9,11,12,13,15,15,17,17,16,16,16,17,16,15,14,12,10,9,9,9,9,9,9,9,9,10,8,8,8,8,8,8,8,8,8,8,8,11,12,13,16,17,18,17,18,18,18,17,15,14,13,13,12,4,9,8,1,0",125,50,0,63,6,88,2471,12508,"60,34",12508,"60,34",1084,4,1084,4,6786679,12683,[object Object],65536,1024,0,0,446,",,,,458752,524288,589824,720896,786432,851968,983040,491520,557056,557056,524288,524288,524288,557056,524288,491520,458752,393216,327680,294912,294912,294912,294912,294912,294912,294912,294912,327680,262144,262144,262144,262144,262144,262144,262144,262144,262144,262144,262144,360448,393216,425984,524288,557056,589824,557056,589824,589824,1179648,1114112,983040,917504,851968,851968,786432,262144,589824,524288,65536,",832,0,0,11,"0,0,0,0,1,1,1,1,1,1,1,2,2,2,2,2,2,2,2,2,2,2,2,2,2,2,2,2,2,2,2,2,2,2,2,2,2,2,2,2,2,2,2,2,2,2,2,2,2,2,2,2,1,1,1,1,1,1,1,1,1,1,1,0",",,,124038,107451,142660,166766,195175,216712,239863,269514,293038,319228,345244,366071,383289,396400,435977,461474,458689,475150,526816,603234,616789,616154,615898,615289,615481,614906,614502,595970,518925,601769,600888,601237,601828,602330,602834,603367,603954,604207,604901,603061,529044,482572,454762,428578,416812,396079,369059,348581,317279,309896,286697,256738,256153,232750,227402,207336,109979,128221,118742,58043,",5,1,3920,[object Object],5,1037.8569444444445,4,3600,3253988,3686400,589824,13,,25,,
17,B,perturbation,distributed,1,4,0.8.0,5d760ab0,512,9,65536,96,0,"0,0,0,0,7,8,9,11,12,13,13,14,14,15,15,16,17,16,16,15,13,11,10,9,9,9,9,9,9,9,9,10,8,8,8,8,8,8,8,8,8,8,8,10,13,14,16,16,16,16,16,17,16,16,15,13,12,13,11,4,9,8,1,0",126,50,0,63,6,88,2460,12632,"60,34",12632,"60,34",1506,4,1506,4,7426521,17527,[object Object],65536,1024,0,0,434,",,,,458752,524288,589824,720896,786432,851968,425984,458752,458752,491520,491520,524288,557056,524288,524288,491520,425984,360448,327680,294912,294912,294912,294912,294912,294912,294912,294912,327680,262144,262144,262144,262144,262144,262144,262144,262144,262144,262144,262144,327680,425984,458752,524288,524288,524288,524288,524288,557056,524288,1048576,983040,851968,786432,851968,720896,262144,589824,524288,65536,",805,0,0,11,"0,0,0,0,1,1,1,1,1,1,2,2,2,2,2,2,2,2,2,2,2,2,2,2,2,2,2,2,2,2,2,2,2,2,2,2,2,2,2,2,2,2,2,2,2,2,2,2,2,2,2,2,2,1,1,1,1,1,1,1,1,1,1,0",",,,113560,104704,138248,163275,186845,212503,233583,257675,281178,302148,329524,346660,360257,395260,423607,444430,443542,474222,538796,579748,596424,596667,597367,597852,598414,598737,598997,567035,485952,604465,603017,602845,602282,601829,601604,601090,601218,600933,600111,599996,568812,486224,463771,436998,418232,386315,362064,350473,326265,293565,285988,260509,228549,223627,218704,190378,103580,135723,120476,94947,",5,1,4108,[object Object],5,1039.7847222222222,4,3600,3265071,3686400,589824,20,,25,,
17,B,perturbation,distributed,1,5,0.8.0,f0dccdd3,512,9,65536,96,0,"0,0,0,0,7,8,10,11,12,14,15,16,17,16,16,17,17,17,16,14,13,11,9,9,9,9,9,9,9,9,9,10,8,8,8,8,8,8,8,8,8,8,8,11,13,15,16,18,18,17,18,18,18,16,15,14,12,13,12,4,9,8,1,0",126,50,0,63,6,88,2470,12612,"60,34",12612,"60,34",1104,4,1104,4,6816967,12687,[object Object],65536,1024,0,0,445,",,,,458752,524288,655360,720896,786432,917504,983040,1048576,557056,524288,524288,557056,557056,557056,524288,458752,425984,360448,294912,294912,294912,294912,294912,294912,294912,294912,294912,327680,262144,262144,262144,262144,262144,262144,262144,262144,262144,262144,262144,360448,425984,491520,524288,589824,589824,557056,589824,589824,1179648,1048576,983040,917504,786432,851968,786432,262144,589824,524288,65536,",836,0,0,11,"0,0,0,0,1,1,1,1,1,1,1,1,2,2,2,2,2,2,2,2,2,2,2,2,2,2,2,2,2,2,2,2,2,2,2,2,2,2,2,2,2,2,2,2,2,2,2,2,2,2,2,2,1,1,1,1,1,1,1,1,1,1,1,0",",,,122771,110116,146757,178925,200645,221757,251148,275450,299724,328097,348663,364358,398906,429235,443245,467905,474707,490890,575316,613431,612926,612527,612134,611639,611297,610895,610465,596024,529112,599823,598689,599050,599664,600076,600702,601109,601566,602039,602690,596059,527708,485292,450947,434240,411936,388822,359409,337675,334670,306616,272247,271708,245684,215778,233502,208643,107966,132159,121110,83717,",5,1,3856,[object Object],5,1037.8725,4,3600,3254846,3686400,655360,11,,25,,
17,B,perturbation,distributed,1,6,0.8.0,5bb49599,512,9,65536,97,0,"0,0,0,0,7,8,9,10,11,12,14,15,15,14,14,14,15,16,16,15,14,13,11,10,9,9,9,9,9,9,9,10,8,8,8,8,8,8,8,8,8,8,8,8,12,14,15,16,16,17,17,17,17,16,15,14,12,13,12,4,9,8,1,0",130,50,0,63,6,88,2462,13032,"60,34",13032,"60,34",1147,4,1147,3,7854915,18416,[object Object],65536,1024,0,0,437,",,,,458752,524288,589824,655360,720896,786432,917504,983040,491520,458752,458752,458752,491520,524288,524288,491520,458752,425984,360448,327680,294912,294912,294912,294912,294912,294912,294912,327680,262144,262144,262144,262144,262144,262144,262144,262144,262144,262144,262144,262144,393216,458752,491520,524288,524288,557056,557056,557056,557056,1048576,983040,917504,786432,851968,786432,262144,589824,524288,65536,",805,0,0,11,"0,0,0,0,1,1,1,1,1,1,1,1,2,2,2,2,2,2,2,2,2,2,2,2,2,2,2,2,2,2,2,2,2,2,2,2,2,2,2,2,2,2,2,2,2,2,2,2,2,2,2,2,2,1,1,1,1,1,1,1,1,1,1,0",",,,120101,103521,136542,160420,181540,199552,221088,249305,273831,292616,310630,330600,352217,373965,382378,414875,443386,454937,492218,542541,560962,576037,576532,577011,577544,578048,578086,540376,446056,586057,585269,585072,584610,584350,584217,584102,583314,583004,582626,582508,581606,533624,458599,434675,420145,389889,377727,352740,325290,306087,275221,264434,244661,214664,225754,209886,105426,130613,117957,79536,",5,1,4172,[object Object],5,1039.7727777777777,4,3600,3262930,3686400,589824,13,,25,,
17,B,perturbation,distributed,1,7,0.8.0,be637cc6,512,9,65536,97,0,"0,0,0,0,7,8,9,11,12,13,13,15,15,15,15,16,16,16,16,14,13,11,9,9,9,9,9,9,9,9,9,10,8,8,8,8,8,8,8,8,8,8,8,11,13,15,16,16,17,16,16,16,16,15,14,13,12,12,11,4,9,7,1,0",127,50,0,63,6,88,2462,12788,"60,34",12788,"60,34",1150,4,1150,3,7554507,18263,[object Object],65536,1024,0,0,437,",,,,458752,524288,589824,720896,786432,851968,425984,491520,491520,491520,491520,524288,524288,524288,524288,458752,425984,360448,294912,294912,294912,294912,294912,294912,294912,294912,294912,327680,262144,262144,262144,262144,262144,262144,262144,262144,262144,262144,262144,360448,425984,491520,524288,524288,557056,524288,524288,524288,524288,983040,917504,851968,786432,786432,720896,262144,589824,458752,65536,",815,0,0,11,"0,0,0,0,1,1,1,1,1,1,2,2,2,2,2,2,2,2,2,2,2,2,2,2,2,2,2,2,2,2,2,2,2,2,2,2,2,2,2,2,2,2,2,2,2,2,2,2,2,2,2,2,2,1,1,1,1,1,1,1,1,1,1,0",",,,127363,106289,140602,167875,195763,216242,238708,262292,289679,310061,327159,351981,380173,397167,406841,443547,456181,470990,543248,585968,586449,586802,587259,587898,588274,588708,588614,554160,466467,594963,593508,593338,592891,592938,592262,591878,591502,591525,590748,589457,540114,477510,452064,429398,401390,381046,347391,329646,315880,298235,263775,245041,237358,219716,201573,191217,96260,123414,102558,79571,",5,1,4052,[object Object],5,1038.8133333333333,4,3600,3262483,3686400,589824,12,,25,,
17,B,perturbation,distributed,1,8,0.8.0,5b1b98e9,512,9,65536,97,0,"0,0,0,0,7,8,9,10,12,13,14,14,16,16,16,16,16,16,16,16,14,13,11,10,9,9,9,9,9,9,9,10,8,8,8,8,8,8,8,8,8,8,8,8,11,14,15,16,17,18,18,18,18,17,16,14,13,13,12,5,9,8,1,0",124,50,0,63,6,88,2463,12496,"60,34",12496,"60,34",1082,4,1082,3,6839337,12710,[object Object],65536,1024,0,0,438,",,,,458752,524288,589824,655360,786432,851968,917504,458752,524288,524288,524288,524288,524288,524288,524288,524288,458752,425984,360448,327680,294912,294912,294912,294912,294912,294912,294912,327680,262144,262144,262144,262144,262144,262144,262144,262144,262144,262144,262144,262144,360448,458752,491520,524288,557056,589824,589824,589824,589824,1114112,1048576,917504,851968,851968,786432,327680,589824,524288,65536,",830,0,0,11,"0,0,0,0,1,1,1,1,1,1,1,2,2,2,2,2,2,2,2,2,2,2,2,2,2,2,2,2,2,2,2,2,2,2,2,2,2,2,2,2,2,2,2,2,2,2,2,2,2,2,2,2,2,1,1,1,1,1,1,1,1,1,1,0",",,,109836,106100,139715,163812,184569,210874,233725,256682,279754,307574,326619,343817,372453,401762,418488,427303,466468,484421,521449,572335,591813,605922,605557,605192,604825,604863,604409,592968,534232,594360,593820,594005,594437,594926,595391,595578,596067,596555,597020,597580,590401,501987,466939,437672,420503,398737,389598,360686,338901,315077,292793,271867,248962,231370,217771,219683,123157,127072,117718,57237,",5,1,3976,[object Object],5,1038.826111111111,4,3600,3261530,3686400,589824,9,,25,,
17,B,perturbation,distributed,1,9,0.8.0,0a9657e9,512,9,65536,96,0,"0,0,0,0,7,8,9,10,12,13,13,13,15,15,15,16,16,16,16,15,12,11,10,9,9,9,9,9,9,9,9,10,8,8,8,8,8,8,8,8,8,8,8,11,13,14,15,16,16,17,17,16,16,16,14,13,12,13,11,4,9,8,1,0",125,50,0,63,6,88,2456,12500,"60,34",12500,"60,34",1095,4,1095,4,7036337,12736,[object Object],65536,1024,0,0,430,",,,,458752,524288,589824,655360,786432,851968,425984,425984,491520,491520,491520,524288,524288,524288,524288,491520,393216,360448,327680,294912,294912,294912,294912,294912,294912,294912,294912,327680,262144,262144,262144,262144,262144,262144,262144,262144,262144,262144,262144,360448,425984,458752,491520,524288,524288,557056,557056,524288,524288,1048576,917504,851968,786432,851968,720896,262144,589824,524288,65536,",813,0,0,11,"0,0,0,0,1,1,1,1,1,1,2,2,2,2,2,2,2,2,2,2,2,2,2,2,2,2,2,2,2,2,2,2,2,2,2,2,2,2,2,2,2,2,2,2,2,2,2,2,2,2,2,2,2,1,1,1,1,1,1,1,1,1,1,0",",,,109836,105704,139655,163871,185068,211591,235145,258864,283779,310547,329604,346362,375296,405246,424093,430987,459172,511322,554132,573040,586992,587657,588190,588666,589135,589972,589851,553767,460648,597372,596068,595855,595172,595161,594601,595161,594534,594544,593986,592946,550677,479062,453063,430566,407095,380758,368524,342298,310386,300105,277012,242744,227646,226016,218650,189900,101162,139961,123860,99698,",5,1,4088,[object Object],5,1038.8041666666666,4,3600,3268813,3686400,589824,31,,25,,
17,B,perturbation,distributed,1,10,0.8.0,4592386a,512,9,65536,96,0,"0,0,0,0,7,8,9,11,12,13,14,15,15,17,17,16,16,17,17,15,13,12,10,9,9,9,9,9,9,9,9,10,8,8,8,8,8,8,8,8,8,8,8,8,12,14,15,16,18,19,18,18,17,17,16,14,13,13,12,4,9,8,1,0",126,50,0,63,6,88,2462,12640,"60,34",12640,"60,34",1072,4,1072,4,6931205,12719,[object Object],65536,1024,0,0,437,",,,,458752,524288,589824,720896,786432,851968,917504,491520,491520,557056,557056,524288,524288,557056,557056,491520,425984,393216,327680,294912,294912,294912,294912,294912,294912,294912,294912,327680,262144,262144,262144,262144,262144,262144,262144,262144,262144,262144,262144,262144,393216,458752,491520,524288,589824,622592,589824,589824,557056,1114112,1048576,917504,851968,851968,786432,262144,589824,524288,65536,",827,0,0,11,"0,0,0,0,1,1,1,1,1,1,1,2,2,2,2,2,2,2,2,2,2,2,2,2,2,2,2,2,2,2,2,2,2,2,2,2,2,2,2,2,2,2,2,2,2,2,2,2,2,2,2,2,2,1,1,1,1,1,1,1,1,1,1,0",",,,126202,106847,140899,167409,195595,215971,237116,259914,289598,310567,335974,362997,385329,400591,413432,455497,474489,470927,532946,595503,610963,610332,610126,609496,609287,609068,608749,595736,531805,597299,596969,597203,597482,597950,598564,599030,599641,600108,600718,601181,597217,514957,474206,447287,423353,410395,385090,358857,336409,302563,299083,274479,251509,232957,227660,208295,109382,127671,118340,57647,",5,1,3945,[object Object],5,1038.8352777777777,4,3600,3262551,3686400,589824,12,,25,,
