pointIndex,mode,runKind,inputName,perturbationPercent,perturbationIndex,engineVersion,stateHash,param.congestionReference,param.congestionWeight,param.corridorWidth,param.edgeFluxMax,param.gapWidth,param.restoreWeight,measurement.advectionShare,measurement.backflowEvents,measurement.bandCells,measurement.bandThreshold,measurement.blockedCellCount,measurement.capacityLimitedAmount,measurement.coherenceLength,measurement.coherenceLengthSigma,measurement.completionRatio,measurement.completionStep,measurement.conductanceMin,measurement.conductanceMinCell,measurement.corridorEdgeDensityMax,measurement.corridorEdgeDensityMaxCell,measurement.corridorEdgeDensityMean,measurement.corridorEdgeDensityPeak,measurement.corridorEdgeDensityPeakCell,measurement.densityMax,measurement.densityMaxCell,measurement.densityMaxExSource,measurement.densityMaxExSourceCell,measurement.densityMaxExSourceStep,measurement.densityMaxRatio,measurement.densityMaxStep,measurement.diffusionShare,measurement.fluxLimitedAmount,measurement.fluxLimitedEvents,measurement.gapThroughput.central,measurement.gapThroughput.detour,measurement.guideMagnitudeMax,measurement.injectionBase,measurement.injectionRemainder,measurement.maxStagnation,measurement.meanResidency,measurement.meanSegmentWidth,measurement.occupiedCellsPeak,measurement.outOfField,measurement.outOfFieldByEdge.bottom,measurement.outOfFieldByEdge.left,measurement.outOfFieldByEdge.right,measurement.outOfFieldByEdge.top,measurement.outOfFieldRatio,measurement.outsideCorridorCells,measurement.remainingRatio,measurement.segmentCount,measurement.sigmaProfile,measurement.sinkCellCount,measurement.sourceCellCount,measurement.sourceDensityFinal,measurement.sourceDistance.densityMax,measurement.sourceDistance.densityMaxExSource,measurement.sourceExclusionCellCount,measurement.sourceOutflowAverage,measurement.sourcePositiveScoreDirections,measurement.sourcePositiveScoreDirectionsStep,measurement.throttledEdgeCount,measurement.totalCompleted,measurement.totalInjected,measurement.w0,sensitivityBasisPoints,criterion4Dominated,criterion2MedianTwiceBasisPoints,criterion3Median3TwiceBasisPoints,criterion3Median10TwiceBasisPoints
0,A,basic,straight,,,0.10.0,806db743,2048,0,1,512,1,0,72,0,"0,0,0,1,3,3,3,3,3,3,3,3,3,5,7,7,7,7,7,7,7,7,7,7,7,7,7,7,7,7,7,7,1,1,1,1,1,1,1,1,1,1,1,1,1,1,1,1,1,1,1,1,1,1,1,1,1,1,1,0,0,0,0,0",684,58,0,14,18,46,-1,65536,,20858,"30,29",2757,21576,"31,29,3600",68499,"31,31",68499,"31,31",3600,26,3600,28,616957597,170166,1787850,0,65536,1024,0,0,2144,",,,65536,196608,196608,196608,196608,196608,196608,196608,196608,196608,327680,458752,458752,458752,458752,458752,458752,458752,458752,458752,458752,458752,458752,458752,458752,458752,458752,458752,458752,65536,65536,65536,65536,65536,65536,65536,65536,65536,65536,65536,65536,65536,65536,65536,65536,65536,65536,65536,65536,65536,65536,65536,65536,65536,65536,65536,,,,,",346,0,0,0,0,0,0,0,53,"0,0,0,1,1,1,1,1,1,1,1,1,1,1,1,1,1,1,1,1,1,1,1,1,1,1,1,1,1,1,1,1,1,1,1,1,1,1,1,1,1,1,1,1,1,1,1,1,1,1,1,1,1,1,1,1,1,1,1,0,0,0,0,0",",,0,99956,37253,80690,84570,88057,91913,96047,100967,104235,108857,113152,116939,121239,125299,129234,132654,135821,138726,139329,139577,129078,124727,117984,110557,107648,105025,102315,101247,100673,0,11385,15272,21244,25458,27025,29553,33307,33175,36497,36072,38789,39061,42303,43053,45583,45720,47889,45534,46687,45273,46625,45254,46136,45295,45314,44992,0,31578,,,",5,1,17965,28,28,5,1271.1727777777778,4,3600,0,1730723,3686400,196608,,true,,,
0,A,basic,distributed,,,0.10.0,c436056f,2048,0,1,512,1,0,83,0,"0,0,0,5,8,9,10,12,14,15,16,18,18,18,17,18,18,18,17,16,15,14,12,12,12,12,12,12,12,12,12,12,6,8,9,10,11,11,11,11,11,11,11,12,15,17,18,18,19,19,18,19,19,17,16,15,13,13,12,5,9,7,0,0",20,58,0,63,6,87,2514,65536,,1927,"18,9",473,2044,"61,31,2460",5036,"4,32",2044,"61,31",2460,1,60,17,781376,3594,968105,2472050,65536,1024,0,0,492,",,,163840,524288,589824,655360,786432,917504,983040,1048576,1179648,589824,589824,557056,589824,589824,589824,557056,524288,491520,458752,393216,393216,393216,393216,393216,393216,393216,393216,393216,393216,196608,174762,196608,327680,360448,360448,360448,360448,360448,360448,360448,262144,491520,557056,589824,589824,622592,622592,589824,622592,1245184,1114112,1048576,983040,851968,851968,786432,163840,589824,458752,,",798,0,0,0,0,0,0,0,12,"0,0,0,2,1,1,1,1,1,1,1,1,2,2,2,2,2,2,2,2,2,2,2,2,2,2,2,2,2,2,2,2,2,3,3,2,2,2,2,2,2,2,2,3,2,2,2,2,2,2,2,2,1,1,1,1,1,1,1,2,1,1,0,0",",,,124020,112757,143451,164501,198757,218551,239844,263364,299520,320296,341904,369069,400070,426467,448578,483897,504490,513738,559102,642499,648857,648609,658799,660783,671082,677266,675132,681308,684457,606399,591859,594879,591953,604007,602187,599495,605448,606688,609276,602285,602096,541581,502864,473782,451100,422550,410066,373361,357818,342061,304549,280592,271162,234370,250905,225617,224693,162499,127461,,",5,1,4012,0,58,5,1038.8227777777777,4,3600,0,3208407,3686400,655360,,false,,,
0,A,basic,detour,,,0.10.0,6f486892,2048,0,1,512,1,0,82,0,"0,0,0,5,8,9,9,12,13,13,12,13,13,13,12,13,13,13,12,11,10,9,7,7,7,7,7,7,7,7,7,7,5,7,7,7,7,7,7,7,7,7,8,9,10,12,13,13,14,14,13,14,14,13,14,14,13,13,12,5,9,7,0,0",31,58,0,63,6,85,2577,65536,,2260,"61,29",891,3156,"19,9,1246",4592,"4,32",3156,"19,9",1246,1,53,18,407091,4489,0,3424750,65536,1024,0,0,570,",,,163840,524288,589824,589824,786432,851968,851968,786432,851968,851968,851968,786432,851968,851968,851968,786432,720896,655360,589824,458752,458752,458752,458752,458752,458752,458752,458752,458752,458752,327680,458752,458752,458752,458752,458752,458752,458752,458752,458752,524288,589824,655360,786432,851968,851968,917504,917504,851968,917504,917504,851968,917504,917504,851968,851968,786432,163840,589824,458752,,",587,0,0,0,0,0,0,0,14,"0,0,0,2,1,1,1,1,1,1,1,1,1,1,1,1,1,1,1,1,1,1,1,1,1,1,1,1,1,1,1,1,1,1,1,1,1,1,1,1,1,1,1,1,1,1,1,1,1,1,1,1,1,1,1,1,1,1,1,2,1,1,0,0",",,,117274,116619,143741,159666,187292,214668,232300,220243,238631,244072,249433,224879,241658,248447,255662,235890,215171,195683,179631,139494,135561,136634,132740,136627,132103,138538,132304,131745,137463,102364,120586,118709,121471,118497,120280,118619,117924,120580,117222,129077,149755,185499,226948,234624,238425,255435,258384,239433,259591,260335,245891,264621,272709,249887,259080,242332,219042,162062,129862,,",5,1,3568,0,38,5,1035.9658333333334,4,3600,0,3144794,3686400,589824,,true,,,
1,A,basic,straight,,,0.10.0,e7d136de,2048,0,1,512,3,0,95,0,"0,0,0,1,3,3,3,3,3,3,3,5,5,5,5,5,5,5,5,5,5,5,5,5,5,5,5,5,5,5,5,5,3,7,7,7,7,7,7,7,7,7,7,7,7,7,7,7,7,7,7,7,7,7,7,7,7,7,7,2,7,5,0,0",20,56,0,33,59,93,2299,65536,,344,"46,29",87,374,"46,29,1238",18989,"4,32",2072,"27,32",253,7,164,5,12386763,3598,3552689,0,65536,1024,0,0,259,",,,65536,196608,196608,196608,196608,196608,196608,196608,327680,327680,327680,327680,327680,327680,327680,327680,327680,327680,327680,327680,327680,327680,327680,327680,327680,327680,327680,327680,327680,196608,458752,458752,458752,458752,458752,458752,458752,458752,458752,458752,458752,458752,458752,458752,458752,458752,458752,458752,458752,458752,458752,458752,458752,458752,458752,458752,65536,458752,327680,,",343,0,0,0,0,0,0,0,6,"0,0,0,1,1,1,1,1,1,1,1,1,1,1,1,1,1,1,1,1,1,1,1,1,1,1,1,1,1,1,1,1,1,1,1,1,1,1,1,1,1,1,1,1,1,1,1,1,1,1,1,1,1,1,1,1,1,1,1,2,1,1,0,0",",,0,8091,21335,47007,47130,47447,47796,47918,48229,48572,48693,48998,49336,49456,49755,50088,50207,50500,50829,50947,51235,51559,52425,52049,51599,51148,50971,50907,51075,51573,48140,66498,71109,70734,72091,77277,74866,77044,83832,81680,85594,89400,91631,92838,93946,94377,94494,93180,88552,92129,86028,84498,87893,82938,84814,80324,80673,196399,121806,91653,,",5,1,17964,0,23,5,1271.1730555555555,4,3600,0,3429357,3686400,196608,,false,,,
1,A,basic,distributed,,,0.10.0,d2c0c1ca,2048,0,1,512,3,0,84,0,"0,0,0,5,8,9,10,12,13,14,15,17,17,17,16,17,17,17,16,15,14,13,11,11,11,11,11,11,11,11,11,11,7,10,10,11,10,10,11,10,11,11,11,12,15,17,18,18,19,19,18,19,19,17,16,15,13,13,12,5,9,7,0,0",20,56,0,63,6,87,2501,65536,,1917,"18,9",455,2042,"61,31,1926",5036,"4,32",2042,"61,31",1926,1,60,16,781376,3594,1008688,2451304,65536,1024,0,0,479,",,,163840,524288,589824,655360,786432,851968,917504,983040,1114112,557056,557056,524288,557056,557056,557056,524288,491520,458752,425984,360448,360448,360448,360448,360448,360448,360448,360448,360448,360448,229376,327680,327680,360448,327680,327680,360448,327680,360448,360448,360448,262144,491520,557056,589824,589824,622592,622592,589824,622592,1245184,1114112,1048576,983040,851968,851968,786432,163840,589824,458752,,",774,0,0,0,0,0,0,0,12,"0,0,0,2,1,1,1,1,1,1,1,1,2,2,2,2,2,2,2,2,2,2,2,2,2,2,2,2,2,2,2,2,2,2,2,2,2,2,2,2,2,2,2,3,2,2,2,2,2,2,2,2,1,1,1,1,1,1,1,2,1,1,0,0",",,,124020,112757,143524,163782,197811,216850,238387,261480,297230,317010,337355,355182,394430,409200,425485,463716,466112,486247,513562,602329,590149,590185,593475,594924,590852,592403,579783,595625,589896,599593,615644,617135,617542,616246,619121,617055,619585,616294,616853,618931,607729,549773,516261,476425,450269,426086,400243,369029,346618,332578,291016,274808,262416,229258,242032,232265,203641,164104,132791,,",5,1,4012,0,58,5,1038.8227777777777,4,3600,0,3222942,3686400,655360,,true,,,
1,A,basic,detour,,,0.10.0,6f486892,2048,0,1,512,3,0,82,0,"0,0,0,5,8,9,9,12,13,13,12,13,13,13,12,13,13,13,12,11,10,9,7,7,7,7,7,7,7,7,7,7,5,7,7,7,7,7,7,7,7,7,8,9,10,12,13,13,14,14,13,14,14,13,14,14,13,13,12,5,9,7,0,0",31,56,0,63,6,85,2577,65536,,2260,"61,29",891,3156,"19,9,1246",4592,"4,32",3156,"19,9",1246,1,53,18,407091,4489,0,3424750,65536,1024,0,0,570,",,,163840,524288,589824,589824,786432,851968,851968,786432,851968,851968,851968,786432,851968,851968,851968,786432,720896,655360,589824,458752,458752,458752,458752,458752,458752,458752,458752,458752,458752,327680,458752,458752,458752,458752,458752,458752,458752,458752,458752,524288,589824,655360,786432,851968,851968,917504,917504,851968,917504,917504,851968,917504,917504,851968,851968,786432,163840,589824,458752,,",587,0,0,0,0,0,0,0,14,"0,0,0,2,1,1,1,1,1,1,1,1,1,1,1,1,1,1,1,1,1,1,1,1,1,1,1,1,1,1,1,1,1,1,1,1,1,1,1,1,1,1,1,1,1,1,1,1,1,1,1,1,1,1,1,1,1,1,1,2,1,1,0,0",",,,117274,116619,143741,159666,187292,214668,232300,220243,238631,244072,249433,224879,241658,248447,255662,235890,215171,195683,179631,139494,135561,136634,132740,136627,132103,138538,132304,131745,137463,102364,120586,118709,121471,118497,120280,118619,117924,120580,117222,129077,149755,185499,226948,234624,238425,255435,258384,239433,259591,260335,245891,264621,272709,249887,259080,242332,219042,162062,129862,,",5,1,3568,0,38,5,1035.9658333333334,4,3600,0,3144794,3686400,589824,,true,,,
2,A,basic,straight,,,0.10.0,f25145ae,2048,0,1,512,9,0,94,0,"0,0,0,1,3,3,3,3,4,5,6,6,6,7,7,7,7,7,7,7,7,7,7,7,7,7,7,7,7,7,7,7,7,7,7,7,7,7,7,7,7,7,7,7,7,7,7,7,7,7,7,7,7,7,7,7,7,7,7,2,7,5,0,0",20,50,0,13,59,92,2303,65536,,356,"45,29",110,391,"47,29,2415",18989,"4,32",2076,"27,32",927,7,164,6,12386762,3598,3601182,0,65536,1024,0,0,262,",,,65536,196608,196608,196608,196608,131072,327680,393216,393216,393216,458752,458752,458752,458752,458752,458752,458752,458752,458752,458752,458752,458752,458752,458752,458752,458752,458752,458752,458752,458752,458752,458752,458752,458752,458752,458752,458752,458752,458752,458752,458752,458752,458752,458752,458752,458752,458752,458752,458752,458752,458752,458752,458752,458752,458752,458752,65536,458752,327680,,",407,0,0,0,0,0,0,0,7,"0,0,0,1,1,1,1,1,2,1,1,1,1,1,1,1,1,1,1,1,1,1,1,1,1,1,1,1,1,1,1,1,1,1,1,1,1,1,1,1,1,1,1,1,1,1,1,1,1,1,1,1,1,1,1,1,1,1,1,2,1,1,0,0",",,0,30158,22014,49344,49888,50766,51640,51446,52648,52969,53319,53855,54340,55167,55837,55897,56732,57175,57760,58291,59028,59655,60684,60360,60426,60167,60570,60831,62209,62931,66985,69919,75018,73533,79046,77407,83248,81129,87424,84886,91230,88349,91081,93806,94326,94475,94355,93741,91036,90037,89226,86314,84861,85801,84445,81308,82557,195857,120968,91569,,",5,1,17965,0,23,5,1271.1727777777778,4,3600,0,3425980,3686400,196608,,false,,,
2,A,basic,distributed,,,0.10.0,30cde9a5,2048,0,1,512,9,0,84,0,"0,0,0,5,8,9,10,12,13,14,15,17,17,17,16,17,17,17,16,15,14,13,11,11,11,11,11,11,11,11,11,11,9,10,10,10,11,11,11,11,11,10,11,11,15,17,17,18,19,19,18,19,19,17,16,15,13,13,12,5,9,7,0,0",20,50,0,63,6,87,2503,65536,,1916,"18,9",457,2012,"61,31,1248",5036,"4,32",2012,"61,31",1248,1,60,16,781376,3594,1069727,2462707,65536,1024,0,0,478,",,,163840,524288,589824,655360,786432,851968,917504,983040,1114112,557056,557056,524288,557056,557056,557056,524288,491520,458752,425984,360448,360448,360448,360448,360448,360448,360448,360448,360448,360448,294912,327680,327680,327680,360448,360448,360448,360448,360448,327680,360448,360448,491520,557056,557056,589824,622592,622592,589824,622592,1245184,1114112,1048576,983040,851968,851968,786432,163840,589824,458752,,",780,0,0,0,0,0,0,0,12,"0,0,0,2,1,1,1,1,1,1,1,1,2,2,2,2,2,2,2,2,2,2,2,2,2,2,2,2,2,2,2,2,2,2,2,2,2,2,2,2,2,2,2,2,2,2,2,2,2,2,2,2,1,1,1,1,1,1,1,2,1,1,0,0",",,,124020,112757,143369,163739,198616,218015,238765,260107,297613,315323,336271,362580,388849,414033,431942,464141,466521,487446,513093,590784,593151,589974,590248,586363,591003,577635,587214,574210,585078,619472,601080,601392,606672,606545,610126,610375,615370,606118,615684,605882,609853,544767,511162,473044,454690,419154,404678,367260,351859,332670,289726,275484,264265,231256,244587,231820,215722,165058,128992,,",5,1,4012,0,58,5,1038.8227777777777,4,3600,0,3222443,3686400,655360,,true,,,
2,A,basic,detour,,,0.10.0,6f486892,2048,0,1,512,9,0,82,0,"0,0,0,5,8,9,9,12,13,13,12,13,13,13,12,13,13,13,12,11,10,9,7,7,7,7,7,7,7,7,7,7,5,7,7,7,7,7,7,7,7,7,8,9,10,12,13,13,14,14,13,14,14,13,14,14,13,13,12,5,9,7,0,0",31,50,0,63,6,85,2577,65536,,2260,"61,29",891,3156,"19,9,1246",4592,"4,32",3156,"19,9",1246,1,53,18,407091,4489,0,3424750,65536,1024,0,0,570,",,,163840,524288,589824,589824,786432,851968,851968,786432,851968,851968,851968,786432,851968,851968,851968,786432,720896,655360,589824,458752,458752,458752,458752,458752,458752,458752,458752,458752,458752,327680,458752,458752,458752,458752,458752,458752,458752,458752,458752,524288,589824,655360,786432,851968,851968,917504,917504,851968,917504,917504,851968,917504,917504,851968,851968,786432,163840,589824,458752,,",587,0,0,0,0,0,0,0,14,"0,0,0,2,1,1,1,1,1,1,1,1,1,1,1,1,1,1,1,1,1,1,1,1,1,1,1,1,1,1,1,1,1,1,1,1,1,1,1,1,1,1,1,1,1,1,1,1,1,1,1,1,1,1,1,1,1,1,1,2,1,1,0,0",",,,117274,116619,143741,159666,187292,214668,232300,220243,238631,244072,249433,224879,241658,248447,255662,235890,215171,195683,179631,139494,135561,136634,132740,136627,132103,138538,132304,131745,137463,102364,120586,118709,121471,118497,120280,118619,117924,120580,117222,129077,149755,185499,226948,234624,238425,255435,258384,239433,259591,260335,245891,264621,272709,249887,259080,242332,219042,162062,129862,,",5,1,3568,0,38,5,1035.9658333333334,4,3600,0,3144794,3686400,589824,,true,,,
3,A,basic,straight,,,0.10.0,f25145ae,2048,0,1,512,63,0,94,0,"0,0,0,1,3,3,3,3,4,5,6,6,6,7,7,7,7,7,7,7,7,7,7,7,7,7,7,7,7,7,7,7,7,7,7,7,7,7,7,7,7,7,7,7,7,7,7,7,7,7,7,7,7,7,7,7,7,7,7,2,7,5,0,0",20,0,0,13,59,92,2303,65536,,356,"45,29",110,391,"47,29,2415",18989,"4,32",2076,"27,32",927,7,164,6,12386762,3598,3601182,0,65536,1024,0,0,262,",,,65536,196608,196608,196608,196608,131072,327680,393216,393216,393216,458752,458752,458752,458752,458752,458752,458752,458752,458752,458752,458752,458752,458752,458752,458752,458752,458752,458752,458752,458752,458752,458752,458752,458752,458752,458752,458752,458752,458752,458752,458752,458752,458752,458752,458752,458752,458752,458752,458752,458752,458752,458752,458752,458752,458752,458752,65536,458752,327680,,",407,0,0,0,0,0,0,0,7,"0,0,0,1,1,1,1,1,2,1,1,1,1,1,1,1,1,1,1,1,1,1,1,1,1,1,1,1,1,1,1,1,1,1,1,1,1,1,1,1,1,1,1,1,1,1,1,1,1,1,1,1,1,1,1,1,1,1,1,2,1,1,0,0",",,0,30158,22014,49344,49888,50766,51640,51446,52648,52969,53319,53855,54340,55167,55837,55897,56732,57175,57760,58291,59028,59655,60684,60360,60426,60167,60570,60831,62209,62931,66985,69919,75018,73533,79046,77407,83248,81129,87424,84886,91230,88349,91081,93806,94326,94475,94355,93741,91036,90037,89226,86314,84861,85801,84445,81308,82557,195857,120968,91569,,",5,1,17965,0,23,5,1271.1727777777778,4,3600,0,3425980,3686400,196608,,false,,,
3,A,basic,distributed,,,0.10.0,e281e77c,2048,0,1,512,63,0,83,0,"0,0,0,5,8,9,10,12,13,14,15,17,17,17,16,17,17,17,16,15,14,13,11,11,11,11,11,11,11,11,11,11,11,11,11,11,11,11,12,12,11,12,13,14,15,17,18,18,19,19,18,19,19,17,16,15,13,13,12,5,9,7,0,0",20,0,0,63,6,87,2501,65536,,1919,"18,9",454,2032,"61,30,3062",5036,"4,32",2032,"61,30",3062,1,60,17,781376,3594,1466021,2285859,65536,1024,0,0,478,",,,163840,524288,589824,655360,786432,851968,917504,983040,1114112,557056,557056,524288,557056,557056,557056,524288,491520,458752,425984,360448,360448,360448,360448,360448,360448,360448,360448,360448,360448,360448,360448,360448,360448,360448,360448,393216,393216,360448,393216,425984,458752,491520,557056,589824,589824,622592,622592,589824,622592,1245184,1114112,1048576,983040,851968,851968,786432,163840,589824,458752,,",792,0,0,0,0,0,0,0,12,"0,0,0,2,1,1,1,1,1,1,1,1,2,2,2,2,2,2,2,2,2,2,2,2,2,2,2,2,2,2,2,2,2,2,2,2,2,2,2,2,2,2,2,2,2,2,2,2,2,2,2,2,1,1,1,1,1,1,1,2,1,1,0,0",",,,124020,112757,143502,163758,197807,216776,238413,260851,298438,314673,337604,359664,387171,404635,435019,456170,475733,480858,520722,599135,598617,590108,602190,588092,603951,588035,599465,602332,595866,595799,609170,598920,602275,606745,605951,604415,606590,614059,603080,600851,597622,541733,509941,473320,453037,419796,399621,371658,346878,333401,292104,271684,265927,230445,247781,225278,218543,160185,130673,,",5,1,4012,0,59,5,1038.8227777777777,4,3600,0,3223323,3686400,655360,,true,,,
3,A,basic,detour,,,0.10.0,2c7853a2,2048,0,1,512,63,0,82,0,"0,0,0,5,8,9,9,12,13,13,12,13,13,13,12,13,13,13,12,11,10,9,7,7,7,7,7,7,7,7,7,7,7,7,7,7,7,7,7,7,7,7,8,9,10,12,13,13,14,14,13,14,14,13,14,14,13,13,12,5,9,7,0,0",31,0,0,63,6,85,2577,65536,,2352,"20,9",905,3151,"19,9,2751",4592,"4,32",3151,"19,9",2751,1,53,18,406762,4445,602726,3171179,65536,1024,0,0,570,",,,163840,524288,589824,589824,786432,851968,851968,786432,851968,851968,851968,786432,851968,851968,851968,786432,720896,655360,589824,458752,458752,458752,458752,458752,458752,458752,458752,458752,458752,458752,458752,458752,458752,458752,458752,458752,458752,458752,458752,524288,589824,655360,786432,851968,851968,917504,917504,851968,917504,917504,851968,917504,917504,851968,851968,786432,163840,589824,458752,,",589,0,0,0,0,0,0,0,14,"0,0,0,2,1,1,1,1,1,1,1,1,1,1,1,1,1,1,1,1,1,1,1,1,1,1,1,1,1,1,1,1,1,1,1,1,1,1,1,1,1,1,1,1,1,1,1,1,1,1,1,1,1,1,1,1,1,1,1,2,1,1,0,0",",,,117274,116576,143700,159705,188956,214610,235227,218418,241168,238478,247409,225361,246211,246720,252064,236092,217252,196177,182769,136762,132270,136814,131757,130796,134973,131058,128570,134810,129484,127564,133732,128467,130842,127925,130243,126815,128642,125472,123586,135867,161390,189168,225032,240505,237497,255388,256102,242701,258365,262515,246607,263564,270731,253025,254971,242045,218243,163189,127465,,",5,1,3568,0,38,5,1035.9658333333334,4,3600,0,3145078,3686400,589824,,true,,,
4,A,basic,straight,,,0.10.0,94f7a8a2,2048,65536,1,512,1,0,17,0,"0,0,5,7,7,7,7,7,7,7,7,7,7,7,7,7,7,7,7,7,7,7,7,7,7,7,7,7,7,7,7,7,1,2,2,2,2,2,2,2,2,3,3,3,3,3,3,3,4,3,3,3,3,3,3,3,3,3,3,0,0,0,0,0",211,58,0,63,13,44,-1,0,"4,32,3",21059,"2,32",5020,21059,"2,32,3545",23055,"4,32",21104,"3,31",3539,8,3535,83,157736400,319900,1705221,0,65536,1024,0,0,2364,",,327680,458752,458752,458752,458752,458752,458752,458752,458752,458752,458752,458752,458752,458752,458752,458752,458752,458752,458752,458752,458752,458752,458752,458752,458752,458752,458752,458752,458752,458752,65536,131072,131072,131072,131072,131072,131072,131072,131072,196608,196608,196608,196608,196608,196608,196608,262144,196608,196608,196608,196608,196608,196608,196608,196608,196608,196608,,,,,",377,0,0,0,0,0,0,0,55,"0,0,1,1,1,1,1,1,1,1,1,1,1,1,1,1,1,1,1,1,1,1,1,1,1,1,1,1,1,1,1,1,1,1,1,1,1,1,1,1,1,1,1,1,1,1,1,1,1,1,1,1,1,1,1,1,1,1,1,0,0,0,0,0",",,92367,128311,128851,129489,128653,129700,128784,129896,128770,130208,129109,131247,129237,131698,129223,132037,128777,131960,127763,131718,127222,131875,127078,132264,127320,132584,127650,133373,129967,133532,0,35335,39272,42686,47708,48916,54069,54390,59179,59283,64188,63784,68387,66724,70830,69400,72913,69821,71348,68014,69633,66348,67674,65030,64594,64334,63244,0,107848,91649,,",5,1,20960,0,2,5,1225.8455555555556,2,3600,2718222,1641530,3686400,458752,,true,,,
4,A,basic,distributed,,,0.10.0,13320480,2048,65536,1,512,1,0,83,0,"0,0,1,6,8,9,11,13,14,15,16,18,18,18,17,18,18,18,17,16,15,14,12,12,12,12,12,12,12,12,12,12,6,11,11,11,11,11,11,11,11,11,11,13,15,17,18,18,19,19,18,19,19,17,16,15,13,13,12,5,9,7,0,0",18,58,0,63,6,87,2498,0,"4,32,3",1482,"31,34",455,1763,"31,30,1521",4108,"4,32",1810,"31,31",2593,1,221,17,0,0,1163798,2280225,65536,1024,0,0,477,",,65536,393216,524288,589824,720896,851968,917504,983040,1048576,1179648,589824,589824,557056,589824,589824,589824,557056,524288,491520,458752,393216,393216,393216,393216,393216,393216,393216,393216,393216,393216,196608,360448,360448,360448,360448,360448,360448,360448,360448,360448,360448,283989,491520,557056,589824,589824,622592,622592,589824,622592,1245184,1114112,1048576,983040,851968,851968,786432,163840,589824,458752,,",806,0,0,0,0,0,0,0,12,"0,0,1,1,1,1,1,1,1,1,1,1,2,2,2,2,2,2,2,2,2,2,2,2,2,2,2,2,2,2,2,2,2,2,2,2,2,2,2,2,2,2,2,3,2,2,2,2,2,2,2,2,1,1,1,1,1,1,1,2,1,1,0,0",",,108485,113005,128425,155647,180461,217580,238916,262241,282060,319040,338041,366965,392602,434237,448261,482234,518976,536433,553926,589911,656430,667168,661643,676700,669541,677889,679720,681540,662896,670318,635785,637815,637068,638714,641653,641282,644853,646685,643867,648630,646383,639509,571876,528695,500509,478572,448904,431540,391705,371519,356649,317944,294961,279677,238151,239336,229289,206064,165989,124544,,",5,1,3083,0,28,5,1023.1436111111111,4,3600,628575,3226164,3686400,720896,,false,,,
4,A,basic,detour,,,0.10.0,e5a574f1,2048,65536,1,512,1,0,83,0,"0,0,0,6,8,9,10,13,13,13,12,13,13,13,12,13,13,13,12,11,10,9,7,7,7,7,7,7,7,7,7,7,5,7,7,7,7,7,7,7,7,7,8,9,10,12,13,13,14,14,13,14,14,13,14,14,13,13,12,5,9,7,0,0",20,58,0,63,6,85,2561,0,"4,32,3",1905,"18,9",815,2090,"19,9,362",4108,"4,32",2090,"19,9",362,1,35,17,0,0,0,3427808,65536,1024,0,0,552,",,,393216,524288,589824,655360,851968,851968,851968,786432,851968,851968,851968,786432,851968,851968,851968,786432,720896,655360,589824,458752,458752,458752,458752,458752,458752,458752,458752,458752,458752,327680,458752,458752,458752,458752,458752,458752,458752,458752,458752,524288,589824,655360,786432,851968,851968,917504,917504,851968,917504,917504,851968,917504,917504,851968,851968,786432,163840,589824,458752,,",597,0,0,0,0,0,0,0,14,"0,0,0,1,1,1,1,1,1,1,1,1,1,1,1,1,1,1,1,1,1,1,1,1,1,1,1,1,1,1,1,1,1,1,1,1,1,1,1,1,1,1,1,1,1,1,1,1,1,1,1,1,1,1,1,1,1,1,1,2,1,1,0,0",",,111463,110466,134340,155599,174721,214256,233592,244234,225990,244207,242983,245687,227111,245088,246478,248408,236530,212009,192004,179029,133612,137690,131664,132519,136049,130962,132543,136125,136506,133572,100111,122389,127967,121953,124651,123361,119968,124156,123933,120691,137250,164619,188478,224791,244707,241514,264795,268589,246082,262885,267745,244618,264743,266593,247979,243072,237102,197087,168074,125945,,",5,1,3081,0,38,5,1023.1441666666667,4,3600,1236411,3162352,3686400,655360,,true,,,
5,A,basic,straight,,,0.10.0,49324659,2048,65536,1,512,3,0,90,0,"0,0,5,7,7,7,7,7,7,7,7,7,7,7,7,7,7,7,7,7,7,7,7,7,7,7,7,7,7,7,7,7,3,7,7,7,7,7,7,7,7,7,7,7,7,7,7,7,7,7,7,7,7,7,7,7,7,7,7,2,7,5,0,0",18,56,0,63,59,92,2310,0,"4,32,3",714,"42,29",247,758,"44,29,3314",5028,"4,32",1854,"6,32",40,1,12,10,98375,2056,3556017,0,65536,1024,0,0,269,",,327680,458752,458752,458752,458752,458752,458752,458752,458752,458752,458752,458752,458752,458752,458752,458752,458752,458752,458752,458752,458752,458752,458752,458752,458752,458752,458752,458752,458752,458752,196608,458752,458752,458752,458752,458752,458752,458752,458752,458752,458752,458752,458752,458752,458752,458752,458752,458752,458752,458752,458752,458752,458752,458752,458752,458752,458752,65536,458752,327680,,",407,0,0,0,0,0,0,0,7,"0,0,1,1,1,1,1,1,1,1,1,1,1,1,1,1,1,1,1,1,1,1,1,1,1,1,1,1,1,1,1,1,1,1,1,1,1,1,1,1,1,1,1,1,1,1,1,1,1,1,1,1,1,1,1,1,1,1,1,2,1,1,0,0",",,88489,87563,61045,69786,70591,71340,70911,74322,71388,75992,74050,77998,75502,79932,77146,78795,80815,81134,82065,79994,85590,82298,84931,85720,83544,88976,85042,90099,85398,86622,53497,92354,92877,98631,102284,103750,103428,109478,110463,109247,114872,114826,112250,116078,115714,114909,112651,108117,108877,103057,103806,101027,99992,97801,96581,94056,92278,185779,112538,92506,,",5,1,3141,0,2,5,1023.1275,4,3600,1810912,3418701,3686400,458752,,false,,,
5,A,basic,distributed,,,0.10.0,848ebe8a,2048,65536,1,512,3,0,85,0,"0,0,3,6,8,9,10,12,13,14,15,17,17,17,16,17,17,17,16,15,14,13,11,11,11,11,11,11,11,11,11,11,8,11,11,11,11,11,11,11,11,11,11,14,15,17,18,18,19,19,18,19,19,17,16,15,13,13,12,5,9,7,0,0",14,56,0,63,6,88,2479,0,"4,32,3",1334,"20,9",421,1473,"19,9,1560",4108,"4,32",1473,"19,9",1560,1,221,15,0,0,1204629,2264959,65536,1024,0,0,453,",,196608,393216,524288,589824,655360,786432,851968,917504,983040,1114112,557056,557056,524288,557056,557056,557056,524288,491520,458752,425984,360448,360448,360448,360448,360448,360448,360448,360448,360448,360448,262144,360448,360448,360448,360448,360448,360448,360448,360448,360448,360448,458752,491520,557056,589824,589824,622592,622592,589824,622592,1245184,1114112,1048576,983040,851968,851968,786432,163840,589824,458752,,",782,0,0,0,0,0,0,0,11,"0,0,1,1,1,1,1,1,1,1,1,1,2,2,2,2,2,2,2,2,2,2,2,2,2,2,2,2,2,2,2,2,2,2,2,2,2,2,2,2,2,2,2,2,2,2,2,2,2,2,2,2,1,1,1,1,1,1,1,2,1,1,0,0",",,106744,112904,128395,155708,178571,213783,235209,256629,277338,312978,329449,354206,379817,414966,429237,458726,489633,506485,520396,551065,627139,622663,616150,628776,619706,626164,616666,625807,622629,617187,634353,664121,658101,656886,665722,658736,664364,657228,660236,663638,659564,649403,593102,547086,518673,490080,457950,437653,396438,369212,352699,312322,293999,281029,238922,237825,223211,207345,168488,129330,,",5,1,3083,0,38,5,1023.1436111111111,4,3600,265239,3244574,3686400,655360,,true,,,
5,A,basic,detour,,,0.10.0,e5a574f1,2048,65536,1,512,3,0,83,0,"0,0,0,6,8,9,10,13,13,13,12,13,13,13,12,13,13,13,12,11,10,9,7,7,7,7,7,7,7,7,7,7,5,7,7,7,7,7,7,7,7,7,8,9,10,12,13,13,14,14,13,14,14,13,14,14,13,13,12,5,9,7,0,0",20,56,0,63,6,85,2561,0,"4,32,3",1905,"18,9",815,2090,"19,9,362",4108,"4,32",2090,"19,9",362,1,35,17,0,0,0,3427808,65536,1024,0,0,552,",,,393216,524288,589824,655360,851968,851968,851968,786432,851968,851968,851968,786432,851968,851968,851968,786432,720896,655360,589824,458752,458752,458752,458752,458752,458752,458752,458752,458752,458752,327680,458752,458752,458752,458752,458752,458752,458752,458752,458752,524288,589824,655360,786432,851968,851968,917504,917504,851968,917504,917504,851968,917504,917504,851968,851968,786432,163840,589824,458752,,",597,0,0,0,0,0,0,0,14,"0,0,0,1,1,1,1,1,1,1,1,1,1,1,1,1,1,1,1,1,1,1,1,1,1,1,1,1,1,1,1,1,1,1,1,1,1,1,1,1,1,1,1,1,1,1,1,1,1,1,1,1,1,1,1,1,1,1,1,2,1,1,0,0",",,111463,110466,134340,155599,174721,214256,233592,244234,225990,244207,242983,245687,227111,245088,246478,248408,236530,212009,192004,179029,133612,137690,131664,132519,136049,130962,132543,136125,136506,133572,100111,122389,127967,121953,124651,123361,119968,124156,123933,120691,137250,164619,188478,224791,244707,241514,264795,268589,246082,262885,267745,244618,264743,266593,247979,243072,237102,197087,168074,125945,,",5,1,3081,0,38,5,1023.1441666666667,4,3600,1236411,3162352,3686400,655360,,true,,,
6,A,basic,straight,,,0.10.0,44365df5,2048,65536,1,512,9,0,89,0,"0,0,5,7,7,7,7,7,7,7,7,7,7,7,7,7,7,7,7,7,7,7,7,7,7,7,7,7,7,7,7,7,7,7,7,7,7,7,7,7,7,7,7,7,7,7,7,7,7,7,7,7,7,7,7,7,7,7,7,2,7,5,0,0",18,50,0,63,59,92,2304,0,"4,32,3",692,"44,29",250,729,"47,29,2432",5028,"4,32",1854,"6,32",40,1,12,11,102265,2122,3690522,0,65536,1024,0,0,264,",,327680,458752,458752,458752,458752,458752,458752,458752,458752,458752,458752,458752,458752,458752,458752,458752,458752,458752,458752,458752,458752,458752,458752,458752,458752,458752,458752,458752,458752,458752,458752,458752,458752,458752,458752,458752,458752,458752,458752,458752,458752,458752,458752,458752,458752,458752,458752,458752,458752,458752,458752,458752,458752,458752,458752,458752,458752,65536,458752,327680,,",411,0,0,0,0,0,0,0,7,"0,0,1,1,1,1,1,1,1,1,1,1,1,1,1,1,1,1,1,1,1,1,1,1,1,1,1,1,1,1,1,1,1,1,1,1,1,1,1,1,1,1,1,1,1,1,1,1,1,1,1,1,1,1,1,1,1,1,1,2,1,1,0,0",",,81945,83516,57675,63542,66711,66301,68918,67177,70365,68907,71544,69611,73329,72177,75468,73800,75542,76754,75414,80288,77922,82429,80296,82197,83741,81459,87323,83833,86194,89085,91694,92421,98193,101231,98721,107064,103459,110618,106830,110124,113602,110969,119509,114765,121100,115358,117521,117356,111065,112026,111347,105554,108349,105935,102853,101675,103728,194753,123545,91448,,",5,1,3229,0,2,5,1023.1030555555556,4,3600,1654961,3424492,3686400,458752,,false,,,
6,A,basic,distributed,,,0.10.0,b5feb755,2048,65536,1,512,9,0,84,0,"0,0,2,6,8,9,11,13,14,15,16,18,18,18,17,18,18,18,17,16,15,14,12,12,12,12,12,12,12,12,12,12,10,11,11,11,11,11,11,11,11,11,11,14,15,17,18,18,19,19,18,19,19,17,16,15,13,13,12,5,9,7,0,0",14,50,0,63,6,88,2481,0,"4,32,3",1322,"20,9",423,1479,"19,9,3111",4108,"4,32",1479,"19,9",3111,1,221,16,0,0,1296510,2265789,65536,1024,0,0,456,",,131072,393216,524288,589824,720896,851968,917504,983040,1048576,1179648,589824,589824,557056,589824,589824,589824,557056,524288,491520,458752,393216,393216,393216,393216,393216,393216,393216,393216,393216,393216,327680,360448,360448,360448,360448,360448,360448,360448,360448,360448,360448,458752,491520,557056,589824,589824,622592,622592,589824,622592,1245184,1114112,1048576,983040,851968,851968,786432,163840,589824,458752,,",810,0,0,0,0,0,0,0,11,"0,0,1,1,1,1,1,1,1,1,1,1,2,2,2,2,2,2,2,2,2,2,2,2,2,2,2,2,2,2,2,2,2,2,2,2,2,2,2,2,2,2,2,2,2,2,2,2,2,2,2,2,1,1,1,1,1,1,1,2,1,1,0,0",",,108485,113153,128429,155668,179381,215019,237013,258210,279303,315053,333744,358296,384117,421278,442236,462184,498926,513590,525349,556712,635017,626873,629046,628546,625872,634564,633136,627942,631808,630877,654364,652710,654253,648841,658131,652968,658031,653883,659150,654650,659178,647797,588775,534782,519998,481190,458179,428367,395947,369755,356516,310744,295180,279326,239467,242023,220585,213878,164964,128412,,",5,1,3084,0,38,5,1023.1433333333333,4,3600,263369,3244194,3686400,720896,,true,,,
6,A,basic,detour,,,0.10.0,e5a574f1,2048,65536,1,512,9,0,83,0,"0,0,0,6,8,9,10,13,13,13,12,13,13,13,12,13,13,13,12,11,10,9,7,7,7,7,7,7,7,7,7,7,5,7,7,7,7,7,7,7,7,7,8,9,10,12,13,13,14,14,13,14,14,13,14,14,13,13,12,5,9,7,0,0",20,50,0,63,6,85,2561,0,"4,32,3",1905,"18,9",815,2090,"19,9,362",4108,"4,32",2090,"19,9",362,1,35,17,0,0,0,3427808,65536,1024,0,0,552,",,,393216,524288,589824,655360,851968,851968,851968,786432,851968,851968,851968,786432,851968,851968,851968,786432,720896,655360,589824,458752,458752,458752,458752,458752,458752,458752,458752,458752,458752,327680,458752,458752,458752,458752,458752,458752,458752,458752,458752,524288,589824,655360,786432,851968,851968,917504,917504,851968,917504,917504,851968,917504,917504,851968,851968,786432,163840,589824,458752,,",597,0,0,0,0,0,0,0,14,"0,0,0,1,1,1,1,1,1,1,1,1,1,1,1,1,1,1,1,1,1,1,1,1,1,1,1,1,1,1,1,1,1,1,1,1,1,1,1,1,1,1,1,1,1,1,1,1,1,1,1,1,1,1,1,1,1,1,1,2,1,1,0,0",",,111463,110466,134340,155599,174721,214256,233592,244234,225990,244207,242983,245687,227111,245088,246478,248408,236530,212009,192004,179029,133612,137690,131664,132519,136049,130962,132543,136125,136506,133572,100111,122389,127967,121953,124651,123361,119968,124156,123933,120691,137250,164619,188478,224791,244707,241514,264795,268589,246082,262885,267745,244618,264743,266593,247979,243072,237102,197087,168074,125945,,",5,1,3081,0,38,5,1023.1441666666667,4,3600,1236411,3162352,3686400,655360,,true,,,
7,A,basic,straight,,,0.10.0,44365df5,2048,65536,1,512,63,0,89,0,"0,0,5,7,7,7,7,7,7,7,7,7,7,7,7,7,7,7,7,7,7,7,7,7,7,7,7,7,7,7,7,7,7,7,7,7,7,7,7,7,7,7,7,7,7,7,7,7,7,7,7,7,7,7,7,7,7,7,7,2,7,5,0,0",18,0,0,63,59,92,2304,0,"4,32,3",692,"44,29",250,729,"47,29,2432",5028,"4,32",1854,"6,32",40,1,12,11,102265,2122,3690522,0,65536,1024,0,0,264,",,327680,458752,458752,458752,458752,458752,458752,458752,458752,458752,458752,458752,458752,458752,458752,458752,458752,458752,458752,458752,458752,458752,458752,458752,458752,458752,458752,458752,458752,458752,458752,458752,458752,458752,458752,458752,458752,458752,458752,458752,458752,458752,458752,458752,458752,458752,458752,458752,458752,458752,458752,458752,458752,458752,458752,458752,458752,65536,458752,327680,,",411,0,0,0,0,0,0,0,7,"0,0,1,1,1,1,1,1,1,1,1,1,1,1,1,1,1,1,1,1,1,1,1,1,1,1,1,1,1,1,1,1,1,1,1,1,1,1,1,1,1,1,1,1,1,1,1,1,1,1,1,1,1,1,1,1,1,1,1,2,1,1,0,0",",,81945,83516,57675,63542,66711,66301,68918,67177,70365,68907,71544,69611,73329,72177,75468,73800,75542,76754,75414,80288,77922,82429,80296,82197,83741,81459,87323,83833,86194,89085,91694,92421,98193,101231,98721,107064,103459,110618,106830,110124,113602,110969,119509,114765,121100,115358,117521,117356,111065,112026,111347,105554,108349,105935,102853,101675,103728,194753,123545,91448,,",5,1,3229,0,2,5,1023.1030555555556,4,3600,1654961,3424492,3686400,458752,,false,,,
7,A,basic,distributed,,,0.10.0,2e87c5a3,2048,65536,1,512,63,0,84,0,"0,0,2,6,8,9,11,13,14,15,16,18,18,18,17,18,18,18,17,16,15,14,12,12,12,12,12,12,12,12,12,12,12,12,12,12,12,12,12,12,12,12,13,14,15,17,18,18,19,19,18,19,19,17,16,15,13,13,12,5,9,7,0,0",14,0,0,63,6,87,2480,0,"4,32,3",1320,"20,9",433,1466,"19,9,1215",4108,"4,32",1466,"19,9",1215,1,221,16,0,0,1630089,2121069,65536,1024,0,0,456,",,131072,393216,524288,589824,720896,851968,917504,983040,1048576,1179648,589824,589824,557056,589824,589824,589824,557056,524288,491520,458752,393216,393216,393216,393216,393216,393216,393216,393216,393216,393216,393216,393216,393216,393216,393216,393216,393216,393216,393216,393216,425984,458752,491520,557056,589824,589824,622592,622592,589824,622592,1245184,1114112,1048576,983040,851968,851968,786432,163840,589824,458752,,",823,0,0,0,0,0,0,0,12,"0,0,1,1,1,1,1,1,1,1,1,1,2,2,2,2,2,2,2,2,2,2,2,2,2,2,2,2,2,2,2,2,2,2,2,2,2,2,2,2,2,2,2,2,2,2,2,2,2,2,2,2,1,1,1,1,1,1,1,2,1,1,0,0",",,108485,112992,128492,155642,179545,214824,235901,258521,279248,312849,336134,359307,385073,423023,440388,465424,499484,520334,524749,558914,638438,637294,634248,639153,643486,636766,643362,636112,647795,639709,647882,641283,651482,645028,649424,646008,655123,644765,655289,653495,651191,637429,589562,542879,515362,485985,456886,433873,397418,368643,354729,308551,294727,278255,238767,239416,225825,214399,167845,130837,,",5,1,3083,0,38,5,1023.1436111111111,4,3600,263577,3241671,3686400,720896,,true,,,
7,A,basic,detour,,,0.10.0,24ea4621,2048,65536,1,512,63,0,83,0,"0,0,0,6,8,9,10,13,13,13,12,13,13,13,12,13,13,13,12,11,10,9,7,7,7,7,7,7,7,7,7,7,7,7,7,7,7,7,7,7,7,7,8,9,10,12,13,13,14,14,13,14,14,13,14,14,13,13,12,5,9,7,0,0",21,0,0,63,6,85,2558,0,"4,32,3",1552,"61,33",831,2160,"19,9,2703",4108,"4,32",2160,"19,9",2703,1,35,17,0,0,544617,3200097,65536,1024,0,0,550,",,,393216,524288,589824,655360,851968,851968,851968,786432,851968,851968,851968,786432,851968,851968,851968,786432,720896,655360,589824,458752,458752,458752,458752,458752,458752,458752,458752,458752,458752,458752,458752,458752,458752,458752,458752,458752,458752,458752,458752,524288,589824,655360,786432,851968,851968,917504,917504,851968,917504,917504,851968,917504,917504,851968,851968,786432,163840,589824,458752,,",599,0,0,0,0,0,0,0,14,"0,0,0,1,1,1,1,1,1,1,1,1,1,1,1,1,1,1,1,1,1,1,1,1,1,1,1,1,1,1,1,1,1,1,1,1,1,1,1,1,1,1,1,1,1,1,1,1,1,1,1,1,1,1,1,1,1,1,1,2,1,1,0,0",",,111463,110433,134504,155480,174617,213175,235238,242831,225474,242184,243527,251376,225899,243724,245758,247919,230080,210858,194482,180908,132896,138819,131073,130969,134129,131779,128385,133010,131296,127925,134829,128752,129064,132318,130008,126616,130915,129064,125947,131103,143846,168798,192408,232140,238101,245009,264653,268267,247206,262939,265446,245322,266058,266521,245561,246116,234399,210856,166758,131248,,",5,1,3081,0,38,5,1023.1441666666667,4,3600,1245527,3163964,3686400,655360,,true,,,
8,A,basic,straight,,,0.10.0,8108cbcd,2048,0,2,512,1,0,59,0,"0,0,1,4,8,9,9,9,9,9,9,9,9,9,9,9,9,9,9,9,9,9,9,9,9,9,9,9,9,9,9,9,1,1,1,1,1,1,1,1,1,1,1,1,1,1,1,1,1,1,1,1,1,1,1,1,1,1,1,0,0,0,0,0",515,58,0,63,6,46,-1,65536,,15663,"31,28",2428,15714,"31,28,3568",51502,"31,31",51502,"31,31",3600,19,3600,41,487929582,274773,1787850,0,65536,1024,0,0,2145,",,65536,87381,262144,589824,589824,589824,589824,589824,589824,589824,589824,589824,589824,589824,589824,589824,589824,589824,589824,589824,589824,589824,589824,589824,589824,589824,589824,589824,589824,589824,65536,65536,65536,65536,65536,65536,65536,65536,65536,65536,65536,65536,65536,65536,65536,65536,65536,65536,65536,65536,65536,65536,65536,65536,65536,65536,65536,,,,,",450,0,0,0,0,0,0,0,53,"0,0,1,3,2,1,1,1,1,1,1,1,1,1,1,1,1,1,1,1,1,1,1,1,1,1,1,1,1,1,1,1,1,1,1,1,1,1,1,1,1,1,1,1,1,1,1,1,1,1,1,1,1,1,1,1,1,1,1,0,0,0,0,0",",93673,142926,178765,84253,153034,151003,163020,161066,167501,170439,176248,174961,179105,178349,180489,183818,182364,186469,184676,186840,176207,163843,159727,149859,146419,139337,138071,136262,134846,129976,131178,0,20617,26361,29884,32161,33952,38085,37555,41457,42324,45723,43680,47925,47151,50671,53289,53136,52362,54595,52139,52649,51645,51273,49372,50480,49806,48367,31625,54544,30943,,",5,1,18074,28,28,5,1272.5030555555556,4,3600,0,1730200,3686400,589824,,true,,,
8,A,basic,distributed,,,0.10.0,aa0ac4df,2048,0,2,512,1,0,68,0,"0,6,9,11,12,13,15,15,16,17,19,20,21,22,23,22,22,22,22,20,19,18,17,16,16,16,16,16,16,16,16,16,6,16,16,16,16,16,16,16,16,16,17,18,20,21,22,23,23,23,24,22,21,20,18,17,16,15,14,8,11,9,7,0",20,58,0,63,6,83,2646,65536,,1558,"20,8",527,2060,"19,8,1111",5136,"4,32",2060,"19,8",1111,1,3478,32,823420,3594,1013549,2351407,65536,1024,0,0,639,",393216,589824,720896,786432,851968,983040,983040,1048576,1114112,1245184,1310720,1376256,1441792,753664,720896,720896,720896,720896,655360,622592,589824,557056,524288,524288,524288,524288,524288,524288,524288,524288,524288,196608,524288,524288,524288,524288,524288,524288,524288,524288,524288,557056,589824,655360,688128,720896,753664,753664,753664,1572864,1441792,1376256,1310720,1179648,1114112,1048576,983040,917504,262144,720896,589824,458752,",1044,0,0,0,0,0,0,0,16,"0,1,1,1,1,1,1,1,1,1,1,1,1,1,2,2,2,2,2,2,2,2,2,2,2,2,2,2,2,2,2,2,2,2,2,2,2,2,2,2,2,2,2,2,2,2,2,2,2,2,1,1,1,1,1,1,1,1,1,2,1,1,1,0",",112158,155918,174693,138839,165545,203916,223806,240788,265054,305937,330768,353271,383465,425213,449318,478392,510228,534873,557849,579325,614180,647796,665369,677155,677119,687621,689291,682461,694090,681252,684512,620006,597925,596135,601711,606477,610913,606883,620722,620321,627892,623754,611739,572796,548930,535782,507837,496308,472505,457374,420098,408432,380938,345554,328759,309102,282517,267263,273502,197068,170202,126946,",5,1,4103,0,39,5,1046.556111111111,4,3600,0,3071492,3686400,983040,,false,,,
8,A,basic,detour,,,0.10.0,abf0adc0,2048,0,2,512,1,0,66,0,"0,6,9,11,12,13,15,15,15,15,16,15,15,15,16,15,15,15,15,13,12,11,10,9,9,9,9,9,9,9,9,9,5,9,9,9,9,9,9,9,9,9,10,11,13,14,15,16,16,16,17,16,16,17,16,16,16,15,14,8,11,9,7,0",29,58,0,63,6,80,2740,65536,,1990,"62,31",957,2985,"19,8,1902",5647,"4,32",2985,"19,8",1902,2,2898,34,1134662,7016,0,3347676,65536,1024,0,0,762,",393216,589824,720896,786432,851968,983040,983040,983040,983040,1048576,983040,983040,983040,1048576,983040,983040,983040,983040,851968,786432,720896,655360,589824,589824,589824,589824,589824,589824,589824,589824,589824,327680,589824,589824,589824,589824,589824,589824,589824,589824,589824,655360,720896,851968,917504,983040,1048576,1048576,1048576,1114112,1048576,1048576,1114112,1048576,1048576,1048576,983040,917504,262144,720896,589824,458752,",750,0,0,0,0,0,0,0,19,"0,1,1,1,1,1,1,1,1,1,1,1,1,1,1,1,1,1,1,1,1,1,1,1,1,1,1,1,1,1,1,1,1,1,1,1,1,1,1,1,1,1,1,1,1,1,1,1,1,1,1,1,1,1,1,1,1,1,1,2,1,1,1,0",",109200,166757,193015,153364,171814,218511,237164,246978,263924,295378,282814,276197,288414,311921,290202,290970,298115,292543,252250,227660,219843,199297,180065,170797,174024,173287,169544,170512,170968,171879,167936,103998,158315,158527,152975,157350,159008,158531,159337,157586,160211,180288,200345,245338,269845,278011,298965,301567,300377,323608,304732,309781,336335,315722,314120,316277,303648,271680,287478,205024,165208,127177,",5,1,4618,0,39,5,1059.4888888888888,4,3600,0,2977254,3686400,983040,,true,,,
9,A,basic,straight,,,0.10.0,6223e395,2048,0,2,512,3,0,92,0,"0,0,0,1,3,3,3,3,3,3,3,5,5,5,5,5,5,5,5,5,5,5,5,5,5,5,5,5,5,5,5,5,3,9,9,9,9,9,9,9,9,9,9,9,9,9,9,9,9,9,9,9,9,9,9,9,9,9,9,4,9,7,5,0",20,56,0,33,59,92,2310,65536,,325,"41,28",83,440,"45,28,1420",18989,"4,32",2072,"27,32",253,7,164,8,12386763,3598,3552689,0,65536,1024,0,0,270,",,,65536,196608,196608,196608,196608,196608,196608,196608,327680,327680,327680,327680,327680,327680,327680,327680,327680,327680,327680,327680,327680,327680,327680,327680,327680,327680,327680,327680,327680,196608,589824,589824,589824,589824,589824,589824,589824,589824,589824,589824,589824,589824,589824,589824,589824,589824,589824,589824,589824,589824,589824,589824,589824,589824,589824,589824,131072,589824,458752,327680,",406,0,0,0,0,0,0,0,7,"0,0,0,1,1,1,1,1,1,1,1,1,1,1,1,1,1,1,1,1,1,1,1,1,1,1,1,1,1,1,1,1,1,1,1,1,1,1,1,1,1,1,1,1,1,1,1,1,1,1,1,1,1,1,1,1,1,1,1,2,1,1,1,0",",,0,8091,21335,47007,47130,47447,47796,47918,48229,48572,48693,48998,49336,49456,49755,50088,50207,50500,50829,50947,51235,51559,52425,52049,51599,51148,50971,50907,51075,51573,48140,89147,94127,96468,101096,100402,105616,108393,108284,116676,113276,115965,116537,115450,119198,118138,120581,114317,116170,114107,112631,111499,107144,101857,101717,100261,95116,230309,176421,128735,92071,",5,1,17964,0,23,5,1271.1730555555555,4,3600,0,3418555,3686400,196608,,false,,,
9,A,basic,distributed,,,0.10.0,de224a55,2048,0,2,512,3,0,69,0,"0,6,9,11,12,13,15,15,16,17,19,20,21,22,23,22,22,22,22,20,19,18,17,16,16,16,16,16,16,16,16,16,8,16,16,16,16,16,16,16,16,16,17,18,20,21,22,23,23,23,24,22,21,20,18,17,16,15,14,8,11,9,7,0",20,56,0,63,6,84,2619,65536,,1607,"62,30",497,2042,"19,8,1432",5122,"4,32",2042,"19,8",1432,1,1866,31,821662,3594,1094324,2311434,65536,1024,0,0,608,",393216,589824,720896,786432,851968,983040,983040,1048576,1114112,1245184,1310720,1376256,1441792,753664,720896,720896,720896,720896,655360,622592,589824,557056,524288,524288,524288,524288,524288,524288,524288,524288,524288,262144,524288,524288,524288,524288,524288,524288,524288,524288,524288,557056,589824,655360,688128,720896,753664,753664,753664,1572864,1441792,1376256,1310720,1179648,1114112,1048576,983040,917504,262144,720896,589824,458752,",1046,0,0,0,0,0,0,0,15,"0,1,1,1,1,1,1,1,1,1,1,1,1,1,2,2,2,2,2,2,2,2,2,2,2,2,2,2,2,2,2,2,2,2,2,2,2,2,2,2,2,2,2,2,2,2,2,2,2,2,1,1,1,1,1,1,1,1,1,2,1,1,1,0",",107303,148150,168131,139493,165502,204394,217252,242258,258756,301348,323851,348990,366758,412018,427421,452329,467346,491708,509310,528283,551856,576483,607137,600948,593883,601200,591248,609668,590952,596405,603397,611374,629898,624841,632752,632583,634282,631395,634069,634835,645075,632098,625934,580598,561898,546878,511453,488163,467317,451583,407761,394618,375559,335868,324504,302091,282131,260395,272646,203448,163921,130448,",5,1,4095,0,39,5,1046.2066666666667,4,3600,0,3103073,3686400,983040,,true,,,
9,A,basic,detour,,,0.10.0,abf0adc0,2048,0,2,512,3,0,66,0,"0,6,9,11,12,13,15,15,15,15,16,15,15,15,16,15,15,15,15,13,12,11,10,9,9,9,9,9,9,9,9,9,5,9,9,9,9,9,9,9,9,9,10,11,13,14,15,16,16,16,17,16,16,17,16,16,16,15,14,8,11,9,7,0",29,56,0,63,6,80,2740,65536,,1990,"62,31",957,2985,"19,8,1902",5647,"4,32",2985,"19,8",1902,2,2898,34,1134662,7016,0,3347676,65536,1024,0,0,762,",393216,589824,720896,786432,851968,983040,983040,983040,983040,1048576,983040,983040,983040,1048576,983040,983040,983040,983040,851968,786432,720896,655360,589824,589824,589824,589824,589824,589824,589824,589824,589824,327680,589824,589824,589824,589824,589824,589824,589824,589824,589824,655360,720896,851968,917504,983040,1048576,1048576,1048576,1114112,1048576,1048576,1114112,1048576,1048576,1048576,983040,917504,262144,720896,589824,458752,",750,0,0,0,0,0,0,0,19,"0,1,1,1,1,1,1,1,1,1,1,1,1,1,1,1,1,1,1,1,1,1,1,1,1,1,1,1,1,1,1,1,1,1,1,1,1,1,1,1,1,1,1,1,1,1,1,1,1,1,1,1,1,1,1,1,1,1,1,2,1,1,1,0",",109200,166757,193015,153364,171814,218511,237164,246978,263924,295378,282814,276197,288414,311921,290202,290970,298115,292543,252250,227660,219843,199297,180065,170797,174024,173287,169544,170512,170968,171879,167936,103998,158315,158527,152975,157350,159008,158531,159337,157586,160211,180288,200345,245338,269845,278011,298965,301567,300377,323608,304732,309781,336335,315722,314120,316277,303648,271680,287478,205024,165208,127177,",5,1,4618,0,39,5,1059.4888888888888,4,3600,0,2977254,3686400,983040,,true,,,
10,A,basic,straight,,,0.10.0,1e534081,2048,0,2,512,9,0,91,0,"0,0,0,1,3,3,3,5,7,9,8,9,9,9,9,9,9,9,9,9,9,9,9,9,9,9,9,9,9,9,9,9,9,9,9,9,9,9,9,9,9,9,9,9,9,9,9,9,9,9,9,9,9,9,9,9,9,9,9,4,9,7,5,0",20,50,0,9,59,92,2318,65536,,336,"39,28",112,459,"45,28,2368",18990,"4,32",2076,"27,32",938,7,2511,9,12386748,3598,3656831,0,65536,1024,0,0,278,",,,65536,196608,196608,196608,109226,229376,589824,524288,589824,589824,589824,589824,589824,589824,589824,589824,589824,589824,589824,589824,589824,589824,589824,589824,589824,589824,589824,589824,589824,589824,589824,589824,589824,589824,589824,589824,589824,589824,589824,589824,589824,589824,589824,589824,589824,589824,589824,589824,589824,589824,589824,589824,589824,589824,589824,589824,131072,589824,458752,327680,",541,0,0,0,0,0,0,0,7,"0,0,0,1,1,1,1,3,2,1,1,1,1,1,1,1,1,1,1,1,1,1,1,1,1,1,1,1,1,1,1,1,1,1,1,1,1,1,1,1,1,1,1,1,1,1,1,1,1,1,1,1,1,1,1,1,1,1,1,2,1,1,1,0",",100352,141300,49292,24408,54514,55812,57156,58229,59908,59486,60547,62748,61667,64279,64094,66993,67447,68532,69344,70900,71982,73216,74444,76100,76052,76972,77152,78742,79981,82452,85102,88928,94205,98228,101102,104362,106939,106848,116474,111832,118755,117082,120739,116440,121826,119443,122853,120423,115162,120417,114135,113059,110191,109014,104642,105866,100287,96497,233920,171872,127844,87941,",5,1,17964,0,23,5,1271.1730555555555,4,3600,0,3409733,3686400,196608,,false,,,
10,A,basic,distributed,,,0.10.0,1d7dfe53,2048,0,2,512,9,0,69,0,"0,6,9,11,12,13,15,15,16,17,19,20,21,22,23,22,22,22,22,20,19,18,17,16,16,16,16,16,16,16,16,16,12,16,16,16,16,16,16,16,16,16,17,18,20,21,22,23,23,23,24,22,21,20,18,17,16,15,14,8,11,9,7,0",20,50,0,63,6,84,2621,65536,,1561,"62,30",493,2041,"19,8,2099",5130,"4,32",2041,"19,8",2099,1,3108,31,822395,3594,1259401,2308547,65536,1024,0,0,609,",393216,589824,720896,786432,851968,983040,983040,1048576,1114112,1245184,1310720,1376256,1441792,753664,720896,720896,720896,720896,655360,622592,589824,557056,524288,524288,524288,524288,524288,524288,524288,524288,524288,393216,524288,524288,524288,524288,524288,524288,524288,524288,524288,557056,589824,655360,688128,720896,753664,753664,753664,1572864,1441792,1376256,1310720,1179648,1114112,1048576,983040,917504,262144,720896,589824,458752,",1050,0,0,0,0,0,0,0,15,"0,1,1,1,1,1,1,1,1,1,1,1,1,1,2,2,2,2,2,2,2,2,2,2,2,2,2,2,2,2,2,2,2,2,2,2,2,2,2,2,2,2,2,2,2,2,2,2,2,2,1,1,1,1,1,1,1,1,1,2,1,1,1,0",",108615,148886,167604,140287,166548,207422,220107,243052,259027,299628,325069,342952,371199,412609,433035,453042,471361,492320,509246,534864,553671,586893,602256,610191,609399,593494,610035,605133,607184,609834,603480,634233,620516,629756,627760,630070,633674,636809,627984,632762,633921,632082,617797,576374,559384,535247,510893,484776,467814,450509,414603,395094,381446,336861,322650,305005,275366,267787,274050,201542,163544,127173,",5,1,4100,0,39,5,1046.3927777777778,4,3600,0,3100758,3686400,983040,,true,,,
10,A,basic,detour,,,0.10.0,abf0adc0,2048,0,2,512,9,0,66,0,"0,6,9,11,12,13,15,15,15,15,16,15,15,15,16,15,15,15,15,13,12,11,10,9,9,9,9,9,9,9,9,9,5,9,9,9,9,9,9,9,9,9,10,11,13,14,15,16,16,16,17,16,16,17,16,16,16,15,14,8,11,9,7,0",29,50,0,63,6,80,2740,65536,,1990,"62,31",957,2985,"19,8,1902",5647,"4,32",2985,"19,8",1902,2,2898,34,1134662,7016,0,3347676,65536,1024,0,0,762,",393216,589824,720896,786432,851968,983040,983040,983040,983040,1048576,983040,983040,983040,1048576,983040,983040,983040,983040,851968,786432,720896,655360,589824,589824,589824,589824,589824,589824,589824,589824,589824,327680,589824,589824,589824,589824,589824,589824,589824,589824,589824,655360,720896,851968,917504,983040,1048576,1048576,1048576,1114112,1048576,1048576,1114112,1048576,1048576,1048576,983040,917504,262144,720896,589824,458752,",750,0,0,0,0,0,0,0,19,"0,1,1,1,1,1,1,1,1,1,1,1,1,1,1,1,1,1,1,1,1,1,1,1,1,1,1,1,1,1,1,1,1,1,1,1,1,1,1,1,1,1,1,1,1,1,1,1,1,1,1,1,1,1,1,1,1,1,1,2,1,1,1,0",",109200,166757,193015,153364,171814,218511,237164,246978,263924,295378,282814,276197,288414,311921,290202,290970,298115,292543,252250,227660,219843,199297,180065,170797,174024,173287,169544,170512,170968,171879,167936,103998,158315,158527,152975,157350,159008,158531,159337,157586,160211,180288,200345,245338,269845,278011,298965,301567,300377,323608,304732,309781,336335,315722,314120,316277,303648,271680,287478,205024,165208,127177,",5,1,4618,0,39,5,1059.4888888888888,4,3600,0,2977254,3686400,983040,,true,,,
11,A,basic,straight,,,0.10.0,1e534081,2048,0,2,512,63,0,91,0,"0,0,0,1,3,3,3,5,7,9,8,9,9,9,9,9,9,9,9,9,9,9,9,9,9,9,9,9,9,9,9,9,9,9,9,9,9,9,9,9,9,9,9,9,9,9,9,9,9,9,9,9,9,9,9,9,9,9,9,4,9,7,5,0",20,0,0,9,59,92,2318,65536,,336,"39,28",112,459,"45,28,2368",18990,"4,32",2076,"27,32",938,7,2511,9,12386748,3598,3656831,0,65536,1024,0,0,278,",,,65536,196608,196608,196608,109226,229376,589824,524288,589824,589824,589824,589824,589824,589824,589824,589824,589824,589824,589824,589824,589824,589824,589824,589824,589824,589824,589824,589824,589824,589824,589824,589824,589824,589824,589824,589824,589824,589824,589824,589824,589824,589824,589824,589824,589824,589824,589824,589824,589824,589824,589824,589824,589824,589824,589824,589824,131072,589824,458752,327680,",541,0,0,0,0,0,0,0,7,"0,0,0,1,1,1,1,3,2,1,1,1,1,1,1,1,1,1,1,1,1,1,1,1,1,1,1,1,1,1,1,1,1,1,1,1,1,1,1,1,1,1,1,1,1,1,1,1,1,1,1,1,1,1,1,1,1,1,1,2,1,1,1,0",",100352,141300,49292,24408,54514,55812,57156,58229,59908,59486,60547,62748,61667,64279,64094,66993,67447,68532,69344,70900,71982,73216,74444,76100,76052,76972,77152,78742,79981,82452,85102,88928,94205,98228,101102,104362,106939,106848,116474,111832,118755,117082,120739,116440,121826,119443,122853,120423,115162,120417,114135,113059,110191,109014,104642,105866,100287,96497,233920,171872,127844,87941,",5,1,17964,0,23,5,1271.1730555555555,4,3600,0,3409733,3686400,196608,,false,,,
11,A,basic,distributed,,,0.10.0,9c3a05f8,2048,0,2,512,63,0,68,0,"0,6,9,11,12,13,15,15,16,17,19,20,21,22,23,22,22,22,22,20,19,18,17,16,16,16,16,16,16,16,16,16,16,16,16,16,16,16,16,16,16,16,17,18,20,21,22,23,23,23,24,22,21,20,18,17,16,15,14,8,11,9,7,0",19,0,0,63,6,84,2623,65536,,1508,"62,29",496,1960,"19,8,2740",5132,"4,32",1984,"5,31",1481,1,1683,32,822709,3594,1773444,2219836,65536,1024,0,0,612,",393216,589824,720896,786432,851968,983040,983040,1048576,1114112,1245184,1310720,1376256,1441792,753664,720896,720896,720896,720896,655360,622592,589824,557056,524288,524288,524288,524288,524288,524288,524288,524288,524288,524288,524288,524288,524288,524288,524288,524288,524288,524288,524288,557056,589824,655360,688128,720896,753664,753664,753664,1572864,1441792,1376256,1310720,1179648,1114112,1048576,983040,917504,262144,720896,589824,458752,",1054,0,0,0,0,0,0,0,15,"0,1,1,1,1,1,1,1,1,1,1,1,1,1,2,2,2,2,2,2,2,2,2,2,2,2,2,2,2,2,2,2,2,2,2,2,2,2,2,2,2,2,2,2,2,2,2,2,2,2,1,1,1,1,1,1,1,1,1,2,1,1,1,0",",108648,150515,171653,140174,165965,206545,225721,243993,259242,302771,328114,344121,370662,408689,433167,444029,475771,490683,517951,529388,547418,596351,605114,614342,599079,612529,614896,609501,608355,612842,615060,618884,617287,618998,627073,620423,619241,627321,628851,623207,633608,626909,608528,580672,552747,543493,505626,494212,463285,444112,411460,391576,370909,342206,321910,305144,283663,258324,283745,203039,164393,125365,",5,1,4096,0,2,5,1046.4205555555557,4,3600,0,3099544,3686400,983040,,true,,,
11,A,basic,detour,,,0.10.0,993137ba,2048,0,2,512,63,0,65,0,"0,6,9,11,12,13,15,15,15,15,16,15,15,15,16,15,15,15,15,13,12,11,10,9,9,9,9,9,9,9,9,9,9,9,9,9,9,9,9,9,9,9,10,11,13,14,15,16,16,16,17,16,16,17,16,16,16,15,14,8,11,9,7,0",29,0,0,63,6,80,2744,65536,,2221,"20,8",966,2924,"19,8,1773",5653,"4,32",2924,"19,8",1773,2,2384,35,1130263,6994,781963,3221266,65536,1024,0,0,764,",393216,589824,720896,786432,851968,983040,983040,983040,983040,1048576,983040,983040,983040,1048576,983040,983040,983040,983040,851968,786432,720896,655360,589824,589824,589824,589824,589824,589824,589824,589824,589824,589824,589824,589824,589824,589824,589824,589824,589824,589824,589824,655360,720896,851968,917504,983040,1048576,1048576,1048576,1114112,1048576,1048576,1114112,1048576,1048576,1048576,983040,917504,262144,720896,589824,458752,",754,0,0,0,0,0,0,0,19,"0,1,1,1,1,1,1,1,1,1,1,1,1,1,1,1,1,1,1,1,1,1,1,1,1,1,1,1,1,1,1,1,1,1,1,1,1,1,1,1,1,1,1,1,1,1,1,1,1,1,1,1,1,1,1,1,1,1,1,2,1,1,1,0",",110190,164733,193682,153364,173393,221212,237730,252968,265735,295977,278821,281982,287123,310462,284723,291185,294567,293442,252588,230064,215545,200131,177292,172114,175098,175934,174088,166312,171885,161874,170106,165357,161778,158759,161707,167023,159067,163603,168262,160834,158524,182289,202520,251440,268953,275721,300145,305682,297206,330619,307696,306563,335104,313877,316673,314681,301686,276614,274765,208024,163442,130430,",5,1,4616,0,39,5,1059.5266666666666,4,3600,0,2976853,3686400,983040,,true,,,
12,A,basic,straight,,,0.10.0,30389461,2048,65536,2,512,1,0,16,0,"0,5,7,9,9,9,9,9,9,9,9,9,9,9,9,9,9,9,9,9,9,9,9,9,9,9,9,9,9,9,9,9,1,2,2,2,2,3,3,3,3,3,3,3,3,3,4,4,4,4,4,4,4,4,4,4,4,4,4,0,0,0,0,0",170,58,0,63,6,44,-1,0,"4,32,3",14802,"1,31",3628,15803,"1,32,3600",18224,"4,32",17082,"2,32",3599,6,3597,84,92074778,289607,1702580,0,65536,1024,0,0,2374,",327680,458752,589824,589824,589824,589824,589824,589824,589824,589824,589824,589824,589824,589824,589824,589824,589824,589824,589824,589824,589824,589824,589824,589824,589824,589824,589824,589824,589824,589824,589824,65536,131072,131072,131072,131072,196608,196608,196608,196608,196608,196608,196608,196608,196608,262144,262144,262144,262144,262144,262144,262144,262144,262144,262144,262144,262144,262144,,,,,",488,0,0,0,0,0,0,0,55,"0,1,1,1,1,1,1,1,1,1,1,1,1,1,1,1,1,1,1,1,1,1,1,1,1,1,1,1,1,1,1,1,1,1,1,1,1,1,1,1,1,1,1,1,1,1,1,1,1,1,1,1,1,1,1,1,1,1,1,0,0,0,0,0",",89641,126617,161480,164273,161918,163832,161762,164273,161948,165234,162880,167032,164456,168942,165396,169560,165180,169667,165074,169956,165032,170371,165280,169872,165354,167779,166471,172356,167245,172046,171077,0,51391,57484,58573,62036,67192,67423,72293,73226,73184,79118,76714,78424,83470,81605,84773,83647,80372,85476,79031,79695,78993,76941,75366,77858,76096,73941,195397,165490,122299,91426,",5,1,17203,0,2,5,1152.026388888889,1,3600,3420954,1637122,3686400,589824,,true,,,
12,A,basic,distributed,,,0.10.0,03841a95,2048,65536,2,512,1,0,66,0,"0,6,9,11,12,13,15,15,16,17,19,20,21,22,23,22,22,22,22,20,19,18,17,16,16,16,16,16,16,16,16,16,6,16,16,16,16,16,16,16,16,16,17,18,20,21,22,23,23,23,24,22,21,20,18,17,16,15,14,8,11,9,7,0",23,58,0,63,6,83,2637,0,"4,32,3",1532,"30,29",529,2092,"30,29,2165",4132,"4,32",2315,"31,30",1249,1,2346,34,15383,1720,1259013,2101910,65536,1024,0,0,633,",393216,589824,720896,786432,851968,983040,983040,1048576,1114112,1245184,1310720,1376256,1441792,753664,720896,720896,720896,720896,655360,622592,589824,557056,524288,524288,524288,524288,524288,524288,524288,524288,524288,196608,524288,524288,524288,524288,524288,524288,524288,524288,524288,557056,589824,655360,688128,720896,753664,753664,753664,1572864,1441792,1376256,1310720,1179648,1114112,1048576,983040,917504,262144,720896,589824,458752,",1044,0,0,0,0,0,0,0,16,"0,1,1,1,1,1,1,1,1,1,1,1,1,1,2,2,2,2,2,2,2,2,2,2,2,2,2,2,2,2,2,2,2,2,2,2,2,2,2,2,2,2,2,2,2,2,2,2,2,2,1,1,1,1,1,1,1,1,1,2,1,1,1,0",",114262,158775,181744,161644,188251,234444,251268,275927,301969,341831,365401,388102,411174,455543,489980,521604,547024,585921,602528,637541,650012,678348,689959,687994,683759,683417,668801,684108,666730,668445,641462,647012,661442,661528,660093,667138,665105,670615,671068,675509,671953,668896,652345,609214,587087,564992,537380,509288,494495,468928,435067,413348,388624,349537,326013,307356,274281,260186,282263,201905,168981,127584,",5,1,3098,0,29,5,1023.1394444444444,4,3600,776737,3084147,3686400,983040,,false,,,
12,A,basic,detour,,,0.10.0,2a702c33,2048,65536,2,512,1,0,67,0,"0,6,9,11,12,13,15,15,15,15,16,15,15,15,16,15,15,15,15,13,12,11,10,9,9,9,9,9,9,9,9,9,5,9,9,9,9,9,9,9,9,9,10,11,13,14,15,16,16,16,17,16,16,17,16,16,16,15,14,8,11,9,7,0",24,58,0,63,6,81,2711,0,"4,32,3",2000,"20,8",893,2368,"19,8,2587",4180,"4,32",2413,"20,9",3501,1,1718,33,48726,1737,0,3351339,65536,1024,0,0,726,",393216,589824,720896,786432,851968,983040,983040,983040,983040,1048576,983040,983040,983040,1048576,983040,983040,983040,983040,851968,786432,720896,655360,589824,589824,589824,589824,589824,589824,589824,589824,589824,327680,589824,589824,589824,589824,589824,589824,589824,589824,589824,655360,720896,851968,917504,983040,1048576,1048576,1048576,1114112,1048576,1048576,1114112,1048576,1048576,1048576,983040,917504,262144,720896,589824,458752,",750,0,0,0,0,0,0,0,18,"0,1,1,1,1,1,1,1,1,1,1,1,1,1,1,1,1,1,1,1,1,1,1,1,1,1,1,1,1,1,1,1,1,1,1,1,1,1,1,1,1,1,1,1,1,1,1,1,1,1,1,1,1,1,1,1,1,1,1,2,1,1,1,0",",108617,160073,197349,171879,203590,244424,260184,272231,280520,300367,287470,284082,283298,310547,289355,289144,286081,294710,252201,232519,213521,201004,180792,172568,176940,174722,178570,168685,168418,171204,176129,101550,167280,162158,164295,168972,159226,166336,164800,165985,164307,184109,209388,252185,272073,281451,306995,303910,303683,320103,307973,303391,329552,306653,311789,306259,291098,269285,278417,201906,165558,130525,",5,1,3133,0,39,5,1023.1297222222222,4,3600,1808336,3012787,3686400,983040,,true,,,
13,A,basic,straight,,,0.10.0,b2a16eea,2048,65536,2,512,3,0,83,0,"0,5,7,9,9,9,9,9,9,9,9,9,9,9,9,9,9,9,9,9,9,9,9,9,9,9,9,9,9,9,9,9,3,9,9,9,9,9,9,9,9,9,9,9,9,9,9,9,9,9,9,9,9,9,9,9,9,9,9,4,9,7,5,0",18,56,0,63,37,91,2339,0,"4,32,3",641,"43,28",251,838,"45,28,3297",5028,"4,32",1854,"6,32",165,1,12,17,96562,2021,3544512,0,65536,1024,0,0,298,",327680,458752,589824,589824,589824,589824,589824,589824,589824,589824,589824,589824,589824,589824,589824,589824,589824,589824,589824,589824,589824,589824,589824,589824,589824,589824,589824,589824,589824,589824,589824,196608,589824,589824,589824,589824,589824,589824,589824,589824,589824,589824,589824,589824,589824,589824,589824,589824,589824,589824,589824,589824,589824,589824,589824,589824,589824,589824,131072,589824,458752,327680,",535,0,0,0,0,0,0,0,8,"0,1,1,1,1,1,1,1,1,1,1,1,1,1,1,1,1,1,1,1,1,1,1,1,1,1,1,1,1,1,1,1,1,1,1,1,1,1,1,1,1,1,1,1,1,1,1,1,1,1,1,1,1,1,1,1,1,1,1,2,1,1,1,0",",88580,118215,127980,85580,95498,93929,95162,98376,96686,99740,98146,101355,99128,99191,104985,101879,105155,106845,102110,105613,106305,106491,105312,107434,105480,107695,106222,107118,108869,108589,105375,53481,119939,126150,129079,130020,133140,139776,133989,141756,142323,143279,143621,144846,140238,150842,143166,148270,146891,142341,144873,140914,135034,131667,131777,127120,126791,119274,234310,172310,127636,87689,",5,1,3192,0,2,5,1023.1133333333333,4,3600,1794650,3388344,3686400,589824,,false,,,
13,A,basic,distributed,,,0.10.0,9b48b4e7,2048,65536,2,512,3,0,70,0,"0,6,9,11,12,13,15,15,16,17,19,20,21,22,23,22,22,22,22,20,19,18,17,16,16,16,16,16,16,16,16,16,8,16,16,16,16,16,16,16,16,16,17,18,20,21,22,23,23,23,24,22,21,20,18,17,16,15,14,8,11,9,7,0",15,56,0,63,6,85,2584,0,"4,32,3",1170,"19,8",462,1578,"19,8,1295",4126,"4,32",1578,"19,8",1295,1,420,30,12351,1718,1380817,2040730,65536,1024,0,0,569,",393216,589824,720896,786432,851968,983040,983040,1048576,1114112,1245184,1310720,1376256,1441792,753664,720896,720896,720896,720896,655360,622592,589824,557056,524288,524288,524288,524288,524288,524288,524288,524288,524288,262144,524288,524288,524288,524288,524288,524288,524288,524288,524288,557056,589824,655360,688128,720896,753664,753664,753664,1572864,1441792,1376256,1310720,1179648,1114112,1048576,983040,917504,262144,720896,589824,458752,",1046,0,0,0,0,0,0,0,14,"0,1,1,1,1,1,1,1,1,1,1,1,1,1,2,2,2,2,2,2,2,2,2,2,2,2,2,2,2,2,2,2,2,2,2,2,2,2,2,2,2,2,2,2,2,2,2,2,2,2,1,1,1,1,1,1,1,1,1,2,1,1,1,0",",105542,159974,174886,155418,184375,226017,241561,265967,282987,327206,347906,368907,387315,434615,464284,481249,509679,532716,554143,572395,599843,621827,641753,638050,640864,640872,635175,640190,637576,635576,636422,651376,684684,688398,685642,691007,685028,689669,686472,691277,684518,682361,666326,620661,596646,582633,541871,518440,490485,467827,420656,408936,386585,345857,330568,308269,275707,265242,276486,206565,162032,132345,",5,1,3094,0,39,5,1023.1405555555556,4,3600,241067,3136680,3686400,983040,,true,,,
13,A,basic,detour,,,0.10.0,2a702c33,2048,65536,2,512,3,0,67,0,"0,6,9,11,12,13,15,15,15,15,16,15,15,15,16,15,15,15,15,13,12,11,10,9,9,9,9,9,9,9,9,9,5,9,9,9,9,9,9,9,9,9,10,11,13,14,15,16,16,16,17,16,16,17,16,16,16,15,14,8,11,9,7,0",24,56,0,63,6,81,2711,0,"4,32,3",2000,"20,8",893,2368,"19,8,2587",4180,"4,32",2413,"20,9",3501,1,1718,33,48726,1737,0,3351339,65536,1024,0,0,726,",393216,589824,720896,786432,851968,983040,983040,983040,983040,1048576,983040,983040,983040,1048576,983040,983040,983040,983040,851968,786432,720896,655360,589824,589824,589824,589824,589824,589824,589824,589824,589824,327680,589824,589824,589824,589824,589824,589824,589824,589824,589824,655360,720896,851968,917504,983040,1048576,1048576,1048576,1114112,1048576,1048576,1114112,1048576,1048576,1048576,983040,917504,262144,720896,589824,458752,",750,0,0,0,0,0,0,0,18,"0,1,1,1,1,1,1,1,1,1,1,1,1,1,1,1,1,1,1,1,1,1,1,1,1,1,1,1,1,1,1,1,1,1,1,1,1,1,1,1,1,1,1,1,1,1,1,1,1,1,1,1,1,1,1,1,1,1,1,2,1,1,1,0",",108617,160073,197349,171879,203590,244424,260184,272231,280520,300367,287470,284082,283298,310547,289355,289144,286081,294710,252201,232519,213521,201004,180792,172568,176940,174722,178570,168685,168418,171204,176129,101550,167280,162158,164295,168972,159226,166336,164800,165985,164307,184109,209388,252185,272073,281451,306995,303910,303683,320103,307973,303391,329552,306653,311789,306259,291098,269285,278417,201906,165558,130525,",5,1,3133,0,39,5,1023.1297222222222,4,3600,1808336,3012787,3686400,983040,,true,,,
14,A,basic,straight,,,0.10.0,2eecc168,2048,65536,2,512,9,0,80,0,"0,5,7,9,9,9,9,9,9,9,9,9,9,9,9,9,9,9,9,9,9,9,9,9,9,9,9,9,9,9,9,9,9,9,9,9,9,9,9,9,9,9,9,9,9,9,9,9,9,9,9,9,9,9,9,9,9,9,9,4,9,7,5,0",18,50,0,63,33,91,2353,0,"4,32,3",784,"44,28",299,928,"44,28,2667",5028,"4,32",1854,"6,32",165,1,12,20,96209,2017,3904340,0,65536,1024,0,0,312,",327680,458752,589824,589824,589824,589824,589824,589824,589824,589824,589824,589824,589824,589824,589824,589824,589824,589824,589824,589824,589824,589824,589824,589824,589824,589824,589824,589824,589824,589824,589824,589824,589824,589824,589824,589824,589824,589824,589824,589824,589824,589824,589824,589824,589824,589824,589824,589824,589824,589824,589824,589824,589824,589824,589824,589824,589824,589824,131072,589824,458752,327680,",541,0,0,0,0,0,0,0,8,"0,1,1,1,1,1,1,1,1,1,1,1,1,1,1,1,1,1,1,1,1,1,1,1,1,1,1,1,1,1,1,1,1,1,1,1,1,1,1,1,1,1,1,1,1,1,1,1,1,1,1,1,1,1,1,1,1,1,1,2,1,1,1,0",",88837,121464,133365,86291,98708,98388,100015,100774,100810,101184,104256,107029,104619,105790,110394,106550,106765,111696,109577,110920,120461,113077,118784,117107,118108,121248,119949,124272,121416,125892,130147,127254,132640,140804,138782,134688,145391,143966,140700,147277,144971,146505,145577,155760,145241,153144,144683,149276,148894,148602,142427,146669,137683,134008,138672,132689,126914,124357,236311,171688,127434,91594,",5,1,3206,0,2,5,1023.1094444444444,4,3600,1737256,3373965,3686400,589824,,false,,,
14,A,basic,distributed,,,0.10.0,aea5506b,2048,65536,2,512,9,0,69,0,"0,6,9,11,12,13,15,15,16,17,19,20,21,22,23,22,22,22,22,20,19,18,17,16,16,16,16,16,16,16,16,16,12,16,16,16,16,16,16,16,16,16,17,18,20,21,22,23,23,23,24,22,21,20,18,17,16,15,14,8,11,9,7,0",15,50,0,63,6,84,2596,0,"4,32,3",1366,"19,8",481,1570,"19,8,1448",4129,"4,32",1570,"19,8",1448,1,2032,31,13420,1718,1619150,2043229,65536,1024,0,0,580,",393216,589824,720896,786432,851968,983040,983040,1048576,1114112,1245184,1310720,1376256,1441792,753664,720896,720896,720896,720896,655360,622592,589824,557056,524288,524288,524288,524288,524288,524288,524288,524288,524288,393216,524288,524288,524288,524288,524288,524288,524288,524288,524288,557056,589824,655360,688128,720896,753664,753664,753664,1572864,1441792,1376256,1310720,1179648,1114112,1048576,983040,917504,262144,720896,589824,458752,",1050,0,0,0,0,0,0,0,15,"0,1,1,1,1,1,1,1,1,1,1,1,1,1,2,2,2,2,2,2,2,2,2,2,2,2,2,2,2,2,2,2,2,2,2,2,2,2,2,2,2,2,2,2,2,2,2,2,2,2,1,1,1,1,1,1,1,1,1,2,1,1,1,0",",108968,155744,177944,159325,181477,232605,246218,268552,292726,336080,354727,379476,399046,445007,476732,497302,521790,546662,573948,595704,611398,656610,662866,669149,666952,670737,666043,664439,669209,664796,668762,664491,688794,683853,687213,686471,682587,688298,690473,688126,681363,684773,667202,623740,594318,580825,546990,516400,492728,473645,424868,412119,391801,342525,333327,305384,274288,257806,284269,207236,162806,129152,",5,1,3094,0,39,5,1023.1405555555556,4,3600,241719,3125227,3686400,983040,,true,,,
14,A,basic,detour,,,0.10.0,2a702c33,2048,65536,2,512,9,0,67,0,"0,6,9,11,12,13,15,15,15,15,16,15,15,15,16,15,15,15,15,13,12,11,10,9,9,9,9,9,9,9,9,9,5,9,9,9,9,9,9,9,9,9,10,11,13,14,15,16,16,16,17,16,16,17,16,16,16,15,14,8,11,9,7,0",24,50,0,63,6,81,2711,0,"4,32,3",2000,"20,8",893,2368,"19,8,2587",4180,"4,32",2413,"20,9",3501,1,1718,33,48726,1737,0,3351339,65536,1024,0,0,726,",393216,589824,720896,786432,851968,983040,983040,983040,983040,1048576,983040,983040,983040,1048576,983040,983040,983040,983040,851968,786432,720896,655360,589824,589824,589824,589824,589824,589824,589824,589824,589824,327680,589824,589824,589824,589824,589824,589824,589824,589824,589824,655360,720896,851968,917504,983040,1048576,1048576,1048576,1114112,1048576,1048576,1114112,1048576,1048576,1048576,983040,917504,262144,720896,589824,458752,",750,0,0,0,0,0,0,0,18,"0,1,1,1,1,1,1,1,1,1,1,1,1,1,1,1,1,1,1,1,1,1,1,1,1,1,1,1,1,1,1,1,1,1,1,1,1,1,1,1,1,1,1,1,1,1,1,1,1,1,1,1,1,1,1,1,1,1,1,2,1,1,1,0",",108617,160073,197349,171879,203590,244424,260184,272231,280520,300367,287470,284082,283298,310547,289355,289144,286081,294710,252201,232519,213521,201004,180792,172568,176940,174722,178570,168685,168418,171204,176129,101550,167280,162158,164295,168972,159226,166336,164800,165985,164307,184109,209388,252185,272073,281451,306995,303910,303683,320103,307973,303391,329552,306653,311789,306259,291098,269285,278417,201906,165558,130525,",5,1,3133,0,39,5,1023.1297222222222,4,3600,1808336,3012787,3686400,983040,,true,,,
15,A,basic,straight,,,0.10.0,2eecc168,2048,65536,2,512,63,0,80,0,"0,5,7,9,9,9,9,9,9,9,9,9,9,9,9,9,9,9,9,9,9,9,9,9,9,9,9,9,9,9,9,9,9,9,9,9,9,9,9,9,9,9,9,9,9,9,9,9,9,9,9,9,9,9,9,9,9,9,9,4,9,7,5,0",18,0,0,63,33,91,2353,0,"4,32,3",784,"44,28",299,928,"44,28,2667",5028,"4,32",1854,"6,32",165,1,12,20,96209,2017,3904340,0,65536,1024,0,0,312,",327680,458752,589824,589824,589824,589824,589824,589824,589824,589824,589824,589824,589824,589824,589824,589824,589824,589824,589824,589824,589824,589824,589824,589824,589824,589824,589824,589824,589824,589824,589824,589824,589824,589824,589824,589824,589824,589824,589824,589824,589824,589824,589824,589824,589824,589824,589824,589824,589824,589824,589824,589824,589824,589824,589824,589824,589824,589824,131072,589824,458752,327680,",541,0,0,0,0,0,0,0,8,"0,1,1,1,1,1,1,1,1,1,1,1,1,1,1,1,1,1,1,1,1,1,1,1,1,1,1,1,1,1,1,1,1,1,1,1,1,1,1,1,1,1,1,1,1,1,1,1,1,1,1,1,1,1,1,1,1,1,1,2,1,1,1,0",",88837,121464,133365,86291,98708,98388,100015,100774,100810,101184,104256,107029,104619,105790,110394,106550,106765,111696,109577,110920,120461,113077,118784,117107,118108,121248,119949,124272,121416,125892,130147,127254,132640,140804,138782,134688,145391,143966,140700,147277,144971,146505,145577,155760,145241,153144,144683,149276,148894,148602,142427,146669,137683,134008,138672,132689,126914,124357,236311,171688,127434,91594,",5,1,3206,0,2,5,1023.1094444444444,4,3600,1737256,3373965,3686400,589824,,false,,,
15,A,basic,distributed,,,0.10.0,44a2fdc2,2048,65536,2,512,63,0,68,0,"0,6,9,11,12,13,15,15,16,17,19,20,21,22,23,22,22,22,22,20,19,18,17,16,16,16,16,16,16,16,16,16,16,16,16,16,16,16,16,16,16,16,17,18,20,21,22,23,23,23,24,22,21,20,18,17,16,15,14,8,11,9,7,0",15,0,0,63,6,84,2598,0,"4,32,3",1107,"18,8",484,1546,"19,8,1531",4129,"4,32",1546,"19,8",1531,1,1256,32,13704,1718,2038740,1981286,65536,1024,0,0,581,",393216,589824,720896,786432,851968,983040,983040,1048576,1114112,1245184,1310720,1376256,1441792,753664,720896,720896,720896,720896,655360,622592,589824,557056,524288,524288,524288,524288,524288,524288,524288,524288,524288,524288,524288,524288,524288,524288,524288,524288,524288,524288,524288,557056,589824,655360,688128,720896,753664,753664,753664,1572864,1441792,1376256,1310720,1179648,1114112,1048576,983040,917504,262144,720896,589824,458752,",1054,0,0,0,0,0,0,0,15,"0,1,1,1,1,1,1,1,1,1,1,1,1,1,2,2,2,2,2,2,2,2,2,2,2,2,2,2,2,2,2,2,2,2,2,2,2,2,2,2,2,2,2,2,2,2,2,2,2,2,1,1,1,1,1,1,1,1,1,2,1,1,1,0",",107847,156682,177254,159637,183465,230168,250192,266415,293096,327893,358953,379438,401104,445094,471859,499934,520345,551414,578694,591358,620403,647234,665857,666832,665690,670159,672378,672130,670209,676685,677017,670651,681146,674443,678757,671697,685900,682502,683382,690367,689191,683805,670586,628087,596884,585987,552490,516425,497600,470185,428398,411407,394114,340211,332298,307815,279571,254456,284935,199985,162380,129177,",5,1,3095,0,39,5,1023.1402777777778,4,3600,238240,3123136,3686400,983040,,true,,,
15,A,basic,detour,,,0.10.0,e62412b2,2048,65536,2,512,63,0,66,0,"0,6,9,11,12,13,15,15,15,15,16,15,15,15,16,15,15,15,15,13,12,11,10,9,9,9,9,9,9,9,9,9,9,9,9,9,9,9,9,9,9,9,10,11,13,14,15,16,16,16,17,16,16,17,16,16,16,15,14,8,11,9,7,0",24,0,0,63,6,81,2706,0,"4,32,3",1944,"19,8",885,2416,"19,8,957",4180,"4,32",2416,"19,8",957,1,1234,34,47538,1737,709235,3250714,65536,1024,0,0,724,",393216,589824,720896,786432,851968,983040,983040,983040,983040,1048576,983040,983040,983040,1048576,983040,983040,983040,983040,851968,786432,720896,655360,589824,589824,589824,589824,589824,589824,589824,589824,589824,589824,589824,589824,589824,589824,589824,589824,589824,589824,589824,655360,720896,851968,917504,983040,1048576,1048576,1048576,1114112,1048576,1048576,1114112,1048576,1048576,1048576,983040,917504,262144,720896,589824,458752,",754,0,0,0,0,0,0,0,18,"0,1,1,1,1,1,1,1,1,1,1,1,1,1,1,1,1,1,1,1,1,1,1,1,1,1,1,1,1,1,1,1,1,1,1,1,1,1,1,1,1,1,1,1,1,1,1,1,1,1,1,1,1,1,1,1,1,1,1,2,1,1,1,0",",108544,166455,187225,171844,201418,247318,258802,274727,280582,300985,276146,289374,286028,312656,293319,285304,294307,292099,257453,229922,208616,197490,177340,174054,175265,167141,172369,166661,174997,165923,170791,170260,168156,166228,167815,168472,171596,162810,165600,163548,159089,184894,205348,249931,274328,277484,304923,303922,308295,326988,303617,309658,323674,302151,309928,309441,286813,270191,280523,210748,163771,132627,",5,1,3128,0,39,5,1023.1311111111111,4,3600,1767677,3013466,3686400,983040,,true,,,
16,A,basic,straight,,,0.10.0,e30e0a6c,2048,0,3,512,1,0,52,0,"0,0,0,4,7,11,11,11,11,11,11,11,11,11,11,11,11,11,11,11,11,11,11,11,11,11,11,11,11,11,11,11,1,1,1,1,1,1,1,1,1,1,1,1,1,1,1,1,1,1,1,1,1,1,1,1,1,1,1,0,0,0,0,0",457,58,0,63,6,46,-1,65536,,11485,"31,27",1705,12545,"31,27,3591",45779,"31,31",45779,"31,31",3600,17,3600,48,378999021,246129,1787850,0,65536,1024,0,0,2040,",,,131072,152917,720896,720896,720896,720896,720896,720896,720896,720896,720896,720896,720896,720896,720896,720896,720896,720896,720896,720896,720896,720896,720896,720896,720896,720896,720896,720896,720896,65536,65536,65536,65536,65536,65536,65536,65536,65536,65536,65536,65536,65536,65536,65536,65536,65536,65536,65536,65536,65536,65536,65536,65536,65536,65536,65536,,,,,",547,181114,0,181114,0,0,4,0,48,"0,0,0,2,3,1,1,1,1,1,1,1,1,1,1,1,1,1,1,1,1,1,1,1,1,1,1,1,1,1,1,1,1,1,1,1,1,1,1,1,1,1,1,1,1,1,1,1,1,1,1,1,1,1,1,1,1,1,1,0,0,0,0,0","94177,142182,190589,215853,97731,181815,181529,182434,195125,195028,199221,202267,205517,206043,216378,208512,214519,220549,214332,217282,219609,217801,220837,208902,191040,180777,170388,169133,165465,163228,159170,158705,0,29265,35049,39014,40905,43004,45288,47082,48384,50880,52373,53981,55788,57692,59143,60462,62109,59560,62653,60474,60366,58412,57812,57560,56493,56567,55492,51515,73469,45307,0,",5,1,18012,28,28,5,1272.1019444444444,4,3600,0,1729724,3686400,720896,,true,,,
16,A,basic,distributed,,,0.10.0,cf26fd63,2048,0,3,512,1,0,61,0,"5,8,10,13,14,16,17,17,18,20,21,22,23,25,26,27,26,26,26,25,23,22,21,20,20,20,20,20,20,20,20,20,6,20,20,20,20,20,20,20,20,20,21,23,24,25,27,27,27,27,26,25,23,22,21,19,18,18,16,10,14,11,9,7",19,58,0,63,6,59,3448,65536,,1340,"21,7",435,1768,"19,7,2622",5080,"4,32",1980,"19,8",1923,1,3245,39,795675,3594,977877,2192054,65536,1024,0,0,908,"327680,524288,655360,851968,917504,1048576,1114112,1114112,1179648,1310720,1376256,1441792,1507328,1638400,1703936,1769472,851968,851968,851968,819200,753664,720896,688128,655360,655360,655360,655360,655360,655360,655360,655360,655360,196608,655360,655360,655360,655360,655360,655360,655360,655360,655360,688128,753664,786432,819200,884736,884736,884736,1769472,1703936,1638400,1507328,1441792,1376256,1245184,1179648,1179648,1048576,327680,917504,720896,589824,458752",1260,843818,0,164278,679540,0,22,0,17,"1,1,1,1,1,1,1,1,1,1,1,1,1,1,1,1,2,2,2,2,2,2,2,2,2,2,2,2,2,2,2,2,2,2,2,2,2,2,2,2,2,2,2,2,2,2,2,2,2,1,1,1,1,1,1,1,1,1,1,2,1,1,1,1","101756,134233,156369,183335,165178,208593,232386,241499,265039,304622,324030,350683,370696,420362,439017,470205,489454,514923,548717,561734,581506,614247,637232,662003,654131,660163,668790,663262,680111,670921,673819,673735,618670,602533,602330,606654,606212,621063,612031,613168,623152,626294,624578,600010,581492,569258,547064,532331,508587,494131,471769,457957,421716,398800,381583,345288,327949,320542,275704,278688,269659,211286,177025,131049",5,1,4055,0,39,5,1041.6766666666667,4,3600,0,2209798,3686400,1114112,,false,,,
16,A,basic,detour,,,0.10.0,fd46bf9b,2048,0,3,512,1,0,58,0,"6,9,11,13,14,16,17,17,17,18,18,18,17,18,18,18,17,17,17,16,14,13,12,11,11,11,11,11,11,11,11,11,5,11,11,11,11,11,11,11,11,11,12,14,15,16,18,18,18,19,19,19,19,19,19,18,18,18,16,10,14,11,9,7",28,58,0,63,6,45,-1,65536,,1792,"22,7",737,2665,"19,7,1715",4716,"4,32",2879,"19,8",1855,1,1312,42,444163,3592,0,3040787,65536,1024,0,0,1342,"393216,589824,720896,851968,917504,1048576,1114112,1114112,1114112,1179648,1179648,1179648,1114112,1179648,1179648,1179648,1114112,1114112,1114112,1048576,917504,851968,786432,720896,720896,720896,720896,720896,720896,720896,720896,720896,327680,720896,720896,720896,720896,720896,720896,720896,720896,720896,786432,917504,983040,1048576,1179648,1179648,1179648,1245184,1245184,1245184,1245184,1245184,1245184,1179648,1179648,1179648,1048576,327680,917504,720896,589824,458752",900,1295995,0,276550,1019445,0,35,0,19,"1,1,1,1,1,1,1,1,1,1,1,1,1,1,1,1,1,1,1,1,1,1,1,1,1,1,1,1,1,1,1,1,1,1,1,1,1,1,1,1,1,1,1,1,1,1,1,1,1,1,1,1,1,1,1,1,1,1,1,2,1,1,1,1","112721,156377,193002,236836,182827,225344,241407,270376,280166,309804,324957,331440,311652,335424,350077,346123,334155,334536,331605,313440,262963,250200,248381,214455,213695,208471,212691,205217,220120,206633,206913,208746,104761,194051,195526,190232,201357,191370,188400,200058,194128,196962,214346,264084,284330,307563,331813,341328,330638,362653,355175,350972,359973,366371,358155,340522,343537,333016,296853,314852,274750,220733,183330,133293",5,1,3684,0,39,5,1048.9130555555555,4,3600,0,1679297,3686400,1114112,,true,,,
17,A,basic,straight,,,0.10.0,fc479af9,2048,0,3,512,3,0,91,0,"0,0,0,1,3,3,3,3,3,3,3,5,5,5,5,5,5,5,5,5,5,5,5,5,5,5,5,5,5,5,5,5,3,11,11,11,11,11,11,11,11,11,11,11,11,11,11,11,11,11,11,11,11,11,11,11,11,11,11,6,11,9,7,1",20,56,0,33,36,90,2352,65536,,293,"46,27",67,356,"47,27,2734",18989,"4,32",2072,"27,32",253,7,164,9,12386763,3598,3552689,0,65536,1024,0,0,279,",,,65536,196608,196608,196608,196608,196608,196608,196608,327680,327680,327680,327680,327680,327680,327680,327680,327680,327680,327680,327680,327680,327680,327680,327680,327680,327680,327680,327680,327680,196608,720896,720896,720896,720896,720896,720896,720896,720896,720896,720896,720896,720896,720896,720896,720896,720896,720896,720896,720896,720896,720896,720896,720896,720896,720896,720896,196608,720896,589824,458752,65536",471,66509,0,0,66509,0,1,0,7,"0,0,0,1,1,1,1,1,1,1,1,1,1,1,1,1,1,1,1,1,1,1,1,1,1,1,1,1,1,1,1,1,1,1,1,1,1,1,1,1,1,1,1,1,1,1,1,1,1,1,1,1,1,1,1,1,1,1,1,2,1,1,1,1",",,0,8091,21335,47007,47130,47447,47796,47918,48229,48572,48693,48998,49336,49456,49755,50088,50207,50500,50829,50947,51235,51559,52425,52049,51599,51148,50971,50907,51075,51573,48140,120539,120759,122899,132331,126183,129403,130520,138753,133084,133772,142493,138523,137718,143829,137672,139360,137337,137571,127010,134700,126478,124650,121962,116377,115311,108302,272206,231574,175509,142489,95085",5,1,17964,0,23,5,1271.1730555555555,4,3600,0,3347512,3686400,196608,,false,,,
17,A,basic,distributed,,,0.10.0,bf4a3da3,2048,0,3,512,3,0,62,0,"5,9,9,9,10,12,13,14,15,17,18,19,20,22,23,24,23,23,23,22,20,19,18,17,17,17,17,17,17,17,17,17,8,20,20,20,20,20,20,20,20,20,21,23,24,25,27,27,27,27,26,25,23,22,21,19,18,18,16,10,14,11,9,7",19,56,0,49,6,61,3384,65536,,1230,"25,7",396,1716,"19,7,2264",5068,"4,32",1964,"19,8",2402,1,266,38,795098,3594,1087818,2128633,65536,1024,0,0,853,"327680,589824,589824,589824,655360,786432,851968,917504,983040,1114112,1179648,1245184,1310720,1441792,1507328,1572864,753664,753664,753664,720896,655360,622592,589824,557056,557056,557056,557056,557056,557056,557056,557056,557056,262144,655360,655360,655360,655360,655360,655360,655360,655360,655360,688128,753664,786432,819200,884736,884736,884736,1769472,1703936,1638400,1507328,1441792,1376256,1245184,1179648,1179648,1048576,327680,917504,720896,589824,458752",1199,823306,0,160910,662396,0,22,0,16,"1,1,1,1,1,1,1,1,1,1,1,1,1,1,1,1,2,2,2,2,2,2,2,2,2,2,2,2,2,2,2,2,2,2,2,2,2,2,2,2,2,2,2,2,2,2,2,2,2,1,1,1,1,1,1,1,1,1,1,2,1,1,1,1","98136,131131,156078,165406,163255,205491,229353,242195,259611,294683,312798,339573,361886,400865,427520,451579,474208,494935,511644,516355,545380,560479,595637,598525,593997,593835,604178,592243,595127,596247,599478,601564,618073,632687,630831,630233,641599,628484,638918,641954,637399,647981,634824,610001,590463,571208,556244,531233,503487,489929,463636,443733,407661,387976,374399,339322,323369,314952,274043,282216,265255,206274,177731,131429",5,1,4044,0,39,5,1041.6675,4,3600,0,2258842,3686400,851968,,true,,,
17,A,basic,detour,,,0.10.0,fd46bf9b,2048,0,3,512,3,0,58,0,"6,9,11,13,14,16,17,17,17,18,18,18,17,18,18,18,17,17,17,16,14,13,12,11,11,11,11,11,11,11,11,11,5,11,11,11,11,11,11,11,11,11,12,14,15,16,18,18,18,19,19,19,19,19,19,18,18,18,16,10,14,11,9,7",28,56,0,63,6,45,-1,65536,,1792,"22,7",737,2665,"19,7,1715",4716,"4,32",2879,"19,8",1855,1,1312,42,444163,3592,0,3040787,65536,1024,0,0,1342,"393216,589824,720896,851968,917504,1048576,1114112,1114112,1114112,1179648,1179648,1179648,1114112,1179648,1179648,1179648,1114112,1114112,1114112,1048576,917504,851968,786432,720896,720896,720896,720896,720896,720896,720896,720896,720896,327680,720896,720896,720896,720896,720896,720896,720896,720896,720896,786432,917504,983040,1048576,1179648,1179648,1179648,1245184,1245184,1245184,1245184,1245184,1245184,1179648,1179648,1179648,1048576,327680,917504,720896,589824,458752",900,1295995,0,276550,1019445,0,35,0,19,"1,1,1,1,1,1,1,1,1,1,1,1,1,1,1,1,1,1,1,1,1,1,1,1,1,1,1,1,1,1,1,1,1,1,1,1,1,1,1,1,1,1,1,1,1,1,1,1,1,1,1,1,1,1,1,1,1,1,1,2,1,1,1,1","112721,156377,193002,236836,182827,225344,241407,270376,280166,309804,324957,331440,311652,335424,350077,346123,334155,334536,331605,313440,262963,250200,248381,214455,213695,208471,212691,205217,220120,206633,206913,208746,104761,194051,195526,190232,201357,191370,188400,200058,194128,196962,214346,264084,284330,307563,331813,341328,330638,362653,355175,350972,359973,366371,358155,340522,343537,333016,296853,314852,274750,220733,183330,133293",5,1,3684,0,39,5,1048.9130555555555,4,3600,0,1679297,3686400,1114112,,true,,,
18,A,basic,straight,,,0.10.0,bdaf0483,2048,0,3,512,9,0,89,0,"0,0,0,1,3,4,6,8,10,11,11,11,11,11,11,11,11,11,11,11,11,11,11,11,11,11,11,11,11,11,11,11,9,11,11,11,11,11,11,11,11,11,11,11,11,11,11,11,11,11,11,11,11,11,11,11,11,11,11,6,11,9,7,4",20,50,0,63,35,90,2365,65536,,287,"43,27",91,419,"42,27,2840",18989,"4,32",2076,"27,32",926,7,164,11,12386759,3598,3673252,0,65536,1024,0,0,290,",,,65536,196608,131072,393216,131072,327680,720896,720896,720896,720896,720896,720896,720896,720896,720896,720896,720896,720896,720896,720896,720896,720896,720896,720896,720896,720896,720896,720896,720896,589824,720896,720896,720896,720896,720896,720896,720896,720896,720896,720896,720896,720896,720896,720896,720896,720896,720896,720896,720896,720896,720896,720896,720896,720896,720896,720896,196608,720896,589824,458752,131072",673,68287,0,1162,67125,0,1,0,7,"0,0,0,1,1,2,1,4,2,1,1,1,1,1,1,1,1,1,1,1,1,1,1,1,1,1,1,1,1,1,1,1,1,1,1,1,1,1,1,1,1,1,1,1,1,1,1,1,1,1,1,1,1,1,1,1,1,1,1,2,1,1,1,2","99556,143971,185700,75565,28243,64361,64428,67339,67763,71441,71989,75716,74522,79629,77324,81050,82098,84360,86073,85602,87404,90381,92146,93707,95394,94067,98741,100077,103052,100910,108342,106790,90901,119173,119702,131164,122106,132268,131446,131746,137637,140244,135154,143795,138653,143701,138569,142204,138297,136723,134802,135854,126878,131174,125213,116871,120141,111990,109147,268408,233780,177660,139058,93941",5,1,17964,0,23,5,1271.1730555555555,4,3600,0,3333929,3686400,393216,,false,,,
18,A,basic,distributed,,,0.10.0,039e83a4,2048,0,3,512,9,0,62,0,"5,9,9,10,10,12,13,14,16,17,20,21,23,23,26,26,25,26,26,25,23,22,21,20,20,20,20,20,20,20,20,20,14,20,20,20,20,20,20,20,20,20,21,23,24,25,27,27,27,27,26,25,23,22,21,19,18,18,16,10,14,11,9,7",19,50,0,49,6,61,3386,65536,,1280,"22,7",400,1793,"19,7,3342",5068,"4,32",1957,"5,31",2486,1,250,38,795117,3594,1325154,2122322,65536,1024,0,0,856,"327680,589824,589824,327680,655360,786432,851968,917504,524288,1114112,655360,1376256,1507328,753664,1703936,851968,546133,851968,851968,819200,753664,720896,688128,655360,655360,655360,655360,655360,655360,655360,655360,655360,458752,655360,655360,655360,655360,655360,655360,655360,655360,655360,688128,753664,786432,819200,884736,884736,884736,1769472,1703936,1638400,1507328,1441792,1376256,1245184,1179648,1179648,1048576,327680,917504,720896,589824,458752",1268,821581,0,161413,660168,0,22,0,16,"1,1,1,2,1,1,1,1,2,1,2,1,1,2,1,2,3,2,2,2,2,2,2,2,2,2,2,2,2,2,2,2,2,2,2,2,2,2,2,2,2,2,2,2,2,2,2,2,2,1,1,1,1,1,1,1,1,1,1,2,1,1,1,1","102510,134717,150415,170563,161301,206220,222636,247259,255116,298582,316339,343508,364256,412187,431207,458435,477422,495247,531323,523897,549657,569801,593660,612913,599639,611484,604657,610985,606356,609931,603532,615514,622648,632946,629812,638283,626069,639173,627459,640472,630680,640525,630666,606241,586674,569249,548178,528463,499909,488128,466980,445512,407511,395161,376225,339387,319138,316394,269363,282189,268533,210221,174758,131537",5,1,4044,0,2,5,1041.67,4,3600,0,2258294,3686400,851968,,true,,,
18,A,basic,detour,,,0.10.0,fd46bf9b,2048,0,3,512,9,0,58,0,"6,9,11,13,14,16,17,17,17,18,18,18,17,18,18,18,17,17,17,16,14,13,12,11,11,11,11,11,11,11,11,11,5,11,11,11,11,11,11,11,11,11,12,14,15,16,18,18,18,19,19,19,19,19,19,18,18,18,16,10,14,11,9,7",28,50,0,63,6,45,-1,65536,,1792,"22,7",737,2665,"19,7,1715",4716,"4,32",2879,"19,8",1855,1,1312,42,444163,3592,0,3040787,65536,1024,0,0,1342,"393216,589824,720896,851968,917504,1048576,1114112,1114112,1114112,1179648,1179648,1179648,1114112,1179648,1179648,1179648,1114112,1114112,1114112,1048576,917504,851968,786432,720896,720896,720896,720896,720896,720896,720896,720896,720896,327680,720896,720896,720896,720896,720896,720896,720896,720896,720896,786432,917504,983040,1048576,1179648,1179648,1179648,1245184,1245184,1245184,1245184,1245184,1245184,1179648,1179648,1179648,1048576,327680,917504,720896,589824,458752",900,1295995,0,276550,1019445,0,35,0,19,"1,1,1,1,1,1,1,1,1,1,1,1,1,1,1,1,1,1,1,1,1,1,1,1,1,1,1,1,1,1,1,1,1,1,1,1,1,1,1,1,1,1,1,1,1,1,1,1,1,1,1,1,1,1,1,1,1,1,1,2,1,1,1,1","112721,156377,193002,236836,182827,225344,241407,270376,280166,309804,324957,331440,311652,335424,350077,346123,334155,334536,331605,313440,262963,250200,248381,214455,213695,208471,212691,205217,220120,206633,206913,208746,104761,194051,195526,190232,201357,191370,188400,200058,194128,196962,214346,264084,284330,307563,331813,341328,330638,362653,355175,350972,359973,366371,358155,340522,343537,333016,296853,314852,274750,220733,183330,133293",5,1,3684,0,39,5,1048.9130555555555,4,3600,0,1679297,3686400,1114112,,true,,,
19,A,basic,straight,,,0.10.0,2935460a,2048,0,3,512,63,0,89,0,"0,0,0,1,3,4,5,11,9,11,11,11,11,11,11,11,11,11,11,11,11,11,11,11,11,11,11,11,11,11,11,11,11,11,11,11,11,11,11,11,11,11,11,11,11,11,11,11,11,11,11,11,11,11,11,11,11,11,11,6,11,9,7,4",20,0,0,7,38,90,2364,65536,,348,"44,27",90,367,"46,27,3044",18989,"4,32",2080,"28,32",2135,7,164,11,12386759,3598,3709482,0,65536,1024,0,0,290,",,,65536,196608,131072,163840,720896,294912,720896,720896,720896,720896,720896,720896,720896,720896,720896,720896,720896,720896,720896,720896,720896,720896,720896,720896,720896,720896,720896,720896,720896,720896,720896,720896,720896,720896,720896,720896,720896,720896,720896,720896,720896,720896,720896,720896,720896,720896,720896,720896,720896,720896,720896,720896,720896,720896,720896,720896,196608,720896,589824,458752,131072",675,67616,0,1386,66230,0,1,0,7,"0,0,0,1,1,2,2,1,2,1,1,1,1,1,1,1,1,1,1,1,1,1,1,1,1,1,1,1,1,1,1,1,1,1,1,1,1,1,1,1,1,1,1,1,1,1,1,1,1,1,1,1,1,1,1,1,1,1,1,2,1,1,1,2","101706,142515,189279,72960,28642,63841,64868,67311,67436,70685,73508,73423,75415,76750,79244,81748,81181,84920,84329,85833,90175,91723,91290,96834,99407,95888,96444,102274,103557,104263,106201,111712,110182,119751,118353,126576,125377,126354,136404,133353,133569,137723,136836,136498,143960,139667,136996,141281,133888,139622,139543,133398,128223,125997,124623,116410,114228,115807,105244,266471,231615,176338,142152,93903",5,1,17964,0,24,5,1271.1730555555555,4,3600,0,3334666,3686400,163840,,false,,,
19,A,basic,distributed,,,0.10.0,abdc91ad,2048,0,3,512,63,0,61,0,"5,7,10,9,10,12,13,15,15,18,21,21,23,25,25,26,24,26,26,25,23,22,21,20,20,20,20,20,20,20,20,20,20,20,20,20,20,20,20,20,20,20,21,23,24,25,27,27,27,27,26,25,23,22,21,19,18,18,16,10,14,11,9,7",19,0,0,49,6,61,3384,65536,,1308,"19,7",404,1755,"19,7,3188",5068,"4,32",1957,"5,31",2376,1,250,39,795117,3594,1990105,2027659,65536,1024,0,0,856,"327680,458752,327680,589824,655360,786432,851968,491520,983040,1179648,1376256,688128,1507328,1638400,819200,851968,786432,851968,851968,819200,753664,720896,688128,655360,655360,655360,655360,655360,655360,655360,655360,655360,655360,655360,655360,655360,655360,655360,655360,655360,655360,655360,688128,753664,786432,819200,884736,884736,884736,1769472,1703936,1638400,1507328,1441792,1376256,1245184,1179648,1179648,1048576,327680,917504,720896,589824,458752",1274,819091,0,161740,657351,0,22,0,16,"1,1,2,1,1,1,1,2,1,1,1,2,1,1,2,2,2,2,2,2,2,2,2,2,2,2,2,2,2,2,2,2,2,2,2,2,2,2,2,2,2,2,2,2,2,2,2,2,2,1,1,1,1,1,1,1,1,1,1,2,1,1,1,1","100698,133328,159235,169384,161223,206614,226897,238955,261235,299541,316830,341596,366970,408952,432753,453279,477061,494746,523666,529848,547298,570917,599474,604746,611365,617841,614710,604986,624918,606894,619883,619144,621564,618545,627071,621655,620639,633025,623095,623017,637159,635966,618103,607804,587002,580568,550366,530213,503354,485238,465892,449394,411677,388421,373311,339962,322106,315534,276179,294090,260732,215725,168605,131197",5,1,4044,0,2,5,1041.67,4,3600,0,2259193,3686400,851968,,true,,,
19,A,basic,detour,,,0.10.0,40425aac,2048,0,3,512,63,0,58,0,"6,9,11,13,14,16,17,17,17,18,18,18,17,18,18,18,17,17,17,16,14,13,12,11,11,11,11,11,11,11,11,11,11,11,11,11,11,11,11,11,11,11,12,14,15,16,18,18,18,19,19,19,19,19,19,18,18,18,16,10,14,11,9,7",28,0,0,63,6,45,-1,65536,,1855,"26,7",743,2612,"19,7,3011",4716,"4,32",2859,"18,8",3127,1,792,42,444055,3592,1004252,2913550,65536,1024,0,0,1342,"393216,589824,720896,851968,917504,1048576,1114112,1114112,1114112,1179648,1179648,1179648,1114112,1179648,1179648,1179648,1114112,1114112,1114112,1048576,917504,851968,786432,720896,720896,720896,720896,720896,720896,720896,720896,720896,720896,720896,720896,720896,720896,720896,720896,720896,720896,720896,786432,917504,983040,1048576,1179648,1179648,1179648,1245184,1245184,1245184,1245184,1245184,1245184,1179648,1179648,1179648,1048576,327680,917504,720896,589824,458752",906,1292690,0,276595,1016095,0,35,0,19,"1,1,1,1,1,1,1,1,1,1,1,1,1,1,1,1,1,1,1,1,1,1,1,1,1,1,1,1,1,1,1,1,1,1,1,1,1,1,1,1,1,1,1,1,1,1,1,1,1,1,1,1,1,1,1,1,1,1,1,2,1,1,1,1","113284,161353,187460,239942,183451,227547,243367,265617,281386,314253,321822,332089,318413,335549,349352,345964,331339,331287,336410,309544,268922,256579,244541,211401,206335,212359,207679,212767,201640,207030,212430,200682,206837,202060,208298,199801,199701,199822,196644,200669,194282,202096,216204,265840,285945,308673,334093,341908,338103,355713,361981,358881,365354,358692,359185,340379,338931,336946,299101,302202,286305,217870,180414,133058",5,1,3689,0,38,5,1048.9105555555554,4,3600,0,1681511,3686400,1114112,,true,,,
20,A,basic,straight,,,0.10.0,5939cdbe,2048,65536,3,512,1,0,31,0,"5,7,9,11,11,11,11,11,11,11,11,11,11,11,11,11,11,11,11,11,11,11,11,11,11,11,11,11,11,11,11,11,1,6,7,7,7,7,7,7,7,7,7,7,7,7,7,7,8,8,8,8,8,8,7,7,7,7,5,0,0,0,0,0",40,58,0,63,6,43,-1,0,"4,32,3",3076,"12,37",948,3689,"21,37,2941",5172,"4,32",4081,"13,33",3591,1,3469,69,6755850,109489,1691038,0,65536,1024,0,0,1395,"327680,458752,589824,720896,720896,720896,720896,720896,720896,720896,720896,720896,720896,720896,720896,720896,720896,720896,720896,720896,720896,720896,720896,720896,720896,720896,720896,720896,720896,720896,720896,720896,65536,196608,458752,458752,458752,458752,458752,458752,458752,458752,458752,458752,458752,458752,458752,458752,524288,524288,524288,524288,524288,524288,458752,458752,229376,229376,327680,,,,,",580,1318881,0,1307079,11802,0,35,0,20,"1,1,1,1,1,1,1,1,1,1,1,1,1,1,1,1,1,1,1,1,1,1,1,1,1,1,1,1,1,1,1,1,1,2,1,1,1,1,1,1,1,1,1,1,1,1,1,1,1,1,1,1,1,1,1,1,2,2,1,0,0,0,0,0","91275,136223,184404,220048,185753,196593,202062,201050,205460,195971,206848,201526,211283,202618,208218,206431,204411,209516,211514,206193,205332,206016,202004,214911,203441,206595,199902,209974,207263,202969,202355,207036,0,67086,71690,77850,77939,76635,84736,83713,84052,89342,89479,93573,92893,91344,96758,90845,95341,93621,91567,94575,87466,89472,83905,81748,82008,82836,78245,53412,133098,136384,123748,90705",5,1,3400,0,10,5,1023.0555555555555,4,3600,3776248,1615244,3686400,720896,,true,,,
20,A,basic,distributed,,,0.10.0,1807560a,2048,65536,3,512,1,0,58,0,"6,9,11,13,14,16,17,17,18,20,21,22,23,25,26,27,26,26,26,25,23,22,21,20,20,20,20,20,20,20,20,20,6,20,20,20,20,20,20,20,20,20,21,23,24,25,27,27,27,27,26,25,23,22,21,19,18,18,16,10,14,11,9,7",20,58,0,63,6,58,3533,0,"4,32,3",1353,"30,28",435,1807,"30,28,3563",4114,"4,32",2061,"31,30",1892,1,1046,42,3756,1288,1086549,1924447,65536,1024,0,0,927,"393216,589824,720896,851968,917504,1048576,1114112,1114112,1179648,1310720,1376256,1441792,1507328,1638400,1703936,1769472,851968,851968,851968,819200,753664,720896,688128,655360,655360,655360,655360,655360,655360,655360,655360,655360,196608,655360,655360,655360,655360,655360,655360,655360,655360,655360,688128,753664,786432,819200,884736,884736,884736,1769472,1703936,1638400,1507328,1441792,1376256,1245184,1179648,1179648,1048576,327680,917504,720896,589824,458752",1260,915364,0,315500,599864,0,24,0,16,"1,1,1,1,1,1,1,1,1,1,1,1,1,1,1,1,2,2,2,2,2,2,2,2,2,2,2,2,2,2,2,2,2,2,2,2,2,2,2,2,2,2,2,2,2,2,2,2,2,1,1,1,1,1,1,1,1,1,1,2,1,1,1,1","109369,147412,186633,201719,180756,232675,253315,269068,306935,343082,369738,395539,412505,457408,482511,503130,543890,575438,607454,625966,640521,668865,686601,686864,705012,685628,696890,700421,676272,686491,674040,658117,642727,648538,654157,653921,659473,659918,659937,668810,668644,668404,666814,637810,610944,588299,576203,553828,530401,512072,489423,469812,434868,411476,393605,351693,335848,318600,283631,303704,282665,216496,184108,132506",5,1,3087,0,29,5,1023.1425,4,3600,660324,2146205,3686400,1114112,,false,,,
20,A,basic,detour,,,0.10.0,037717e9,2048,65536,3,512,1,0,58,0,"6,9,11,13,14,16,17,17,17,18,18,18,17,18,18,18,17,17,17,16,14,13,12,11,11,11,11,11,11,11,11,11,5,11,11,11,11,11,11,11,11,11,12,14,15,16,18,18,18,19,19,19,19,19,19,18,18,18,16,10,14,11,9,7",22,58,0,63,6,44,-1,0,"4,32,3",1646,"19,7",687,2054,"20,7,3331",4137,"4,32",2284,"19,8",2831,1,674,42,19587,1717,0,2865819,65536,1024,0,0,1279,"393216,589824,720896,851968,917504,1048576,1114112,1114112,1114112,1179648,1179648,1179648,1114112,1179648,1179648,1179648,1114112,1114112,1114112,1048576,917504,851968,786432,720896,720896,720896,720896,720896,720896,720896,720896,720896,327680,720896,720896,720896,720896,720896,720896,720896,720896,720896,786432,917504,983040,1048576,1179648,1179648,1179648,1245184,1245184,1245184,1245184,1245184,1245184,1179648,1179648,1179648,1048576,327680,917504,720896,589824,458752",900,1379509,0,476597,902912,0,37,0,17,"1,1,1,1,1,1,1,1,1,1,1,1,1,1,1,1,1,1,1,1,1,1,1,1,1,1,1,1,1,1,1,1,1,1,1,1,1,1,1,1,1,1,1,1,1,1,1,1,1,1,1,1,1,1,1,1,1,1,1,2,1,1,1,1","112267,164440,198343,224628,193351,241902,271636,286239,300789,336132,337383,340287,323673,344087,355009,345384,325538,329111,336447,318666,266605,255236,240101,217719,209998,216743,208135,207788,214824,210153,216965,206131,103365,206031,202778,201655,206171,203371,199869,200281,207146,198801,223237,269513,288100,308636,339796,346059,339621,360332,361436,363411,362013,362827,358305,340149,338334,335107,304731,301312,282708,225706,178212,133416",5,1,3100,0,39,5,1023.1388888888889,4,3600,1160590,1648031,3686400,1114112,,true,,,
21,A,basic,straight,,,0.10.0,6ae9aca3,2048,65536,3,512,3,0,81,0,"5,7,9,11,11,11,11,11,11,11,11,11,11,11,11,11,11,11,11,11,11,11,11,11,11,11,11,11,11,11,11,11,3,11,11,11,11,11,11,11,11,11,11,11,11,11,11,11,11,11,11,11,11,11,11,11,11,11,11,6,11,9,7,5",18,56,0,63,33,84,2520,0,"4,32,3",542,"43,27",163,691,"43,27,1949",5028,"4,32",1855,"6,32",2473,1,12,19,97357,2005,3397294,0,65536,1024,0,0,313,"327680,458752,589824,720896,720896,720896,720896,720896,720896,720896,720896,720896,720896,720896,720896,720896,720896,720896,720896,720896,720896,720896,720896,720896,720896,720896,720896,720896,720896,720896,720896,720896,196608,720896,720896,720896,720896,720896,720896,720896,720896,720896,720896,720896,720896,720896,720896,720896,720896,720896,720896,720896,720896,720896,720896,720896,720896,720896,720896,196608,720896,589824,458752,327680",667,293039,0,158412,134627,0,7,0,7,"1,1,1,1,1,1,1,1,1,1,1,1,1,1,1,1,1,1,1,1,1,1,1,1,1,1,1,1,1,1,1,1,1,1,1,1,1,1,1,1,1,1,1,1,1,1,1,1,1,1,1,1,1,1,1,1,1,1,1,2,1,1,1,1","91462,121446,128058,128729,75499,87838,90135,90185,95928,95063,95119,98240,99553,98128,101951,103316,103667,104879,103261,107629,105401,107661,106999,111214,106958,109262,111424,110690,109150,113847,111734,108776,53117,148988,151427,163556,159988,161678,169486,166059,166504,166561,174003,178319,168574,172514,171410,172516,166798,176695,164688,166012,161871,157756,155184,152602,149686,143124,136282,266315,229023,178089,135244,96545",5,1,3211,0,2,5,1023.1080555555556,4,3600,1730278,3105873,3686400,720896,,false,,,
21,A,basic,distributed,,,0.10.0,c17826f9,2048,65536,3,512,3,0,62,0,"6,9,11,13,14,15,17,17,18,20,21,22,23,25,26,27,25,23,23,22,20,19,18,17,17,17,17,17,17,17,17,17,8,20,20,20,20,20,20,20,20,20,21,23,24,25,27,27,27,27,26,25,23,22,21,19,18,18,16,10,14,11,9,7",15,56,0,63,6,60,3408,0,"4,32,3",1271,"19,7",372,1408,"19,7,3399",4108,"4,32",1559,"18,8",3174,1,57,38,0,0,1292849,1835193,65536,1024,0,0,799,"393216,589824,720896,851968,917504,491520,1114112,1114112,1179648,1310720,1376256,1441792,1507328,1638400,1703936,1769472,546133,753664,753664,720896,655360,622592,589824,557056,557056,557056,557056,557056,557056,557056,557056,557056,262144,655360,655360,655360,655360,655360,655360,655360,655360,655360,688128,753664,786432,819200,884736,884736,884736,1769472,1703936,1638400,1507328,1441792,1376256,1245184,1179648,1179648,1048576,327680,917504,720896,589824,458752",1235,889135,0,279560,609575,0,24,0,15,"1,1,1,1,1,2,1,1,1,1,1,1,1,1,1,1,3,2,2,2,2,2,2,2,2,2,2,2,2,2,2,2,2,2,2,2,2,2,2,2,2,2,2,2,2,2,2,2,2,1,1,1,1,1,1,1,1,1,1,2,1,1,1,1","100806,140233,161966,179585,170770,219229,240974,256747,278605,314321,342574,363828,381737,427360,448311,473138,489035,517715,537451,557916,567841,589678,611490,633448,618571,628845,622608,620908,620357,630986,619518,624564,651861,687881,685819,700269,682247,690718,693296,693829,691801,689339,691850,656203,624147,618522,589068,572265,537909,515488,496016,467791,433134,418225,395282,352573,324880,322527,284260,304828,284726,219124,179152,132472",5,1,3079,0,38,5,1023.1447222222222,4,3600,182540,2238538,3686400,1114112,,true,,,
21,A,basic,detour,,,0.10.0,037717e9,2048,65536,3,512,3,0,58,0,"6,9,11,13,14,16,17,17,17,18,18,18,17,18,18,18,17,17,17,16,14,13,12,11,11,11,11,11,11,11,11,11,5,11,11,11,11,11,11,11,11,11,12,14,15,16,18,18,18,19,19,19,19,19,19,18,18,18,16,10,14,11,9,7",22,56,0,63,6,44,-1,0,"4,32,3",1646,"19,7",687,2054,"20,7,3331",4137,"4,32",2284,"19,8",2831,1,674,42,19587,1717,0,2865819,65536,1024,0,0,1279,"393216,589824,720896,851968,917504,1048576,1114112,1114112,1114112,1179648,1179648,1179648,1114112,1179648,1179648,1179648,1114112,1114112,1114112,1048576,917504,851968,786432,720896,720896,720896,720896,720896,720896,720896,720896,720896,327680,720896,720896,720896,720896,720896,720896,720896,720896,720896,786432,917504,983040,1048576,1179648,1179648,1179648,1245184,1245184,1245184,1245184,1245184,1245184,1179648,1179648,1179648,1048576,327680,917504,720896,589824,458752",900,1379509,0,476597,902912,0,37,0,17,"1,1,1,1,1,1,1,1,1,1,1,1,1,1,1,1,1,1,1,1,1,1,1,1,1,1,1,1,1,1,1,1,1,1,1,1,1,1,1,1,1,1,1,1,1,1,1,1,1,1,1,1,1,1,1,1,1,1,1,2,1,1,1,1","112267,164440,198343,224628,193351,241902,271636,286239,300789,336132,337383,340287,323673,344087,355009,345384,325538,329111,336447,318666,266605,255236,240101,217719,209998,216743,208135,207788,214824,210153,216965,206131,103365,206031,202778,201655,206171,203371,199869,200281,207146,198801,223237,269513,288100,308636,339796,346059,339621,360332,361436,363411,362013,362827,358305,340149,338334,335107,304731,301312,282708,225706,178212,133416",5,1,3100,0,39,5,1023.1388888888889,4,3600,1160590,1648031,3686400,1114112,,true,,,
22,A,basic,straight,,,0.10.0,9d27f65d,2048,65536,3,512,9,0,77,0,"5,7,9,11,11,11,11,11,11,11,11,11,11,11,11,11,11,11,11,11,11,11,11,11,11,11,11,11,11,11,11,11,9,11,11,11,11,11,11,11,11,11,11,11,11,11,11,11,11,11,11,11,11,11,11,11,11,11,11,6,11,9,7,5",18,50,0,63,18,83,2560,0,"4,32,3",574,"37,27",209,765,"41,27,2089",5028,"4,32",1855,"6,32",698,1,12,23,98743,2094,3679406,0,65536,1024,0,0,338,"327680,458752,589824,720896,720896,720896,720896,720896,720896,720896,720896,720896,720896,720896,720896,720896,720896,720896,720896,720896,720896,720896,720896,720896,720896,720896,720896,720896,720896,720896,720896,720896,589824,720896,720896,720896,720896,720896,720896,720896,720896,720896,720896,720896,720896,720896,720896,720896,720896,720896,720896,720896,720896,720896,720896,720896,720896,720896,720896,196608,720896,589824,458752,327680",673,318116,0,173900,144216,0,8,0,8,"1,1,1,1,1,1,1,1,1,1,1,1,1,1,1,1,1,1,1,1,1,1,1,1,1,1,1,1,1,1,1,1,1,1,1,1,1,1,1,1,1,1,1,1,1,1,1,1,1,1,1,1,1,1,1,1,1,1,1,2,1,1,1,1","91980,119129,143400,133523,83265,97269,97036,100800,107234,107470,112907,110251,116555,120607,119414,121702,129451,122111,132755,127072,129718,135801,139221,133530,140418,139550,144213,142882,147297,145401,146078,152249,120691,152246,168882,166444,166368,172449,164722,176229,177426,173845,173075,178774,176691,176564,184486,172613,176370,174006,173779,168655,167415,159105,159294,155661,144254,145846,135694,272263,229434,172572,142835,93266",5,1,3145,0,2,5,1023.1263888888889,4,3600,1620729,3060470,3686400,720896,,false,,,
22,A,basic,distributed,,,0.10.0,7ad7d01e,2048,65536,3,512,9,0,61,0,"6,9,11,13,14,16,17,17,18,20,21,22,23,25,26,27,26,26,26,25,23,22,21,20,20,20,20,20,20,20,20,20,14,20,20,20,20,20,20,20,20,20,21,23,24,25,27,27,27,27,26,25,23,22,21,19,18,18,16,10,14,11,9,7",15,50,0,63,6,60,3422,0,"4,32,3",958,"23,7",380,1386,"19,7,3577",4114,"4,32",1514,"18,8",3080,1,2789,39,1863,624,1570330,1831171,65536,1024,0,0,812,"393216,589824,720896,851968,917504,1048576,1114112,1114112,1179648,1310720,1376256,1441792,1507328,1638400,1703936,1769472,851968,851968,851968,819200,753664,720896,688128,655360,655360,655360,655360,655360,655360,655360,655360,655360,458752,655360,655360,655360,655360,655360,655360,655360,655360,655360,688128,753664,786432,819200,884736,884736,884736,1769472,1703936,1638400,1507328,1441792,1376256,1245184,1179648,1179648,1048576,327680,917504,720896,589824,458752",1268,888932,0,284723,604209,0,24,0,15,"1,1,1,1,1,1,1,1,1,1,1,1,1,1,1,1,2,2,2,2,2,2,2,2,2,2,2,2,2,2,2,2,2,2,2,2,2,2,2,2,2,2,2,2,2,2,2,2,2,1,1,1,1,1,1,1,1,1,1,2,1,1,1,1","102956,143311,167731,185819,170477,222001,243490,259032,285138,328843,347755,374006,395066,431145,462219,480380,513004,536444,565098,577689,598900,612335,644853,661726,650570,666875,651931,660674,660696,668425,658678,661852,652992,680075,678023,684547,681369,683847,689692,686107,686469,691934,673197,659304,632446,615125,590430,564479,534138,512468,496613,471905,433917,413965,387156,356216,328338,320206,276888,309374,278461,214385,179553,132352",5,1,3088,0,38,5,1023.1422222222222,4,3600,179945,2228050,3686400,1114112,,true,,,
22,A,basic,detour,,,0.10.0,037717e9,2048,65536,3,512,9,0,58,0,"6,9,11,13,14,16,17,17,17,18,18,18,17,18,18,18,17,17,17,16,14,13,12,11,11,11,11,11,11,11,11,11,5,11,11,11,11,11,11,11,11,11,12,14,15,16,18,18,18,19,19,19,19,19,19,18,18,18,16,10,14,11,9,7",22,50,0,63,6,44,-1,0,"4,32,3",1646,"19,7",687,2054,"20,7,3331",4137,"4,32",2284,"19,8",2831,1,674,42,19587,1717,0,2865819,65536,1024,0,0,1279,"393216,589824,720896,851968,917504,1048576,1114112,1114112,1114112,1179648,1179648,1179648,1114112,1179648,1179648,1179648,1114112,1114112,1114112,1048576,917504,851968,786432,720896,720896,720896,720896,720896,720896,720896,720896,720896,327680,720896,720896,720896,720896,720896,720896,720896,720896,720896,786432,917504,983040,1048576,1179648,1179648,1179648,1245184,1245184,1245184,1245184,1245184,1245184,1179648,1179648,1179648,1048576,327680,917504,720896,589824,458752",900,1379509,0,476597,902912,0,37,0,17,"1,1,1,1,1,1,1,1,1,1,1,1,1,1,1,1,1,1,1,1,1,1,1,1,1,1,1,1,1,1,1,1,1,1,1,1,1,1,1,1,1,1,1,1,1,1,1,1,1,1,1,1,1,1,1,1,1,1,1,2,1,1,1,1","112267,164440,198343,224628,193351,241902,271636,286239,300789,336132,337383,340287,323673,344087,355009,345384,325538,329111,336447,318666,266605,255236,240101,217719,209998,216743,208135,207788,214824,210153,216965,206131,103365,206031,202778,201655,206171,203371,199869,200281,207146,198801,223237,269513,288100,308636,339796,346059,339621,360332,361436,363411,362013,362827,358305,340149,338334,335107,304731,301312,282708,225706,178212,133416",5,1,3100,0,39,5,1023.1388888888889,4,3600,1160590,1648031,3686400,1114112,,true,,,
23,A,basic,straight,,,0.10.0,e2af48c4,2048,65536,3,512,63,0,77,0,"5,7,9,11,11,11,11,11,11,11,11,11,11,11,11,11,11,11,11,11,11,11,11,11,11,11,11,11,11,11,11,11,11,11,11,11,11,11,11,11,11,11,11,11,11,11,11,11,11,11,11,11,11,11,11,11,11,11,11,6,11,9,7,5",18,0,0,63,19,83,2559,0,"4,32,3",654,"44,27",209,748,"43,27,1907",5028,"4,32",1855,"6,32",656,1,12,23,98583,2064,3786714,0,65536,1024,0,0,339,"327680,458752,589824,720896,720896,720896,720896,720896,720896,720896,720896,720896,720896,720896,720896,720896,720896,720896,720896,720896,720896,720896,720896,720896,720896,720896,720896,720896,720896,720896,720896,720896,720896,720896,720896,720896,720896,720896,720896,720896,720896,720896,720896,720896,720896,720896,720896,720896,720896,720896,720896,720896,720896,720896,720896,720896,720896,720896,720896,196608,720896,589824,458752,327680",675,316574,0,174040,142534,0,8,0,8,"1,1,1,1,1,1,1,1,1,1,1,1,1,1,1,1,1,1,1,1,1,1,1,1,1,1,1,1,1,1,1,1,1,1,1,1,1,1,1,1,1,1,1,1,1,1,1,1,1,1,1,1,1,1,1,1,1,1,1,2,1,1,1,1","90610,127423,142043,136402,83580,97076,98079,101292,105416,108745,113197,112942,116003,117617,120702,121331,127528,126013,127708,131410,128226,134469,136070,134847,141969,137504,145168,139624,148898,145261,151989,152054,159606,155914,164428,163470,163113,170281,167995,175843,173929,176701,175194,173673,187351,171677,176858,179451,179395,172312,168720,166208,170233,158756,155972,151851,148392,140653,140346,264772,235520,175220,135282,96913",5,1,3187,0,2,5,1023.1147222222222,4,3600,1623310,3060832,3686400,720896,,false,,,
23,A,basic,distributed,,,0.10.0,9f091466,2048,65536,3,512,63,0,61,0,"6,9,11,13,14,16,17,17,18,20,21,22,23,25,26,27,26,26,26,25,23,22,21,20,20,20,20,20,20,20,20,20,20,20,20,20,20,20,20,20,20,20,21,23,24,25,27,27,27,27,26,25,23,22,21,19,18,18,16,10,14,11,9,7",15,0,0,63,6,60,3420,0,"4,32,3",1147,"17,8",384,1362,"19,7,3197",4114,"4,32",1549,"19,8",1922,1,2534,39,1561,528,2122338,1760219,65536,1024,0,0,812,"393216,589824,720896,851968,917504,1048576,1114112,1114112,1179648,1310720,1376256,1441792,1507328,1638400,1703936,1769472,851968,851968,851968,819200,753664,720896,688128,655360,655360,655360,655360,655360,655360,655360,655360,655360,655360,655360,655360,655360,655360,655360,655360,655360,655360,655360,688128,753664,786432,819200,884736,884736,884736,1769472,1703936,1638400,1507328,1441792,1376256,1245184,1179648,1179648,1048576,327680,917504,720896,589824,458752",1274,886533,0,283746,602787,0,24,0,15,"1,1,1,1,1,1,1,1,1,1,1,1,1,1,1,1,2,2,2,2,2,2,2,2,2,2,2,2,2,2,2,2,2,2,2,2,2,2,2,2,2,2,2,2,2,2,2,2,2,1,1,1,1,1,1,1,1,1,1,2,1,1,1,1","100278,139029,168488,184888,174674,223859,242955,264634,282966,326065,347573,370912,398793,432276,458919,482271,510387,537954,564992,570385,602381,624417,639977,659594,656925,666358,661014,658474,672679,663449,674770,672063,668068,673253,676649,674183,680178,681017,679567,682494,689761,684330,681720,648050,625326,618839,585418,563380,537289,515640,491294,471316,431538,405916,400604,352826,332330,317355,273910,308270,282629,219351,175741,132529",5,1,3087,0,39,5,1023.1425,4,3600,175444,2229139,3686400,1114112,,true,,,
23,A,basic,detour,,,0.10.0,fad9809c,2048,65536,3,512,63,0,57,0,"6,9,11,13,14,16,17,17,17,18,18,18,17,18,18,18,17,17,17,16,14,13,12,11,11,11,11,11,11,11,11,11,11,11,11,11,11,11,11,11,11,11,12,14,15,16,18,18,18,19,19,19,19,19,19,18,18,18,16,10,14,11,9,7",23,0,0,63,6,44,-1,0,"4,32,3",1460,"20,7",682,2059,"19,7,1753",4138,"4,32",2300,"19,8",2840,1,1938,43,19772,1717,889859,2761784,65536,1024,0,0,1281,"393216,589824,720896,851968,917504,1048576,1114112,1114112,1114112,1179648,1179648,1179648,1114112,1179648,1179648,1179648,1114112,1114112,1114112,1048576,917504,851968,786432,720896,720896,720896,720896,720896,720896,720896,720896,720896,720896,720896,720896,720896,720896,720896,720896,720896,720896,720896,786432,917504,983040,1048576,1179648,1179648,1179648,1245184,1245184,1245184,1245184,1245184,1245184,1179648,1179648,1179648,1048576,327680,917504,720896,589824,458752",906,1376789,0,476233,900556,0,37,0,17,"1,1,1,1,1,1,1,1,1,1,1,1,1,1,1,1,1,1,1,1,1,1,1,1,1,1,1,1,1,1,1,1,1,1,1,1,1,1,1,1,1,1,1,1,1,1,1,1,1,1,1,1,1,1,1,1,1,1,1,2,1,1,1,1","111952,164439,203169,223092,196342,245660,268819,290741,299552,338442,335071,342038,326719,346874,347422,351484,325997,336152,333602,306746,269338,255013,243606,212040,214474,213165,211065,212973,214786,202663,208462,208111,208133,202523,210121,202640,210958,199670,200075,204130,198781,207502,223552,266082,287507,309662,338084,339515,342896,365615,369276,354350,363592,368005,356268,345012,339744,335411,295510,312414,282071,220754,182653,132329",5,1,3102,0,39,5,1023.1383333333333,4,3600,1136672,1648091,3686400,1114112,,true,,,
24,A,basic,straight,,,0.10.0,bf79f07f,2048,0,4,512,1,0,48,0,"0,0,1,5,10,11,13,13,13,13,13,13,13,13,13,13,13,13,13,13,13,13,13,13,13,13,13,13,13,13,13,13,1,1,1,1,1,1,1,1,1,1,1,1,1,1,1,1,1,1,1,1,1,1,1,1,1,1,1,0,0,0,0,0",419,58,0,63,6,46,-1,65536,,9339,"30,26",1382,10212,"30,26,3583",41952,"31,31",41952,"31,31",3600,16,3600,52,305913514,209568,1787850,0,65536,1024,0,0,1963,",,65536,81920,218453,240298,851968,851968,851968,851968,851968,851968,851968,851968,851968,851968,851968,851968,851968,851968,851968,851968,851968,851968,851968,851968,851968,851968,851968,851968,851968,851968,65536,65536,65536,65536,65536,65536,65536,65536,65536,65536,65536,65536,65536,65536,65536,65536,65536,65536,65536,65536,65536,65536,65536,65536,65536,65536,65536,,,,,",641,299424,0,299424,0,0,8,0,44,"0,0,1,4,3,3,1,1,1,1,1,1,1,1,1,1,1,1,1,1,1,1,1,1,1,1,1,1,1,1,1,1,1,1,1,1,1,1,1,1,1,1,1,1,1,1,1,1,1,1,1,1,1,1,1,1,1,1,1,0,0,0,0,0","139550,191972,236987,255851,132694,212562,216289,229525,229214,233656,238859,235217,237398,245632,240493,252523,247774,246166,258711,251681,262959,256121,253712,257699,245261,217539,204820,195304,194292,188072,185252,182455,0,40369,46163,49603,50951,52416,54312,57230,59135,64096,60976,64125,67482,67420,70397,69327,73424,69982,70844,70978,67426,68740,67559,65748,66055,64898,62562,73767,89444,74079,32714,",5,1,18012,28,28,5,1272.1369444444445,4,3600,0,1729242,3686400,851968,,true,,,
24,A,basic,distributed,,,0.10.0,f8fb9441,2048,0,4,512,1,0,55,0,"6,8,9,10,15,16,19,19,21,22,23,24,26,27,28,29,30,30,30,29,28,26,25,24,24,24,24,24,24,24,24,24,6,24,24,24,24,24,24,24,24,24,26,27,28,30,31,31,30,29,28,27,26,24,23,22,20,20,19,12,16,14,11,9",19,58,0,63,6,54,-1,65536,,1414,"30,27",415,1628,"19,6,3306",5068,"4,32",1956,"5,31",2261,1,1103,45,794177,3594,941838,2081344,65536,1024,0,0,1064,"393216,524288,589824,327680,491520,524288,1245184,1245184,1376256,1441792,1507328,1572864,1703936,1769472,1835008,1900544,1966080,983040,983040,950272,917504,851968,819200,786432,786432,786432,786432,786432,786432,786432,786432,786432,196608,786432,786432,786432,786432,786432,786432,786432,786432,786432,851968,884736,917504,983040,1015808,2031616,1966080,1900544,1835008,1769472,1703936,1572864,1507328,1441792,1310720,1310720,1245184,393216,1048576,917504,720896,589824",1460,982624,0,277502,705122,0,26,0,18,"1,1,1,2,2,2,1,1,1,1,1,1,1,1,1,1,1,2,2,2,2,2,2,2,2,2,2,2,2,2,2,2,2,2,2,2,2,2,2,2,2,2,2,2,2,2,2,1,1,1,1,1,1,1,1,1,1,1,1,2,1,1,1,1","135224,159011,180565,192317,209612,231342,247289,270155,309227,322873,342870,368681,414157,437919,456152,487649,503304,534026,565840,569904,583093,608644,638973,643504,656382,650053,657181,656489,661545,666840,651968,673776,617213,614676,611963,617362,620289,626530,634909,634300,637656,638140,634478,625778,595855,599755,580104,563678,540042,522692,502849,481066,468144,425702,415809,395982,363351,344954,329318,327982,304329,266041,212011,170062",5,1,4044,0,2,5,1041.1669444444444,4,3600,0,2015507,3686400,1245184,,false,,,
24,A,basic,detour,,,0.10.0,e88e492b,2048,0,4,512,1,0,52,0,"9,11,13,15,17,18,19,19,20,20,20,20,21,20,20,20,20,19,19,18,17,15,14,13,13,13,13,13,13,13,13,13,5,13,13,13,13,13,13,13,13,13,15,16,17,19,20,20,21,21,21,22,22,21,21,21,20,20,19,12,16,14,11,9",26,58,0,63,6,37,-1,65536,,1556,"20,6",717,2338,"19,6,2499",5056,"4,32",2631,"18,7",1324,1,3540,48,638442,6712,0,2798851,65536,1024,0,0,1695,"589824,720896,851968,983040,1114112,1179648,1245184,1245184,1310720,1310720,1310720,1310720,1376256,1310720,1310720,1310720,1310720,1245184,1245184,1179648,1114112,983040,917504,851968,851968,851968,851968,851968,851968,851968,851968,851968,327680,851968,851968,851968,851968,851968,851968,851968,851968,851968,983040,1048576,1114112,1245184,1310720,1310720,1376256,1376256,1376256,1441792,1441792,1376256,1376256,1376256,1310720,1310720,1245184,393216,1048576,917504,720896,589824",1041,1523024,0,483567,1039457,0,41,0,20,"1,1,1,1,1,1,1,1,1,1,1,1,1,1,1,1,1,1,1,1,1,1,1,1,1,1,1,1,1,1,1,1,1,1,1,1,1,1,1,1,1,1,1,1,1,1,1,1,1,1,1,1,1,1,1,1,1,1,1,2,1,1,1,1","173138,213497,254352,291309,235655,256053,278820,297684,329261,339844,354751,368597,394054,374852,382096,390613,389487,366101,370231,348532,325437,294224,280502,255438,250355,248562,251573,246141,250868,250462,238903,247952,105204,237044,235639,227862,230135,238949,226994,233841,231639,234852,281836,304139,323599,360036,371452,376461,399295,395695,389339,419719,414806,394642,394243,394897,368367,372759,344052,352932,321438,279008,219932,174466",5,1,4020,0,39,5,1052.101111111111,4,3600,0,1399601,3686400,1245184,,true,,,
25,A,basic,straight,,,0.10.0,07635954,2048,0,4,512,3,0,90,0,"0,0,0,1,3,3,3,3,3,3,3,5,5,5,5,5,5,5,5,5,5,5,5,5,5,5,5,5,5,5,5,5,3,13,13,13,13,13,13,13,13,13,13,13,13,13,13,13,13,13,13,13,13,13,13,13,13,13,13,8,11,11,9,3",20,56,0,33,33,90,2366,65536,,263,"48,26",64,328,"44,26,2023",18989,"4,32",2072,"27,32",253,7,164,10,12386763,3598,3552689,0,65536,1024,0,0,285,",,,65536,196608,196608,196608,196608,196608,196608,196608,327680,327680,327680,327680,327680,327680,327680,327680,327680,327680,327680,327680,327680,327680,327680,327680,327680,327680,327680,327680,327680,196608,851968,851968,851968,851968,851968,851968,851968,851968,851968,851968,851968,851968,851968,851968,851968,851968,851968,851968,851968,851968,851968,851968,851968,851968,851968,851968,262144,360448,720896,589824,98304",533,82200,0,0,82200,0,2,0,7,"0,0,0,1,1,1,1,1,1,1,1,1,1,1,1,1,1,1,1,1,1,1,1,1,1,1,1,1,1,1,1,1,1,1,1,1,1,1,1,1,1,1,1,1,1,1,1,1,1,1,1,1,1,1,1,1,1,1,1,2,2,1,1,2",",,0,8091,21335,47007,47130,47447,47796,47918,48229,48572,48693,48998,49336,49456,49755,50088,50207,50500,50829,50947,51235,51559,52425,52049,51599,51148,50971,50907,51075,51573,48140,147718,150412,155044,152892,154496,156113,155699,161549,161756,158888,165632,165372,160157,165566,159391,166819,160206,160581,155544,151912,141299,146724,142947,137011,132636,127865,302614,280462,220210,180273,141922",5,1,17964,0,23,5,1271.1730555555555,4,3600,0,3326184,3686400,196608,,false,,,
25,A,basic,distributed,,,0.10.0,30585a01,2048,0,4,512,3,0,56,0,"6,8,9,9,12,13,14,15,17,18,19,20,22,23,24,25,26,26,26,25,24,22,21,20,20,20,20,20,20,20,20,20,8,24,24,24,24,24,24,24,24,24,26,27,28,30,31,31,30,29,28,27,26,24,23,22,20,20,19,12,16,14,11,9",19,56,0,47,6,56,-1,65536,,1107,"21,6",381,1536,"21,6,1846",5068,"4,32",1950,"5,31",3206,1,3204,44,792874,3594,1088836,1986440,65536,1024,0,0,986,"393216,524288,589824,589824,786432,851968,917504,983040,1114112,1179648,1245184,1310720,1441792,1507328,1572864,1638400,1703936,851968,851968,819200,786432,720896,688128,655360,655360,655360,655360,655360,655360,655360,655360,655360,262144,786432,786432,786432,786432,786432,786432,786432,786432,786432,851968,884736,917504,983040,1015808,2031616,1966080,1900544,1835008,1769472,1703936,1572864,1507328,1441792,1310720,1310720,1245184,393216,1048576,917504,720896,589824",1361,957475,0,273353,684122,0,25,0,17,"1,1,1,1,1,1,1,1,1,1,1,1,1,1,1,1,1,2,2,2,2,2,2,2,2,2,2,2,2,2,2,2,2,2,2,2,2,2,2,2,2,2,2,2,2,2,2,1,1,1,1,1,1,1,1,1,1,1,1,2,1,1,1,1","133002,150948,172330,180473,210732,227849,245867,258281,294356,310946,337515,357762,401135,420759,446051,470082,492829,510959,537772,538363,549410,576465,585388,609842,603204,601959,598390,601731,604016,601721,603004,602341,622210,642523,636248,643592,639604,649104,638406,649057,647760,651815,628998,634122,602986,588531,575972,558334,535882,511420,495418,476496,456637,418983,400711,394164,351208,339108,323086,330872,303323,262098,216547,169958",5,1,4043,0,2,5,1040.7155555555555,4,3600,0,2072812,3686400,917504,,true,,,
25,A,basic,detour,,,0.10.0,e88e492b,2048,0,4,512,3,0,52,0,"9,11,13,15,17,18,19,19,20,20,20,20,21,20,20,20,20,19,19,18,17,15,14,13,13,13,13,13,13,13,13,13,5,13,13,13,13,13,13,13,13,13,15,16,17,19,20,20,21,21,21,22,22,21,21,21,20,20,19,12,16,14,11,9",26,56,0,63,6,37,-1,65536,,1556,"20,6",717,2338,"19,6,2499",5056,"4,32",2631,"18,7",1324,1,3540,48,638442,6712,0,2798851,65536,1024,0,0,1695,"589824,720896,851968,983040,1114112,1179648,1245184,1245184,1310720,1310720,1310720,1310720,1376256,1310720,1310720,1310720,1310720,1245184,1245184,1179648,1114112,983040,917504,851968,851968,851968,851968,851968,851968,851968,851968,851968,327680,851968,851968,851968,851968,851968,851968,851968,851968,851968,983040,1048576,1114112,1245184,1310720,1310720,1376256,1376256,1376256,1441792,1441792,1376256,1376256,1376256,1310720,1310720,1245184,393216,1048576,917504,720896,589824",1041,1523024,0,483567,1039457,0,41,0,20,"1,1,1,1,1,1,1,1,1,1,1,1,1,1,1,1,1,1,1,1,1,1,1,1,1,1,1,1,1,1,1,1,1,1,1,1,1,1,1,1,1,1,1,1,1,1,1,1,1,1,1,1,1,1,1,1,1,1,1,2,1,1,1,1","173138,213497,254352,291309,235655,256053,278820,297684,329261,339844,354751,368597,394054,374852,382096,390613,389487,366101,370231,348532,325437,294224,280502,255438,250355,248562,251573,246141,250868,250462,238903,247952,105204,237044,235639,227862,230135,238949,226994,233841,231639,234852,281836,304139,323599,360036,371452,376461,399295,395695,389339,419719,414806,394642,394243,394897,368367,372759,344052,352932,321438,279008,219932,174466",5,1,4020,0,39,5,1052.101111111111,4,3600,0,1399601,3686400,1245184,,true,,,
26,A,basic,straight,,,0.10.0,b0b1bc45,2048,0,4,512,9,0,88,0,"0,0,0,2,5,3,8,10,13,13,13,13,13,13,13,13,13,13,13,13,13,13,13,13,13,13,13,13,13,13,13,13,9,13,13,13,13,13,13,13,13,13,13,13,13,13,13,13,13,13,13,13,13,13,13,13,13,13,13,8,12,11,7,2",20,50,0,7,33,89,2383,65536,,264,"43,26",88,337,"45,26,3172",18989,"4,32",2076,"27,32",965,7,164,12,12386759,3598,3656462,0,65536,1024,0,0,299,",,,65536,109226,196608,131072,327680,851968,851968,851968,851968,851968,851968,851968,851968,851968,851968,851968,851968,851968,851968,851968,851968,851968,851968,851968,851968,851968,851968,851968,851968,589824,851968,851968,851968,851968,851968,851968,851968,851968,851968,851968,851968,851968,851968,851968,851968,851968,851968,851968,851968,851968,851968,851968,851968,851968,851968,851968,262144,393216,720896,229376,131072",799,88538,0,6308,82230,0,2,0,7,"0,0,0,2,3,1,4,2,1,1,1,1,1,1,1,1,1,1,1,1,1,1,1,1,1,1,1,1,1,1,1,1,1,1,1,1,1,1,1,1,1,1,1,1,1,1,1,1,1,1,1,1,1,1,1,1,1,1,1,2,2,1,2,1","153974,188487,227218,99556,33903,72298,79603,77441,82472,84602,85653,89557,91188,93507,95717,98284,99826,103233,102276,107058,108181,110026,111988,112711,113968,117068,116242,119906,121914,124384,125659,124940,88517,146727,145634,158802,147939,157200,158274,163667,158285,163731,155573,165448,158464,167010,160350,163264,163502,158097,158944,153700,150187,147782,145709,141809,133200,134216,125799,305625,277648,220739,189201,134843",5,1,17964,0,23,5,1271.1730555555555,4,3600,0,3305985,3686400,131072,,false,,,
26,A,basic,distributed,,,0.10.0,540f44ba,2048,0,4,512,9,0,56,0,"6,8,9,9,12,13,14,15,18,19,22,22,26,26,28,29,30,30,30,29,28,26,25,24,24,24,24,24,24,24,24,24,14,24,24,24,24,24,24,24,24,24,26,27,28,30,31,31,30,29,28,27,26,24,23,22,20,20,19,12,16,14,11,9",19,50,0,15,6,56,-1,65536,,1149,"18,6",394,1621,"19,6,3533",5068,"4,32",1952,"5,31",3220,1,2938,44,792633,3594,1312530,1977533,65536,1024,0,0,990,"393216,524288,589824,589824,786432,851968,917504,983040,589824,622592,720896,720896,1703936,1703936,1835008,1900544,1966080,983040,983040,950272,917504,851968,819200,786432,786432,786432,786432,786432,786432,786432,786432,786432,458752,786432,786432,786432,786432,786432,786432,786432,786432,786432,851968,884736,917504,983040,1015808,2031616,1966080,1900544,1835008,1769472,1703936,1572864,1507328,1441792,1310720,1310720,1245184,393216,1048576,917504,720896,589824",1468,955688,0,273384,682304,0,25,0,17,"1,1,1,1,1,1,1,1,2,2,2,2,1,1,1,1,1,2,2,2,2,2,2,2,2,2,2,2,2,2,2,2,2,2,2,2,2,2,2,2,2,2,2,2,2,2,2,1,1,1,1,1,1,1,1,1,1,1,1,2,1,1,1,1","130694,150685,168216,182638,213439,227580,242295,266411,299968,319510,342092,365419,409003,427550,455844,472287,498153,521518,546236,549131,557745,578736,613310,615000,609144,611301,622454,613504,617587,616769,617889,615230,625902,636892,634593,645702,644536,648661,650912,647264,645749,654397,635195,620461,610205,591445,575637,557373,530958,512135,495233,472407,460678,423467,402735,389055,353263,339110,330874,310759,303803,255807,211253,169247",5,1,4043,0,2,5,1040.723888888889,4,3600,0,2070589,3686400,917504,,true,,,
26,A,basic,detour,,,0.10.0,e88e492b,2048,0,4,512,9,0,52,0,"9,11,13,15,17,18,19,19,20,20,20,20,21,20,20,20,20,19,19,18,17,15,14,13,13,13,13,13,13,13,13,13,5,13,13,13,13,13,13,13,13,13,15,16,17,19,20,20,21,21,21,22,22,21,21,21,20,20,19,12,16,14,11,9",26,50,0,63,6,37,-1,65536,,1556,"20,6",717,2338,"19,6,2499",5056,"4,32",2631,"18,7",1324,1,3540,48,638442,6712,0,2798851,65536,1024,0,0,1695,"589824,720896,851968,983040,1114112,1179648,1245184,1245184,1310720,1310720,1310720,1310720,1376256,1310720,1310720,1310720,1310720,1245184,1245184,1179648,1114112,983040,917504,851968,851968,851968,851968,851968,851968,851968,851968,851968,327680,851968,851968,851968,851968,851968,851968,851968,851968,851968,983040,1048576,1114112,1245184,1310720,1310720,1376256,1376256,1376256,1441792,1441792,1376256,1376256,1376256,1310720,1310720,1245184,393216,1048576,917504,720896,589824",1041,1523024,0,483567,1039457,0,41,0,20,"1,1,1,1,1,1,1,1,1,1,1,1,1,1,1,1,1,1,1,1,1,1,1,1,1,1,1,1,1,1,1,1,1,1,1,1,1,1,1,1,1,1,1,1,1,1,1,1,1,1,1,1,1,1,1,1,1,1,1,2,1,1,1,1","173138,213497,254352,291309,235655,256053,278820,297684,329261,339844,354751,368597,394054,374852,382096,390613,389487,366101,370231,348532,325437,294224,280502,255438,250355,248562,251573,246141,250868,250462,238903,247952,105204,237044,235639,227862,230135,238949,226994,233841,231639,234852,281836,304139,323599,360036,371452,376461,399295,395695,389339,419719,414806,394642,394243,394897,368367,372759,344052,352932,321438,279008,219932,174466",5,1,4020,0,39,5,1052.101111111111,4,3600,0,1399601,3686400,1245184,,true,,,
27,A,basic,straight,,,0.10.0,8c1580ce,2048,0,4,512,63,0,88,0,"0,0,0,2,3,8,10,11,13,13,13,13,13,13,13,13,13,13,13,13,13,13,13,13,13,13,13,13,13,13,13,13,13,13,13,13,13,13,13,13,13,13,13,13,13,13,13,13,13,13,13,13,13,13,13,13,13,13,13,8,10,11,8,2",20,0,0,8,31,89,2382,65536,,258,"44,26",87,308,"42,26,2530",18990,"4,32",2080,"28,32",1757,7,989,12,12386759,3598,3723603,0,65536,1024,0,0,299,",,,65536,196608,131072,218453,360448,851968,851968,851968,851968,851968,851968,851968,851968,851968,851968,851968,851968,851968,851968,851968,851968,851968,851968,851968,851968,851968,851968,851968,851968,851968,851968,851968,851968,851968,851968,851968,851968,851968,851968,851968,851968,851968,851968,851968,851968,851968,851968,851968,851968,851968,851968,851968,851968,851968,851968,851968,262144,327680,720896,262144,65536",803,85559,0,6939,78620,0,2,0,7,"0,0,0,2,1,4,3,2,1,1,1,1,1,1,1,1,1,1,1,1,1,1,1,1,1,1,1,1,1,1,1,1,1,1,1,1,1,1,1,1,1,1,1,1,1,1,1,1,1,1,1,1,1,1,1,1,1,1,1,2,2,1,2,2","142816,185557,226741,102633,33063,75151,78286,78408,82162,84286,88183,89938,90656,95791,94191,100780,99113,107094,103249,107664,108894,113003,115592,112869,116447,123330,116612,126617,123302,128017,128826,138522,134527,137917,151405,147657,153073,153723,152650,155590,157192,158177,164449,157701,165204,164839,155308,164312,158738,156224,154501,150369,150345,146005,145599,136711,134269,129798,124736,305721,278668,219792,180367,138740",5,1,17964,0,24,5,1271.1730555555555,4,3600,0,3308795,3686400,218453,,false,,,
27,A,basic,distributed,,,0.10.0,18d7fc6e,2048,0,4,512,63,0,55,0,"6,8,9,9,12,13,14,15,18,18,20,21,24,26,28,29,30,30,30,29,28,26,25,24,24,24,24,24,24,24,24,24,24,24,24,24,24,24,24,24,24,24,26,27,28,30,31,31,30,29,28,27,26,24,23,22,20,20,19,12,16,14,11,9",19,0,0,15,6,56,-1,65536,,1258,"19,6",397,1512,"19,6,1669",5065,"4,32",1948,"5,31",164,1,3317,45,791954,3594,2173437,1878178,65536,1024,0,0,991,"393216,524288,589824,589824,786432,851968,917504,983040,589824,1179648,655360,688128,786432,851968,1835008,1900544,1966080,983040,983040,950272,917504,851968,819200,786432,786432,786432,786432,786432,786432,786432,786432,786432,786432,786432,786432,786432,786432,786432,786432,786432,786432,786432,851968,884736,917504,983040,1015808,2031616,1966080,1900544,1835008,1769472,1703936,1572864,1507328,1441792,1310720,1310720,1245184,393216,1048576,917504,720896,589824",1478,948792,0,272200,676592,0,25,0,17,"1,1,1,1,1,1,1,1,2,1,2,2,2,2,1,1,1,2,2,2,2,2,2,2,2,2,2,2,2,2,2,2,2,2,2,2,2,2,2,2,2,2,2,2,2,2,2,1,1,1,1,1,1,1,1,1,1,1,1,2,1,1,1,1","130848,153168,164470,179272,208853,223818,251196,257257,305640,317764,335789,364901,402653,426464,454750,471969,502557,522322,541955,554797,553386,587829,616630,614336,621450,622665,619779,621770,613309,635120,619911,627262,621716,636463,635776,627502,639550,640875,637088,644329,647191,642814,631369,626610,603557,592687,581203,552615,533292,515915,490234,472587,460925,424995,406924,387523,350695,338496,327388,323804,298726,268899,210468,172185",5,1,4041,0,2,5,1040.7155555555555,4,3600,0,2074295,3686400,917504,,true,,,
27,A,basic,detour,,,0.10.0,1caa71ee,2048,0,4,512,63,0,51,0,"9,11,13,15,17,18,19,19,20,20,20,20,21,20,20,20,20,19,19,18,17,15,14,13,13,13,13,13,13,13,13,13,13,13,13,13,13,13,13,13,13,13,15,16,17,19,20,20,21,21,21,22,22,21,21,21,20,20,19,12,16,14,11,9",25,0,0,63,6,38,-1,65536,,1717,"38,6",717,2227,"19,6,2577",5031,"4,32",2506,"18,7",1662,1,3203,49,617361,6602,1184402,2645044,65536,1024,0,0,1687,"589824,720896,851968,983040,1114112,1179648,1245184,1245184,1310720,1310720,1310720,1310720,1376256,1310720,1310720,1310720,1310720,1245184,1245184,1179648,1114112,983040,917504,851968,851968,851968,851968,851968,851968,851968,851968,851968,851968,851968,851968,851968,851968,851968,851968,851968,851968,851968,983040,1048576,1114112,1245184,1310720,1310720,1376256,1376256,1376256,1441792,1441792,1376256,1376256,1376256,1310720,1310720,1245184,393216,1048576,917504,720896,589824",1049,1518773,0,481178,1037595,0,41,0,20,"1,1,1,1,1,1,1,1,1,1,1,1,1,1,1,1,1,1,1,1,1,1,1,1,1,1,1,1,1,1,1,1,1,1,1,1,1,1,1,1,1,1,1,1,1,1,1,1,1,1,1,1,1,1,1,1,1,1,1,2,1,1,1,1","172299,209646,250140,286030,236361,255699,281565,293309,337746,342586,349430,366757,387601,380824,385798,391963,387777,365852,365620,347298,328101,291391,276974,257597,249058,254992,234279,249903,253632,245299,236354,244793,241133,239176,238370,242644,234376,231779,251373,231831,233749,235912,286005,295991,333525,369965,374438,375666,401616,395343,395855,414955,414569,395106,396422,387661,377516,367238,353076,355235,322479,277671,222900,174210",5,1,3982,0,39,5,1051.7275,4,3600,0,1403980,3686400,1245184,,true,,,
28,A,basic,straight,,,0.10.0,49b63cc0,2048,65536,4,512,1,0,30,0,"7,9,11,13,13,13,13,13,13,13,13,13,13,13,13,13,13,13,13,13,13,13,13,13,13,13,13,13,13,13,13,13,1,6,8,8,8,8,8,8,8,8,8,8,8,8,8,8,9,9,9,9,9,9,8,6,8,6,5,0,0,0,0,0",40,58,0,63,6,43,-1,0,"4,32,3",2989,"17,38",951,3738,"29,26,2167",5055,"4,32",4069,"30,33",2802,1,2356,70,5413682,91727,1692338,0,65536,1024,0,0,1488,"458752,589824,720896,851968,851968,851968,851968,851968,851968,851968,851968,851968,851968,851968,851968,851968,851968,851968,851968,851968,851968,851968,851968,851968,851968,851968,851968,851968,851968,851968,851968,851968,65536,196608,524288,524288,524288,524288,524288,524288,524288,524288,524288,524288,524288,524288,524288,524288,589824,589824,589824,589824,589824,589824,262144,393216,262144,393216,327680,,,,,",673,1230181,0,1216170,14011,0,33,0,22,"1,1,1,1,1,1,1,1,1,1,1,1,1,1,1,1,1,1,1,1,1,1,1,1,1,1,1,1,1,1,1,1,1,2,1,1,1,1,1,1,1,1,1,1,1,1,1,1,1,1,1,1,1,1,2,1,2,1,1,0,0,0,0,0","135584,187803,230829,262214,234392,231808,227793,235508,236212,241773,248036,235244,250193,236163,237198,244512,241571,254855,243167,242062,241755,240646,250765,232569,248334,245086,242135,240352,249125,239760,244486,239866,0,84832,91426,88228,98675,96162,101703,101928,103932,106183,105781,105281,110376,109597,108783,111109,106766,103946,106975,105137,103193,100400,98740,92644,96837,89015,91389,70681,141999,156593,123451,93136",5,1,3397,0,27,5,1023.0563888888889,4,3600,4104233,1613084,3686400,851968,,true,,,
28,A,basic,distributed,,,0.10.0,f801b64f,2048,65536,4,512,1,0,52,0,"9,11,13,15,17,18,19,19,21,22,23,24,26,27,28,29,30,30,30,29,28,26,25,24,24,24,24,24,24,24,24,24,6,24,24,24,24,24,24,24,24,24,26,27,28,30,31,31,30,29,28,27,26,24,23,22,20,20,19,12,16,14,11,9",18,58,0,63,6,52,-1,0,"4,32,3",1197,"27,27",437,1641,"30,27,2322",4116,"4,32",1867,"30,29",1946,1,1174,48,3783,1315,999394,1833926,65536,1024,0,0,1113,"589824,720896,851968,983040,1114112,1179648,1245184,1245184,1376256,1441792,1507328,1572864,1703936,1769472,1835008,1900544,1966080,983040,983040,950272,917504,851968,819200,786432,786432,786432,786432,786432,786432,786432,786432,786432,196608,786432,786432,786432,786432,786432,786432,786432,786432,786432,851968,884736,917504,983040,1015808,2031616,1966080,1900544,1835008,1769472,1703936,1572864,1507328,1441792,1310720,1310720,1245184,393216,1048576,917504,720896,589824",1460,1075485,0,447172,628313,0,29,0,18,"1,1,1,1,1,1,1,1,1,1,1,1,1,1,1,1,1,2,2,2,2,2,2,2,2,2,2,2,2,2,2,2,2,2,2,2,2,2,2,2,2,2,2,2,2,2,2,1,1,1,1,1,1,1,1,1,1,1,1,2,1,1,1,1","161292,191923,228008,239950,232408,252969,283751,300883,354271,379240,395225,427330,475178,492090,523855,540042,567434,601549,623705,648615,651463,676673,705089,709874,691391,713382,710676,691735,696448,707075,670961,682963,641071,653049,662797,660601,658900,673224,664809,672461,664998,677705,654872,654958,624517,616172,588079,582736,559910,541984,523644,494488,482322,442501,429365,399824,358799,351615,334412,337674,320593,272615,215341,173416",5,1,3085,0,29,5,1023.1430555555555,4,3600,539481,1920410,3686400,1245184,,false,,,
28,A,basic,detour,,,0.10.0,00b2d965,2048,65536,4,512,1,0,51,0,"9,11,13,15,17,18,19,19,20,20,20,20,21,20,20,20,20,19,19,18,17,15,14,13,13,13,13,13,13,13,13,13,5,13,13,13,13,13,13,13,13,13,15,16,17,19,20,20,21,21,21,22,22,21,21,21,20,20,19,12,16,14,11,9",20,58,0,63,6,36,-1,0,"4,32,3",1302,"45,6",665,1873,"19,6,1112",4141,"4,32",2035,"19,7",2893,1,662,49,22186,1725,0,2613881,65536,1024,0,0,1637,"589824,720896,851968,983040,1114112,1179648,1245184,1245184,1310720,1310720,1310720,1310720,1376256,1310720,1310720,1310720,1310720,1245184,1245184,1179648,1114112,983040,917504,851968,851968,851968,851968,851968,851968,851968,851968,851968,327680,851968,851968,851968,851968,851968,851968,851968,851968,851968,983040,1048576,1114112,1245184,1310720,1310720,1376256,1376256,1376256,1441792,1441792,1376256,1376256,1376256,1310720,1310720,1245184,393216,1048576,917504,720896,589824",1041,1633671,0,698436,935235,0,44,0,19,"1,1,1,1,1,1,1,1,1,1,1,1,1,1,1,1,1,1,1,1,1,1,1,1,1,1,1,1,1,1,1,1,1,1,1,1,1,1,1,1,1,1,1,1,1,1,1,1,1,1,1,1,1,1,1,1,1,1,1,2,1,1,1,1","172873,214839,252842,269857,245762,275110,305584,316355,352660,369706,370181,378940,405420,376268,394332,386419,393729,371742,369861,341373,332866,295571,279121,251857,253432,253440,250013,247406,252279,255713,251199,250094,103615,235582,245381,242992,235683,238053,236238,240098,244575,236232,285743,308797,330360,370672,373529,374993,394810,397754,395370,418028,423484,394415,401323,394264,377832,367984,355719,361167,322181,288793,224363,173963",5,1,3107,0,40,5,1023.1369444444445,4,3600,1015716,1348297,3686400,1245184,,true,,,
29,A,basic,straight,,,0.10.0,b122d3b4,2048,65536,4,512,3,0,79,0,"7,9,11,13,13,13,13,13,13,13,13,13,13,13,13,13,13,13,13,13,13,13,13,13,13,13,13,13,13,13,13,13,3,13,13,13,13,13,13,13,13,13,13,13,13,13,13,13,13,13,13,13,13,13,13,13,13,13,13,8,13,11,9,7",18,56,0,63,30,82,2566,0,"4,32,3",462,"46,38",153,622,"41,26,2652",5028,"4,32",1855,"6,32",2342,1,12,21,93505,1959,3380758,0,65536,1024,0,0,329,"458752,589824,720896,851968,851968,851968,851968,851968,851968,851968,851968,851968,851968,851968,851968,851968,851968,851968,851968,851968,851968,851968,851968,851968,851968,851968,851968,851968,851968,851968,851968,851968,196608,851968,851968,851968,851968,851968,851968,851968,851968,851968,851968,851968,851968,851968,851968,851968,851968,851968,851968,851968,851968,851968,851968,851968,851968,851968,851968,262144,851968,720896,589824,458752",793,342880,0,173924,168956,0,9,0,8,"1,1,1,1,1,1,1,1,1,1,1,1,1,1,1,1,1,1,1,1,1,1,1,1,1,1,1,1,1,1,1,1,1,1,1,1,1,1,1,1,1,1,1,1,1,1,1,1,1,1,1,1,1,1,1,1,1,1,1,2,1,1,1,1","117895,149863,164168,143916,89297,94801,100678,105003,101271,104643,108012,108582,110719,111785,113259,115207,116306,117468,120176,118286,121237,124695,118751,124818,122570,129008,128378,123146,127659,128241,131313,124312,53070,190079,187780,192436,195451,189851,202763,195138,200558,196006,203980,199551,200993,202687,213199,199788,200004,198709,199169,194099,187880,188647,183994,175664,172455,168775,166988,303104,275235,226352,180525,141273",5,1,3195,0,2,5,1023.1125,4,3600,1713682,3044816,3686400,851968,,false,,,
29,A,basic,distributed,,,0.10.0,28a6b65e,2048,65536,4,512,3,0,56,0,"8,11,13,15,15,13,14,15,17,18,19,20,22,23,24,25,26,26,26,25,24,22,21,20,20,20,20,20,20,20,20,20,8,24,24,24,24,24,24,24,24,24,26,27,28,30,31,31,30,29,28,27,26,24,23,22,20,20,19,12,16,14,11,9",14,56,0,47,6,55,-1,0,"4,32,3",969,"19,6",360,1289,"19,6,1533",4108,"4,32",1415,"5,31",683,1,57,44,0,0,1279208,1717245,65536,1024,0,0,927,"524288,720896,851968,983040,491520,851968,917504,983040,1114112,1179648,1245184,1310720,1441792,1507328,1572864,1638400,1703936,851968,851968,819200,786432,720896,688128,655360,655360,655360,655360,655360,655360,655360,655360,655360,262144,786432,786432,786432,786432,786432,786432,786432,786432,786432,851968,884736,917504,983040,1015808,2031616,1966080,1900544,1835008,1769472,1703936,1572864,1507328,1441792,1310720,1310720,1245184,393216,1048576,917504,720896,589824",1380,1031246,0,386668,644578,0,27,0,16,"1,1,1,1,2,1,1,1,1,1,1,1,1,1,1,1,1,2,2,2,2,2,2,2,2,2,2,2,2,2,2,2,2,2,2,2,2,2,2,2,2,2,2,2,2,2,2,1,1,1,1,1,1,1,1,1,1,1,1,2,1,1,1,1","138351,157578,170548,195135,217215,238054,255565,275165,315001,333924,353109,377996,413794,440458,461179,488968,509760,529326,550574,568984,560178,593904,607245,625047,617229,622853,627802,612268,622333,628398,621881,623916,653020,698778,700226,691660,697480,703512,698691,707873,700102,704115,687946,680472,644077,635182,608224,588448,565337,557093,523915,510487,481427,455908,421572,409325,359642,350174,334005,352798,323700,278789,220825,174402",5,1,3082,0,2,5,1023.1438888888889,4,3600,161012,2048640,3686400,917504,,true,,,
29,A,basic,detour,,,0.10.0,00b2d965,2048,65536,4,512,3,0,51,0,"9,11,13,15,17,18,19,19,20,20,20,20,21,20,20,20,20,19,19,18,17,15,14,13,13,13,13,13,13,13,13,13,5,13,13,13,13,13,13,13,13,13,15,16,17,19,20,20,21,21,21,22,22,21,21,21,20,20,19,12,16,14,11,9",20,56,0,63,6,36,-1,0,"4,32,3",1302,"45,6",665,1873,"19,6,1112",4141,"4,32",2035,"19,7",2893,1,662,49,22186,1725,0,2613881,65536,1024,0,0,1637,"589824,720896,851968,983040,1114112,1179648,1245184,1245184,1310720,1310720,1310720,1310720,1376256,1310720,1310720,1310720,1310720,1245184,1245184,1179648,1114112,983040,917504,851968,851968,851968,851968,851968,851968,851968,851968,851968,327680,851968,851968,851968,851968,851968,851968,851968,851968,851968,983040,1048576,1114112,1245184,1310720,1310720,1376256,1376256,1376256,1441792,1441792,1376256,1376256,1376256,1310720,1310720,1245184,393216,1048576,917504,720896,589824",1041,1633671,0,698436,935235,0,44,0,19,"1,1,1,1,1,1,1,1,1,1,1,1,1,1,1,1,1,1,1,1,1,1,1,1,1,1,1,1,1,1,1,1,1,1,1,1,1,1,1,1,1,1,1,1,1,1,1,1,1,1,1,1,1,1,1,1,1,1,1,2,1,1,1,1","172873,214839,252842,269857,245762,275110,305584,316355,352660,369706,370181,378940,405420,376268,394332,386419,393729,371742,369861,341373,332866,295571,279121,251857,253432,253440,250013,247406,252279,255713,251199,250094,103615,235582,245381,242992,235683,238053,236238,240098,244575,236232,285743,308797,330360,370672,373529,374993,394810,397754,395370,418028,423484,394415,401323,394264,377832,367984,355719,361167,322181,288793,224363,173963",5,1,3107,0,40,5,1023.1369444444445,4,3600,1015716,1348297,3686400,1245184,,true,,,
30,A,basic,straight,,,0.10.0,1676a956,2048,65536,4,512,9,0,74,0,"7,9,11,13,13,13,13,13,13,13,13,13,13,13,13,13,13,13,13,13,13,13,13,13,13,13,13,13,13,13,13,13,9,13,13,13,13,13,13,13,13,13,13,13,13,13,13,13,13,13,13,13,13,13,13,13,13,13,13,8,13,11,9,7",18,50,0,63,10,80,2621,0,"4,32,3",474,"44,26",203,673,"42,26,1548",5028,"4,32",1854,"6,32",75,1,12,26,99020,2066,3624495,0,65536,1024,0,0,361,"458752,589824,720896,851968,851968,851968,851968,851968,851968,851968,851968,851968,851968,851968,851968,851968,851968,851968,851968,851968,851968,851968,851968,851968,851968,851968,851968,851968,851968,851968,851968,851968,589824,851968,851968,851968,851968,851968,851968,851968,851968,851968,851968,851968,851968,851968,851968,851968,851968,851968,851968,851968,851968,851968,851968,851968,851968,851968,851968,262144,851968,720896,589824,458752",799,379736,0,202748,176988,0,10,0,8,"1,1,1,1,1,1,1,1,1,1,1,1,1,1,1,1,1,1,1,1,1,1,1,1,1,1,1,1,1,1,1,1,1,1,1,1,1,1,1,1,1,1,1,1,1,1,1,1,1,1,1,1,1,1,1,1,1,1,1,2,1,1,1,1","125456,162383,177192,162628,103410,115607,119708,117080,129035,128519,135920,133287,138777,141251,144367,149252,149663,155096,157593,154422,160832,163534,160610,163123,165478,166332,170931,169407,178045,171775,176938,176308,121899,196920,196446,196576,204570,198433,201605,202959,203265,205387,211854,203842,209341,203779,209761,206834,207556,207928,204765,200471,193690,189508,190586,181370,177981,168831,168677,303373,280248,217550,180368,138584",5,1,3230,0,2,5,1023.1027777777778,4,3600,1596752,2981694,3686400,851968,,false,,,
30,A,basic,distributed,,,0.10.0,60d0656d,2048,65536,4,512,9,0,55,0,"8,11,13,15,17,18,19,19,21,22,23,24,26,27,28,29,30,30,30,29,28,26,25,24,24,24,24,24,24,24,24,24,14,24,24,24,24,24,24,24,24,24,26,27,28,30,31,31,30,29,28,27,26,24,23,22,20,20,19,12,16,14,11,9",14,50,0,63,6,55,-1,0,"4,32,3",875,"19,6",369,1233,"19,6,1801",4108,"4,32",1416,"5,31",1990,1,57,45,0,0,1533671,1708905,65536,1024,0,0,943,"524288,720896,851968,983040,1114112,1179648,1245184,1245184,1376256,1441792,1507328,1572864,1703936,1769472,1835008,1900544,1966080,983040,983040,950272,917504,851968,819200,786432,786432,786432,786432,786432,786432,786432,786432,786432,458752,786432,786432,786432,786432,786432,786432,786432,786432,786432,851968,884736,917504,983040,1015808,2031616,1966080,1900544,1835008,1769472,1703936,1572864,1507328,1441792,1310720,1310720,1245184,393216,1048576,917504,720896,589824",1468,1031866,0,394201,637665,0,27,0,16,"1,1,1,1,1,1,1,1,1,1,1,1,1,1,1,1,1,2,2,2,2,2,2,2,2,2,2,2,2,2,2,2,2,2,2,2,2,2,2,2,2,2,2,2,2,2,2,1,1,1,1,1,1,1,1,1,1,1,1,2,1,1,1,1","140600,172402,188720,207961,222347,234220,268906,285360,329318,346397,372235,396093,438329,457060,487137,504308,528821,551625,584126,593598,592383,635629,641245,673050,661527,668105,656775,659966,665123,662025,672627,666355,637463,691420,681081,696709,695959,686269,696293,696270,698786,698229,688515,660453,648101,628004,609802,586408,562738,550048,522890,499102,485546,445293,425383,400019,370422,344305,330490,344576,316606,281170,221126,173257",5,1,3080,0,2,5,1023.1444444444444,4,3600,161100,2035682,3686400,1245184,,true,,,
30,A,basic,detour,,,0.10.0,00b2d965,2048,65536,4,512,9,0,51,0,"9,11,13,15,17,18,19,19,20,20,20,20,21,20,20,20,20,19,19,18,17,15,14,13,13,13,13,13,13,13,13,13,5,13,13,13,13,13,13,13,13,13,15,16,17,19,20,20,21,21,21,22,22,21,21,21,20,20,19,12,16,14,11,9",20,50,0,63,6,36,-1,0,"4,32,3",1302,"45,6",665,1873,"19,6,1112",4141,"4,32",2035,"19,7",2893,1,662,49,22186,1725,0,2613881,65536,1024,0,0,1637,"589824,720896,851968,983040,1114112,1179648,1245184,1245184,1310720,1310720,1310720,1310720,1376256,1310720,1310720,1310720,1310720,1245184,1245184,1179648,1114112,983040,917504,851968,851968,851968,851968,851968,851968,851968,851968,851968,327680,851968,851968,851968,851968,851968,851968,851968,851968,851968,983040,1048576,1114112,1245184,1310720,1310720,1376256,1376256,1376256,1441792,1441792,1376256,1376256,1376256,1310720,1310720,1245184,393216,1048576,917504,720896,589824",1041,1633671,0,698436,935235,0,44,0,19,"1,1,1,1,1,1,1,1,1,1,1,1,1,1,1,1,1,1,1,1,1,1,1,1,1,1,1,1,1,1,1,1,1,1,1,1,1,1,1,1,1,1,1,1,1,1,1,1,1,1,1,1,1,1,1,1,1,1,1,2,1,1,1,1","172873,214839,252842,269857,245762,275110,305584,316355,352660,369706,370181,378940,405420,376268,394332,386419,393729,371742,369861,341373,332866,295571,279121,251857,253432,253440,250013,247406,252279,255713,251199,250094,103615,235582,245381,242992,235683,238053,236238,240098,244575,236232,285743,308797,330360,370672,373529,374993,394810,397754,395370,418028,423484,394415,401323,394264,377832,367984,355719,361167,322181,288793,224363,173963",5,1,3107,0,40,5,1023.1369444444445,4,3600,1015716,1348297,3686400,1245184,,true,,,
31,A,basic,straight,,,0.10.0,cd0f6f43,2048,65536,4,512,63,0,74,0,"7,9,11,13,13,13,13,13,13,13,13,13,13,13,13,13,13,13,13,13,13,13,13,13,13,13,13,13,13,13,13,13,13,13,13,13,13,13,13,13,13,13,13,13,13,13,13,13,13,13,13,13,13,13,13,13,13,13,13,8,13,11,9,7",18,0,0,63,10,80,2623,0,"4,32,3",511,"42,26",204,653,"39,26,3371",5028,"4,32",1854,"6,32",75,1,12,26,100473,2104,3817434,0,65536,1024,0,0,363,"458752,589824,720896,851968,851968,851968,851968,851968,851968,851968,851968,851968,851968,851968,851968,851968,851968,851968,851968,851968,851968,851968,851968,851968,851968,851968,851968,851968,851968,851968,851968,851968,851968,851968,851968,851968,851968,851968,851968,851968,851968,851968,851968,851968,851968,851968,851968,851968,851968,851968,851968,851968,851968,851968,851968,851968,851968,851968,851968,262144,851968,720896,589824,458752",803,378611,0,204958,173653,0,10,0,8,"1,1,1,1,1,1,1,1,1,1,1,1,1,1,1,1,1,1,1,1,1,1,1,1,1,1,1,1,1,1,1,1,1,1,1,1,1,1,1,1,1,1,1,1,1,1,1,1,1,1,1,1,1,1,1,1,1,1,1,2,1,1,1,1","126445,160099,174179,163548,102504,114194,121233,122818,130090,125340,134391,137160,137338,148960,141537,143492,154949,157959,153463,159428,160275,165220,167955,168569,167466,173771,171608,177332,180412,173792,186340,188715,180904,192139,195269,191400,200857,197593,199848,208633,204975,199070,216000,202803,205479,211731,205478,198582,208541,204334,204216,197485,195932,191445,184002,185296,175890,175269,163569,308510,278463,220563,186593,136812",5,1,3169,0,2,5,1023.1197222222222,4,3600,1608567,2980110,3686400,851968,,false,,,
31,A,basic,distributed,,,0.10.0,1fadf139,2048,65536,4,512,63,0,55,0,"9,11,13,15,17,18,19,19,21,22,23,24,26,27,28,29,30,30,30,29,28,26,25,24,24,24,24,24,24,24,24,24,24,24,24,24,24,24,24,24,24,24,26,27,28,30,31,31,30,29,28,27,26,24,23,22,20,20,19,12,16,14,11,9",14,0,0,63,6,55,-1,0,"4,32,3",982,"24,6",367,1267,"19,6,3267",4108,"4,32",1416,"5,31",1221,1,57,45,0,0,2279117,1627679,65536,1024,0,0,943,"589824,720896,851968,983040,1114112,1179648,1245184,1245184,1376256,1441792,1507328,1572864,1703936,1769472,1835008,1900544,1966080,983040,983040,950272,917504,851968,819200,786432,786432,786432,786432,786432,786432,786432,786432,786432,786432,786432,786432,786432,786432,786432,786432,786432,786432,786432,851968,884736,917504,983040,1015808,2031616,1966080,1900544,1835008,1769472,1703936,1572864,1507328,1441792,1310720,1310720,1245184,393216,1048576,917504,720896,589824",1478,1027962,0,393861,634101,0,27,0,16,"1,1,1,1,1,1,1,1,1,1,1,1,1,1,1,1,1,2,2,2,2,2,2,2,2,2,2,2,2,2,2,2,2,2,2,2,2,2,2,2,2,2,2,2,2,2,2,1,1,1,1,1,1,1,1,1,1,1,1,2,1,1,1,1","143884,165234,186041,211738,219556,241252,262993,282102,327233,347355,370652,395734,438300,458779,484898,509706,526715,562492,572595,598130,596473,637038,653372,667729,663247,669340,665944,666791,677282,667077,679584,674527,683381,685531,687670,688967,686056,689159,686833,699702,689888,696855,673042,665672,644091,620408,612425,582194,567030,541377,522047,500458,485697,443797,425136,403075,360756,356383,328080,351493,323721,275621,219844,174818",5,1,3081,0,2,5,1023.1441666666667,4,3600,157215,2038895,3686400,1245184,,true,,,
31,A,basic,detour,,,0.10.0,ebfaef7e,2048,65536,4,512,63,0,51,0,"9,11,13,15,17,18,19,19,20,20,20,20,21,20,20,20,20,19,19,18,17,15,14,13,13,13,13,13,13,13,13,13,13,13,13,13,13,13,13,13,13,13,15,16,17,19,20,20,21,21,21,22,22,21,21,21,20,20,19,12,16,14,11,9",20,0,0,63,6,36,-1,0,"4,32,3",1278,"28,6",646,1844,"19,6,2950",4141,"4,32",2070,"18,7",1950,1,1334,49,22268,1725,1053034,2489444,65536,1024,0,0,1635,"589824,720896,851968,983040,1114112,1179648,1245184,1245184,1310720,1310720,1310720,1310720,1376256,1310720,1310720,1310720,1310720,1245184,1245184,1179648,1114112,983040,917504,851968,851968,851968,851968,851968,851968,851968,851968,851968,851968,851968,851968,851968,851968,851968,851968,851968,851968,851968,983040,1048576,1114112,1245184,1310720,1310720,1376256,1376256,1376256,1441792,1441792,1376256,1376256,1376256,1310720,1310720,1245184,393216,1048576,917504,720896,589824",1049,1630421,0,698510,931911,0,44,0,19,"1,1,1,1,1,1,1,1,1,1,1,1,1,1,1,1,1,1,1,1,1,1,1,1,1,1,1,1,1,1,1,1,1,1,1,1,1,1,1,1,1,1,1,1,1,1,1,1,1,1,1,1,1,1,1,1,1,1,1,2,1,1,1,1","173663,212789,254704,267079,249065,277088,305443,315304,353908,367945,366595,377445,406659,384887,381316,388746,391766,365620,369210,347688,331228,287879,286373,252880,257907,246874,254358,249797,252584,243977,255636,241295,245413,240666,243069,250321,243848,238020,240598,247895,236540,238204,291600,311577,330246,359797,382518,371865,402752,392962,406418,415766,417458,396815,394000,398441,369652,376472,356324,355032,313851,285143,222057,174477",5,1,3105,0,39,5,1023.1375,4,3600,959148,1349558,3686400,1245184,,true,,,
32,A,basic,straight,,,0.10.0,fd515ca5,2048,0,8,512,1,0,41,0,"0,1,1,5,11,15,16,16,19,21,21,21,21,21,21,21,21,21,21,21,21,21,21,21,21,21,21,21,21,21,21,21,1,1,1,1,1,1,1,1,1,1,1,1,1,2,2,2,2,2,2,2,2,2,2,2,2,2,2,0,0,0,0,0",349,58,0,8,6,46,-1,65536,,3312,"29,22",634,3974,"30,22,3408",34989,"31,31",34989,"31,31",3600,13,3600,59,185124917,104318,1787850,0,65536,1024,0,0,1698,",65536,65536,109226,240298,196608,209715,349525,622592,1376256,1376256,1376256,1376256,1376256,1376256,1376256,1376256,1376256,1376256,1376256,1376256,1376256,1376256,1376256,1376256,1376256,1376256,1376256,1376256,1376256,1376256,1376256,65536,65536,65536,65536,65536,65536,65536,65536,65536,65536,65536,65536,65536,131072,131072,131072,131072,131072,131072,131072,131072,131072,131072,131072,131072,131072,131072,,,,,",1018,695182,0,694929,253,0,18,0,34,"0,1,1,3,3,5,5,3,2,1,1,1,1,1,1,1,1,1,1,1,1,1,1,1,1,1,1,1,1,1,1,1,1,1,1,1,1,1,1,1,1,1,1,1,1,1,1,1,1,1,1,1,1,1,1,1,1,1,1,0,0,0,0,0","318030,365298,410350,405667,221759,349466,346596,345379,372102,368899,370574,376343,386488,385477,380412,377610,385893,395573,382875,386016,403930,402227,391176,400415,392516,399234,372151,320856,286282,266861,240366,241175,0,91492,96732,101393,101928,106671,108861,111073,113132,119057,115243,118623,115068,117982,122251,121008,124095,120057,121627,119989,119267,116810,117230,114076,113184,110294,108989,143335,163474,127127,95560,54456",5,1,17992,28,28,5,1271.9252777777779,4,3600,0,1727016,3686400,209715,,false,,,
32,A,basic,distributed,,,0.10.0,24fd1958,2048,0,8,512,1,0,44,0,"10,12,13,14,17,19,21,26,30,30,32,33,34,35,36,37,38,39,40,40,40,40,40,40,40,40,40,40,40,40,40,40,6,40,40,40,40,40,40,40,40,40,40,40,40,40,40,39,38,37,36,35,34,33,32,31,30,29,28,22,25,23,21,18",19,58,0,8,6,41,-1,65536,,983,"19,2",318,1155,"30,22,2881",5060,"4,32",1948,"5,31",379,1,1344,56,788858,3594,769598,1828210,65536,1024,0,0,1547,"655360,786432,851968,917504,1114112,622592,458752,567978,1966080,983040,2097152,2162688,2228224,2293760,2359296,2424832,2490368,2555904,2621440,2621440,2621440,2621440,2621440,2621440,2621440,2621440,2621440,2621440,2621440,2621440,2621440,2621440,196608,2621440,2621440,2621440,2621440,2621440,2621440,2621440,2621440,2621440,2621440,2621440,2621440,2621440,2621440,2555904,2490368,2424832,2359296,2293760,2228224,2162688,2097152,2031616,1966080,1900544,1835008,720896,1638400,1507328,1376256,1179648",2175,1345661,0,616314,729347,0,36,0,21,"1,1,1,1,1,2,3,3,1,2,1,1,1,1,1,1,1,1,1,1,1,1,1,1,1,1,1,1,1,1,1,1,2,1,1,1,1,1,1,1,1,1,1,1,1,1,1,1,1,1,1,1,1,1,1,1,1,1,1,2,1,1,1,1","214940,247508,271198,300442,323345,340936,350919,378995,416624,431321,452495,476255,488638,517364,538712,562691,586216,601644,620150,628909,620908,615616,635709,633744,626294,633646,631993,621001,641449,646010,629021,646100,589975,668883,663372,671457,678151,683271,681895,688010,675992,684445,686058,693131,674121,666076,657640,646460,620633,611130,594491,580310,570160,550911,537182,517009,513255,485311,453066,495036,457225,429069,397240,334107",5,1,4036,0,2,5,1040.1925,4,3600,0,1535590,3686400,458752,,true,,,
32,A,basic,detour,,,0.10.0,9dc06f9f,2048,0,8,512,1,0,39,0,"18,20,22,24,26,27,28,28,29,29,29,29,29,29,29,29,29,28,28,27,26,24,23,22,21,21,21,21,21,21,21,21,5,21,21,21,21,21,21,21,21,23,24,25,27,28,29,30,30,30,30,30,30,30,30,30,30,29,28,22,25,23,21,18",20,58,0,63,6,20,-1,65536,,1148,"22,2",507,1501,"19,2,2642",4708,"4,32",2092,"5,31",1653,1,1142,61,439747,3592,0,2112530,65536,1024,0,0,3285,"1179648,1310720,1441792,1572864,1703936,1769472,1835008,1835008,1900544,1900544,1900544,1900544,1900544,1900544,1900544,1900544,1900544,1835008,1835008,1769472,1703936,1572864,1507328,1441792,1376256,1376256,1376256,1376256,1376256,1376256,1376256,1376256,327680,1376256,1376256,1376256,1376256,1376256,1376256,1376256,1376256,1507328,1572864,1638400,1769472,1835008,1900544,1966080,1966080,1966080,1966080,1966080,1966080,1966080,1966080,1966080,1966080,1900544,1835008,720896,1638400,1507328,1376256,1179648",1595,2065103,0,1083536,981567,0,56,0,23,"1,1,1,1,1,1,1,1,1,1,1,1,1,1,1,1,1,1,1,1,1,1,1,1,1,1,1,1,1,1,1,1,1,1,1,1,1,1,1,1,1,1,1,1,1,1,1,1,1,1,1,1,1,1,1,1,1,1,1,2,1,1,1,1","364971,412565,448865,471916,378139,400666,421752,432401,475425,486278,504731,516064,519756,533282,539195,548818,542390,527110,536091,517034,497994,454527,457451,429740,408568,403132,400346,410490,401434,402157,398405,400444,106446,382951,376221,391370,377980,384132,379219,380276,387763,426758,448197,470911,495277,537434,528998,551883,556165,557112,547582,551974,550464,549101,550589,548068,544081,522970,516790,538828,495603,472839,425422,361853",5,1,3682,0,2,5,1047.8175,4,3600,0,762461,3686400,1835008,,true,,,
33,A,basic,straight,,,0.10.0,5ae6ced8,2048,0,8,512,3,0,87,0,"0,0,0,1,3,3,3,3,3,3,3,5,5,5,5,5,5,5,5,5,5,5,5,5,5,5,5,5,5,5,5,5,3,21,21,21,21,21,21,21,21,21,21,21,21,21,21,21,21,21,21,21,21,21,21,21,21,21,21,16,18,15,11,3",20,56,0,33,33,88,2402,65536,,174,"35,22",46,225,"40,22,3232",18989,"4,32",2072,"27,32",253,7,164,13,12386763,3598,3552689,0,65536,1024,0,0,301,",,,65536,196608,196608,196608,196608,196608,196608,196608,327680,327680,327680,327680,327680,327680,327680,327680,327680,327680,327680,327680,327680,327680,327680,327680,327680,327680,327680,327680,327680,196608,1376256,1376256,1376256,1376256,1376256,1376256,1376256,1376256,1376256,1376256,1376256,1376256,1376256,1376256,1376256,1376256,1376256,1376256,1376256,1376256,1376256,1376256,1376256,1376256,1376256,1376256,524288,589824,327680,240298,98304",781,125386,0,0,125386,0,3,0,7,"0,0,0,1,1,1,1,1,1,1,1,1,1,1,1,1,1,1,1,1,1,1,1,1,1,1,1,1,1,1,1,1,1,1,1,1,1,1,1,1,1,1,1,1,1,1,1,1,1,1,1,1,1,1,1,1,1,1,1,2,2,3,3,2",",,0,8091,21335,47007,47130,47447,47796,47918,48229,48572,48693,48998,49336,49456,49755,50088,50207,50500,50829,50947,51235,51559,52425,52049,51599,51148,50971,50907,51075,51573,48140,259233,258001,262179,257749,264153,263766,258468,268428,259930,265336,252831,265311,254007,258690,259432,249873,251151,251922,249429,239915,239107,229406,226751,216608,214265,203878,467109,448113,403226,368074,329121",5,1,17964,0,23,5,1271.1730555555555,4,3600,0,3269530,3686400,196608,,false,,,
33,A,basic,distributed,,,0.10.0,974b7d10,2048,0,8,512,3,0,45,0,"10,12,13,14,17,18,19,20,22,23,24,25,26,27,28,29,30,31,32,32,32,32,32,32,32,32,32,32,32,32,32,32,8,40,40,40,40,40,40,40,40,40,40,40,40,40,40,39,38,37,36,35,34,33,32,31,30,29,28,22,25,23,21,18",19,56,0,33,6,44,-1,65536,,761,"34,2",290,1050,"19,2,3495",5053,"4,32",1948,"5,31",385,1,1521,55,784728,3594,1072910,1599200,65536,1024,0,0,1366,"655360,786432,851968,917504,1114112,1179648,1245184,1310720,1441792,1507328,1572864,1638400,1703936,1769472,1835008,1900544,1966080,2031616,2097152,2097152,2097152,2097152,2097152,2097152,2097152,2097152,2097152,2097152,2097152,2097152,2097152,2097152,262144,2621440,2621440,2621440,2621440,2621440,2621440,2621440,2621440,2621440,2621440,2621440,2621440,2621440,2621440,2555904,2490368,2424832,2359296,2293760,2228224,2162688,2097152,2031616,1966080,1900544,1835008,720896,1638400,1507328,1376256,1179648",1940,1304410,0,604418,699992,0,35,0,20,"1,1,1,1,1,1,1,1,1,1,1,1,1,1,1,1,1,1,1,1,1,1,1,1,1,1,1,1,1,1,1,1,2,1,1,1,1,1,1,1,1,1,1,1,1,1,1,1,1,1,1,1,1,1,1,1,1,1,1,2,1,1,1,1","195651,217196,231269,239471,315686,338122,345173,368942,404167,413541,434956,455935,479989,499057,519095,544063,561361,586245,609572,608379,604132,617390,625512,618611,625696,615994,633953,607037,625021,620454,615710,621073,632697,670391,692282,670295,679148,681476,682625,691001,683881,689314,698020,688365,684499,671102,674444,650734,634236,619786,604834,580830,576506,557602,535588,524851,510538,473479,460780,500297,463400,443533,411454,345290",5,1,4025,0,2,5,1039.6361111111112,4,3600,0,1623968,3686400,1245184,,true,,,
33,A,basic,detour,,,0.10.0,9dc06f9f,2048,0,8,512,3,0,39,0,"18,20,22,24,26,27,28,28,29,29,29,29,29,29,29,29,29,28,28,27,26,24,23,22,21,21,21,21,21,21,21,21,5,21,21,21,21,21,21,21,21,23,24,25,27,28,29,30,30,30,30,30,30,30,30,30,30,29,28,22,25,23,21,18",20,56,0,63,6,20,-1,65536,,1148,"22,2",507,1501,"19,2,2642",4708,"4,32",2092,"5,31",1653,1,1142,61,439747,3592,0,2112530,65536,1024,0,0,3285,"1179648,1310720,1441792,1572864,1703936,1769472,1835008,1835008,1900544,1900544,1900544,1900544,1900544,1900544,1900544,1900544,1900544,1835008,1835008,1769472,1703936,1572864,1507328,1441792,1376256,1376256,1376256,1376256,1376256,1376256,1376256,1376256,327680,1376256,1376256,1376256,1376256,1376256,1376256,1376256,1376256,1507328,1572864,1638400,1769472,1835008,1900544,1966080,1966080,1966080,1966080,1966080,1966080,1966080,1966080,1966080,1966080,1900544,1835008,720896,1638400,1507328,1376256,1179648",1595,2065103,0,1083536,981567,0,56,0,23,"1,1,1,1,1,1,1,1,1,1,1,1,1,1,1,1,1,1,1,1,1,1,1,1,1,1,1,1,1,1,1,1,1,1,1,1,1,1,1,1,1,1,1,1,1,1,1,1,1,1,1,1,1,1,1,1,1,1,1,2,1,1,1,1","364971,412565,448865,471916,378139,400666,421752,432401,475425,486278,504731,516064,519756,533282,539195,548818,542390,527110,536091,517034,497994,454527,457451,429740,408568,403132,400346,410490,401434,402157,398405,400444,106446,382951,376221,391370,377980,384132,379219,380276,387763,426758,448197,470911,495277,537434,528998,551883,556165,557112,547582,551974,550464,549101,550589,548068,544081,522970,516790,538828,495603,472839,425422,361853",5,1,3682,0,2,5,1047.8175,4,3600,0,762461,3686400,1835008,,true,,,
34,A,basic,straight,,,0.10.0,de34ddf6,2048,0,8,512,9,0,85,0,"0,0,0,2,6,9,14,15,18,19,21,21,21,21,21,21,21,21,21,21,21,21,21,21,21,21,21,21,21,21,21,21,9,21,21,21,21,21,21,21,21,21,21,21,21,21,21,21,21,21,21,21,21,21,21,21,21,21,21,16,16,14,10,2",20,50,0,8,6,87,2427,65536,,172,"38,22",64,208,"37,22,2986",18989,"4,32",2076,"27,32",1398,7,164,15,12386759,3598,3601067,0,65536,1024,0,0,318,",,,65536,131072,117964,183500,245760,393216,415061,1376256,1376256,1376256,1376256,1376256,1376256,1376256,1376256,1376256,1376256,1376256,1376256,1376256,1376256,1376256,1376256,1376256,1376256,1376256,1376256,1376256,1376256,589824,1376256,1376256,1376256,1376256,1376256,1376256,1376256,1376256,1376256,1376256,1376256,1376256,1376256,1376256,1376256,1376256,1376256,1376256,1376256,1376256,1376256,1376256,1376256,1376256,1376256,1376256,524288,524288,458752,327680,131072",1301,140737,0,20703,120034,0,3,0,8,"0,0,0,2,3,5,5,4,3,3,1,1,1,1,1,1,1,1,1,1,1,1,1,1,1,1,1,1,1,1,1,1,1,1,1,1,1,1,1,1,1,1,1,1,1,1,1,1,1,1,1,1,1,1,1,1,1,1,1,2,2,2,2,1","342695,372562,406640,207216,59256,130486,135469,137816,145196,147373,151152,159374,156423,161826,167154,173527,168042,181049,178947,183067,187629,189326,195178,194678,194515,197818,199258,202745,201192,206909,203527,203464,82779,245587,257991,252677,258381,251011,263358,255471,265838,255280,257503,257383,262547,255945,259673,252912,251675,248155,254019,239021,244022,230703,232527,223445,217223,212669,203894,471704,443144,403736,362844,317238",5,1,17964,0,23,5,1271.1730555555555,4,3600,0,3234729,3686400,183500,,false,,,
34,A,basic,distributed,,,0.10.0,17d8803f,2048,0,8,512,9,0,45,0,"10,12,13,14,17,18,20,21,23,28,28,28,30,34,34,36,38,39,40,40,40,40,40,40,40,40,40,40,40,40,40,40,14,40,40,40,40,40,40,40,40,40,40,40,40,40,40,39,38,37,36,35,34,33,32,31,30,29,28,22,25,23,21,18",19,50,0,16,6,44,-1,65536,,925,"23,2",294,1067,"19,2,2726",5060,"4,32",1948,"5,31",393,1,2426,55,786303,3594,1286352,1550784,65536,1024,0,0,1365,"655360,786432,851968,917504,1114112,1179648,655360,688128,753664,611669,611669,458752,491520,1114112,742741,1179648,2490368,2555904,2621440,2621440,2621440,2621440,2621440,2621440,2621440,2621440,2621440,2621440,2621440,2621440,2621440,2621440,458752,2621440,2621440,2621440,2621440,2621440,2621440,2621440,2621440,2621440,2621440,2621440,2621440,2621440,2621440,2555904,2490368,2424832,2359296,2293760,2228224,2162688,2097152,2031616,1966080,1900544,1835008,720896,1638400,1507328,1376256,1179648",2183,1292544,0,603116,689428,0,35,0,20,"1,1,1,1,1,1,2,2,2,3,3,4,4,2,3,2,1,1,1,1,1,1,1,1,1,1,1,1,1,1,1,1,2,1,1,1,1,1,1,1,1,1,1,1,1,1,1,1,1,1,1,1,1,1,1,1,1,1,1,2,1,1,1,1","209833,240323,269097,295706,318330,342199,356124,377085,407600,432790,445403,474911,488768,515844,540986,553989,584707,601033,621259,623217,625170,640786,638255,648791,640454,643524,641840,645801,637918,638832,647437,642505,625907,669552,659879,665987,676892,668698,677050,674697,673230,681881,678911,682067,673079,676316,665362,646318,624944,619542,592357,583696,569784,545755,542823,529225,505053,471581,459382,496981,481812,435348,407391,346993",5,1,4034,0,2,5,1039.7483333333332,4,3600,0,1628962,3686400,655360,,true,,,
34,A,basic,detour,,,0.10.0,9dc06f9f,2048,0,8,512,9,0,39,0,"18,20,22,24,26,27,28,28,29,29,29,29,29,29,29,29,29,28,28,27,26,24,23,22,21,21,21,21,21,21,21,21,5,21,21,21,21,21,21,21,21,23,24,25,27,28,29,30,30,30,30,30,30,30,30,30,30,29,28,22,25,23,21,18",20,50,0,63,6,20,-1,65536,,1148,"22,2",507,1501,"19,2,2642",4708,"4,32",2092,"5,31",1653,1,1142,61,439747,3592,0,2112530,65536,1024,0,0,3285,"1179648,1310720,1441792,1572864,1703936,1769472,1835008,1835008,1900544,1900544,1900544,1900544,1900544,1900544,1900544,1900544,1900544,1835008,1835008,1769472,1703936,1572864,1507328,1441792,1376256,1376256,1376256,1376256,1376256,1376256,1376256,1376256,327680,1376256,1376256,1376256,1376256,1376256,1376256,1376256,1376256,1507328,1572864,1638400,1769472,1835008,1900544,1966080,1966080,1966080,1966080,1966080,1966080,1966080,1966080,1966080,1966080,1900544,1835008,720896,1638400,1507328,1376256,1179648",1595,2065103,0,1083536,981567,0,56,0,23,"1,1,1,1,1,1,1,1,1,1,1,1,1,1,1,1,1,1,1,1,1,1,1,1,1,1,1,1,1,1,1,1,1,1,1,1,1,1,1,1,1,1,1,1,1,1,1,1,1,1,1,1,1,1,1,1,1,1,1,2,1,1,1,1","364971,412565,448865,471916,378139,400666,421752,432401,475425,486278,504731,516064,519756,533282,539195,548818,542390,527110,536091,517034,497994,454527,457451,429740,408568,403132,400346,410490,401434,402157,398405,400444,106446,382951,376221,391370,377980,384132,379219,380276,387763,426758,448197,470911,495277,537434,528998,551883,556165,557112,547582,551974,550464,549101,550589,548068,544081,522970,516790,538828,495603,472839,425422,361853",5,1,3682,0,2,5,1047.8175,4,3600,0,762461,3686400,1835008,,true,,,
35,A,basic,straight,,,0.10.0,129a000d,2048,0,8,512,63,0,85,0,"0,0,0,3,10,14,17,20,21,21,21,21,21,21,21,21,21,21,21,21,21,21,21,21,21,21,21,21,21,21,21,21,21,21,21,21,21,21,21,21,21,21,21,21,21,21,21,21,21,21,21,21,21,21,21,21,21,21,21,16,16,14,8,2",20,0,0,7,6,87,2425,65536,,156,"47,22",64,188,"38,22,3385",18989,"4,32",2076,"27,32",1214,7,164,15,12386759,3598,3722774,0,65536,1024,0,0,319,",,,65536,109226,183500,222822,655360,1376256,1376256,1376256,1376256,1376256,1376256,1376256,1376256,1376256,1376256,1376256,1376256,1376256,1376256,1376256,1376256,1376256,1376256,1376256,1376256,1376256,1376256,1376256,1376256,1376256,1376256,1376256,1376256,1376256,1376256,1376256,1376256,1376256,1376256,1376256,1376256,1376256,1376256,1376256,1376256,1376256,1376256,1376256,1376256,1376256,1376256,1376256,1376256,1376256,1376256,1376256,524288,524288,458752,174762,65536",1314,135728,0,26773,108955,0,3,0,8,"0,0,0,3,6,5,5,2,1,1,1,1,1,1,1,1,1,1,1,1,1,1,1,1,1,1,1,1,1,1,1,1,1,1,1,1,1,1,1,1,1,1,1,1,1,1,1,1,1,1,1,1,1,1,1,1,1,1,1,2,2,2,3,2","339697,372697,405642,217171,63343,136310,143988,150815,145531,154499,160945,163076,166615,173398,173466,182274,183731,189056,196142,194458,200539,201093,205699,207025,209729,210603,214765,214544,218965,220719,223330,232154,231398,234853,239188,241981,235893,248525,243830,250383,242382,249365,251407,244258,252553,245735,248268,250351,242381,244126,238809,237277,234494,226779,225917,214075,210794,208082,200004,461455,453390,398222,365511,324835",5,1,17964,0,23,5,1271.1730555555555,4,3600,0,3238832,3686400,222822,,false,,,
35,A,basic,distributed,,,0.10.0,5482d4c2,2048,0,8,512,63,0,44,0,"9,11,13,14,17,18,21,21,24,26,29,32,33,33,35,37,38,39,40,40,40,40,40,40,40,40,40,40,40,40,40,40,40,40,40,40,40,40,40,40,40,40,40,40,40,40,40,39,38,37,36,35,34,33,32,31,30,29,28,22,25,23,21,18",19,0,0,11,6,44,-1,65536,,758,"41,2",295,1001,"23,2,3538",5060,"4,32",1948,"5,31",399,1,2048,56,786983,3594,2641935,1439425,65536,1024,0,0,1364,"589824,720896,851968,917504,1114112,1179648,458752,688128,786432,851968,475136,1048576,2162688,720896,2293760,2424832,2490368,2555904,2621440,2621440,2621440,2621440,2621440,2621440,2621440,2621440,2621440,2621440,2621440,2621440,2621440,2621440,2621440,2621440,2621440,2621440,2621440,2621440,2621440,2621440,2621440,2621440,2621440,2621440,2621440,2621440,2621440,2555904,2490368,2424832,2359296,2293760,2228224,2162688,2097152,2031616,1966080,1900544,1835008,720896,1638400,1507328,1376256,1179648",2209,1287273,0,597792,689481,0,34,0,20,"1,1,1,1,1,1,3,2,2,2,4,2,1,3,1,1,1,1,1,1,1,1,1,1,1,1,1,1,1,1,1,1,1,1,1,1,1,1,1,1,1,1,1,1,1,1,1,1,1,1,1,1,1,1,1,1,1,1,1,2,1,1,1,1","211672,245871,268532,299432,321324,337121,359526,378783,414130,425811,449560,471844,493556,510653,535127,562677,578744,604234,623615,632363,628914,638106,644567,645110,651389,645750,643066,652103,649741,653013,653389,644075,654251,660016,652809,667442,660375,667707,666559,667626,674610,684939,669523,678187,676536,667602,659767,649451,628603,615034,599283,576816,573553,551832,534085,528481,496116,481227,450114,493431,476123,448369,404229,348195",5,1,4036,0,2,5,1039.8241666666668,4,3600,0,1631211,3686400,458752,,true,,,
35,A,basic,detour,,,0.10.0,591c7b87,2048,0,8,512,63,0,38,0,"18,20,22,24,26,27,28,28,29,29,29,29,29,29,29,29,29,28,28,27,26,24,23,22,21,21,21,21,21,21,21,21,21,21,21,21,21,21,21,21,21,23,24,25,27,28,29,30,30,30,30,30,30,30,30,30,30,29,28,22,25,23,21,18",20,0,0,63,6,20,-1,65536,,1057,"31,2",510,1371,"19,2,2998",4708,"4,32",2088,"5,31",908,1,2380,62,437762,3592,1574423,1905259,65536,1024,0,0,3218,"1179648,1310720,1441792,1572864,1703936,1769472,1835008,1835008,1900544,1900544,1900544,1900544,1900544,1900544,1900544,1900544,1900544,1835008,1835008,1769472,1703936,1572864,1507328,1441792,1376256,1376256,1376256,1376256,1376256,1376256,1376256,1376256,1376256,1376256,1376256,1376256,1376256,1376256,1376256,1376256,1376256,1507328,1572864,1638400,1769472,1835008,1900544,1966080,1966080,1966080,1966080,1966080,1966080,1966080,1966080,1966080,1966080,1900544,1835008,720896,1638400,1507328,1376256,1179648",1611,2056521,0,1061594,994927,0,55,0,23,"1,1,1,1,1,1,1,1,1,1,1,1,1,1,1,1,1,1,1,1,1,1,1,1,1,1,1,1,1,1,1,1,1,1,1,1,1,1,1,1,1,1,1,1,1,1,1,1,1,1,1,1,1,1,1,1,1,1,1,2,1,1,1,1","364200,413500,444839,484054,380035,393269,422013,438884,472642,489958,497078,522975,520663,532010,541061,535841,550128,530238,534378,511639,500787,457059,454279,428802,402518,411546,400087,393526,392681,400196,407398,395913,399878,388382,392311,397098,394190,392067,391436,388212,393826,435937,461594,478729,512671,532745,537573,556621,558729,558604,562290,551603,559570,552064,545992,545978,554480,522098,520041,546738,515679,471083,421555,361281",5,1,3671,0,2,5,1047.4180555555556,4,3600,0,773546,3686400,1835008,,true,,,
36,A,basic,straight,,,0.10.0,a535d20c,2048,65536,8,512,1,0,33,0,"15,17,19,21,21,21,21,21,21,21,21,21,21,21,21,21,21,21,21,21,21,21,21,21,21,21,21,21,21,21,21,21,1,9,9,10,11,9,10,12,12,12,12,12,10,11,12,12,12,13,12,10,11,8,6,6,5,5,5,0,0,0,0,0",39,58,0,63,6,43,-1,0,"4,32,3",2414,"24,22",601,3193,"27,22,3413",5028,"4,32",3942,"29,33",2846,1,12,67,1514589,26136,1683319,0,65536,1024,0,0,1484,"983040,1114112,1245184,1376256,1376256,1376256,1376256,1376256,1376256,1376256,1376256,1376256,1376256,1376256,1376256,1376256,1376256,1376256,1376256,1376256,1376256,1376256,1376256,1376256,1376256,1376256,1376256,1376256,1376256,1376256,1376256,1376256,65536,196608,294912,218453,360448,294912,218453,786432,786432,786432,786432,786432,655360,720896,786432,786432,393216,851968,393216,218453,240298,174762,393216,196608,327680,327680,327680,,,,,",1043,1193255,0,1172836,20419,0,32,0,24,"1,1,1,1,1,1,1,1,1,1,1,1,1,1,1,1,1,1,1,1,1,1,1,1,1,1,1,1,1,1,1,1,1,3,2,3,2,2,3,1,1,1,1,1,1,1,1,1,2,1,2,3,3,3,1,2,1,1,1,0,0,0,0,0","308624,360407,393585,420637,334806,364710,374233,377987,367095,389220,380642,378151,398073,390246,388529,391933,396570,381802,367651,386379,387312,384162,381687,377134,393245,383554,388531,383422,385297,389978,382834,387360,0,155455,166096,161219,170687,159824,163079,167115,167396,166630,166316,173225,165617,165216,176329,168794,168814,167255,168337,163250,165265,157571,155903,151945,149029,141035,147451,142373,173694,175208,164597,134972",5,1,3160,0,26,5,1023.1222222222223,4,3600,4001140,1595116,3686400,1376256,,false,,,
36,A,basic,distributed,,,0.10.0,ea7d628a,2048,65536,8,512,1,0,41,0,"18,20,22,24,26,27,28,28,30,31,32,33,34,35,36,37,38,39,40,40,40,40,40,40,40,40,40,40,40,40,40,40,6,40,40,40,40,40,40,40,40,40,40,40,40,40,40,39,38,37,36,35,34,33,32,31,30,29,28,22,25,23,21,18",14,58,0,63,6,37,-1,0,"4,32,3",858,"24,2",333,1034,"30,23,2546",4113,"4,32",1420,"5,31",3421,1,3441,59,280,115,747752,1584266,65536,1024,0,0,1678,"1179648,1310720,1441792,1572864,1703936,1769472,1835008,1835008,1966080,2031616,2097152,2162688,2228224,2293760,2359296,2424832,2490368,2555904,2621440,2621440,2621440,2621440,2621440,2621440,2621440,2621440,2621440,2621440,2621440,2621440,2621440,2621440,196608,2621440,2621440,2621440,2621440,2621440,2621440,2621440,2621440,2621440,2621440,2621440,2621440,2621440,2621440,2555904,2490368,2424832,2359296,2293760,2228224,2162688,2097152,2031616,1966080,1900544,1835008,720896,1638400,1507328,1376256,1179648",2175,1513093,0,863691,649402,0,41,0,21,"1,1,1,1,1,1,1,1,1,1,1,1,1,1,1,1,1,1,1,1,1,1,1,1,1,1,1,1,1,1,1,1,2,1,1,1,1,1,1,1,1,1,1,1,1,1,1,1,1,1,1,1,1,1,1,1,1,1,1,2,1,1,1,1","333205,363063,407367,409316,353333,378602,415449,428714,486041,516234,541599,573058,586551,625022,640445,660366,690323,706586,725680,725349,734047,733073,738020,741512,743343,746318,748124,737162,738550,728640,741861,742123,605572,695539,687646,703725,698182,693298,705796,707071,706185,710921,702946,709754,687385,690895,676697,667240,648717,630125,611507,600016,573118,569269,537044,542399,521985,489786,469908,505539,482474,439891,408481,349052",5,1,3087,0,2,5,1023.1425,4,3600,132581,1377989,3686400,1835008,,true,,,
36,A,basic,detour,,,0.10.0,52664cac,2048,65536,8,512,1,0,37,0,"18,20,22,24,26,27,28,28,29,29,29,29,29,29,29,29,29,28,28,27,26,24,23,22,21,21,21,21,21,21,21,21,5,21,21,21,21,21,21,21,21,23,24,25,27,28,29,30,30,30,30,30,30,30,30,30,30,29,28,22,25,23,21,18",14,58,0,63,6,18,-1,0,"4,32,3",1037,"19,2",464,1254,"25,2,2060",4130,"4,32",1477,"5,31",3420,1,1540,63,12683,1658,0,1879131,65536,1024,0,0,3373,"1179648,1310720,1441792,1572864,1703936,1769472,1835008,1835008,1900544,1900544,1900544,1900544,1900544,1900544,1900544,1900544,1900544,1835008,1835008,1769472,1703936,1572864,1507328,1441792,1376256,1376256,1376256,1376256,1376256,1376256,1376256,1376256,327680,1376256,1376256,1376256,1376256,1376256,1376256,1376256,1376256,1507328,1572864,1638400,1769472,1835008,1900544,1966080,1966080,1966080,1966080,1966080,1966080,1966080,1966080,1966080,1966080,1900544,1835008,720896,1638400,1507328,1376256,1179648",1595,2234860,0,1361286,873574,0,60,0,21,"1,1,1,1,1,1,1,1,1,1,1,1,1,1,1,1,1,1,1,1,1,1,1,1,1,1,1,1,1,1,1,1,1,1,1,1,1,1,1,1,1,1,1,1,1,1,1,1,1,1,1,1,1,1,1,1,1,1,1,2,1,1,1,1","364791,407412,450111,442338,386487,415537,450343,454315,499073,517667,530885,525125,547352,543532,553604,559844,561687,543169,529023,523064,504280,462378,450304,437230,415114,404439,409807,402216,415375,402288,407551,401956,105985,386773,389226,390244,393849,379983,388875,390068,386872,438171,456909,473072,510704,523887,544085,549893,564627,557847,549381,565472,558026,550590,557126,559897,548110,515128,519804,533527,503478,471268,425394,362874",5,1,3094,0,2,5,1023.1405555555556,4,3600,221008,675621,3686400,1835008,,true,,,
37,A,basic,straight,,,0.10.0,1e8c0b49,2048,65536,8,512,3,0,74,0,"6,10,18,18,19,19,20,21,21,21,21,21,21,21,21,21,21,21,21,21,21,21,21,21,21,21,21,21,21,21,21,21,3,21,21,21,21,21,21,21,21,21,21,21,21,21,21,21,21,21,21,21,21,21,21,21,21,21,21,16,21,19,17,13",18,56,0,7,6,78,2678,0,"4,32,3",349,"37,22",106,450,"35,22,2883",5028,"4,32",1855,"6,32",2434,1,12,26,93987,1937,3359182,0,65536,1024,0,0,368,"393216,327680,589824,393216,415061,415061,655360,1376256,1376256,1376256,1376256,1376256,1376256,1376256,1376256,1376256,1376256,1376256,1376256,1376256,1376256,1376256,1376256,1376256,1376256,1376256,1376256,1376256,1376256,1376256,1376256,1376256,196608,1376256,1376256,1376256,1376256,1376256,1376256,1376256,1376256,1376256,1376256,1376256,1376256,1376256,1376256,1376256,1376256,1376256,1376256,1376256,1376256,1376256,1376256,1376256,1376256,1376256,1376256,524288,1376256,1245184,1114112,425984",1297,460633,0,193712,266921,0,12,0,8,"1,2,2,3,3,3,2,1,1,1,1,1,1,1,1,1,1,1,1,1,1,1,1,1,1,1,1,1,1,1,1,1,1,1,1,1,1,1,1,1,1,1,1,1,1,1,1,1,1,1,1,1,1,1,1,1,1,1,1,2,1,1,1,2","217363,251684,249419,213310,124398,138744,148108,147071,151960,156663,155290,158300,163999,160071,166133,168479,168035,170841,170683,177559,173904,180853,181257,183547,183075,185037,186149,188600,189232,190109,191086,184778,53034,314241,317240,327141,315201,328348,318672,317148,324874,323690,319282,315820,324127,322498,317313,317654,315778,317962,310590,308693,305175,294642,297125,284593,280537,273180,273797,459377,451121,393687,364697,313840",5,1,3210,0,2,5,1023.1083333333333,4,3600,1700242,2899777,3686400,655360,,false,,,
37,A,basic,distributed,,,0.10.0,11f42548,2048,65536,8,512,3,0,45,0,"12,14,15,15,17,18,19,20,22,23,24,25,26,27,28,29,30,31,32,32,32,32,32,32,32,32,32,32,32,32,32,32,8,40,40,40,40,40,40,40,40,40,40,40,40,40,40,39,38,37,36,35,34,33,32,31,30,29,28,22,25,23,21,18",14,56,0,33,6,42,-1,0,"4,32,3",605,"29,2",264,872,"27,2,3153",4108,"4,32",1413,"5,31",130,1,57,55,0,0,1244786,1337280,65536,1024,0,0,1284,"786432,917504,983040,983040,1114112,1179648,1245184,1310720,1441792,1507328,1572864,1638400,1703936,1769472,1835008,1900544,1966080,2031616,2097152,2097152,2097152,2097152,2097152,2097152,2097152,2097152,2097152,2097152,2097152,2097152,2097152,2097152,262144,2621440,2621440,2621440,2621440,2621440,2621440,2621440,2621440,2621440,2621440,2621440,2621440,2621440,2621440,2555904,2490368,2424832,2359296,2293760,2228224,2162688,2097152,2031616,1966080,1900544,1835008,720896,1638400,1507328,1376256,1179648",1948,1423407,0,745463,677944,0,38,0,18,"1,1,1,1,1,1,1,1,1,1,1,1,1,1,1,1,1,1,1,1,1,1,1,1,1,1,1,1,1,1,1,1,2,1,1,1,1,1,1,1,1,1,1,1,1,1,1,1,1,1,1,1,1,1,1,1,1,1,1,2,1,1,1,1","209639,231510,248521,288995,312540,334832,351043,379123,409103,436669,449244,475057,497350,526021,537843,569770,580008,607223,617915,626244,619936,634296,638390,644049,623014,644151,627694,637141,634689,634855,628272,628387,656525,750640,745268,753123,765693,750634,753248,753744,753744,755780,753557,749653,751960,731698,731979,708746,698059,663044,656195,626516,613772,596311,575314,551011,536674,486506,477262,541436,503712,469982,435337,361056",5,1,3079,0,2,5,1023.1447222222222,4,3600,132190,1573823,3686400,1245184,,true,,,
37,A,basic,detour,,,0.10.0,52664cac,2048,65536,8,512,3,0,37,0,"18,20,22,24,26,27,28,28,29,29,29,29,29,29,29,29,29,28,28,27,26,24,23,22,21,21,21,21,21,21,21,21,5,21,21,21,21,21,21,21,21,23,24,25,27,28,29,30,30,30,30,30,30,30,30,30,30,29,28,22,25,23,21,18",14,56,0,63,6,18,-1,0,"4,32,3",1037,"19,2",464,1254,"25,2,2060",4130,"4,32",1477,"5,31",3420,1,1540,63,12683,1658,0,1879131,65536,1024,0,0,3373,"1179648,1310720,1441792,1572864,1703936,1769472,1835008,1835008,1900544,1900544,1900544,1900544,1900544,1900544,1900544,1900544,1900544,1835008,1835008,1769472,1703936,1572864,1507328,1441792,1376256,1376256,1376256,1376256,1376256,1376256,1376256,1376256,327680,1376256,1376256,1376256,1376256,1376256,1376256,1376256,1376256,1507328,1572864,1638400,1769472,1835008,1900544,1966080,1966080,1966080,1966080,1966080,1966080,1966080,1966080,1966080,1966080,1900544,1835008,720896,1638400,1507328,1376256,1179648",1595,2234860,0,1361286,873574,0,60,0,21,"1,1,1,1,1,1,1,1,1,1,1,1,1,1,1,1,1,1,1,1,1,1,1,1,1,1,1,1,1,1,1,1,1,1,1,1,1,1,1,1,1,1,1,1,1,1,1,1,1,1,1,1,1,1,1,1,1,1,1,2,1,1,1,1","364791,407412,450111,442338,386487,415537,450343,454315,499073,517667,530885,525125,547352,543532,553604,559844,561687,543169,529023,523064,504280,462378,450304,437230,415114,404439,409807,402216,415375,402288,407551,401956,105985,386773,389226,390244,393849,379983,388875,390068,386872,438171,456909,473072,510704,523887,544085,549893,564627,557847,549381,565472,558026,550590,557126,559897,548110,515128,519804,533527,503478,471268,425394,362874",5,1,3094,0,2,5,1023.1405555555556,4,3600,221008,675621,3686400,1835008,,true,,,
38,A,basic,straight,,,0.10.0,ce7475f3,2048,65536,8,512,9,0,69,0,"14,17,19,21,21,21,21,21,21,21,21,21,21,21,21,21,21,21,21,21,21,21,21,21,21,21,21,21,21,21,21,21,9,21,21,21,21,21,21,21,21,21,21,21,21,21,21,21,21,21,21,21,21,21,21,21,21,21,21,16,21,19,17,13",18,50,0,63,6,75,2767,0,"4,32,3",396,"34,22",143,446,"37,22,2708",5028,"4,32",1855,"6,32",2906,1,12,31,94431,1964,3475821,0,65536,1024,0,0,411,"458752,1114112,1245184,1376256,1376256,1376256,1376256,1376256,1376256,1376256,1376256,1376256,1376256,1376256,1376256,1376256,1376256,1376256,1376256,1376256,1376256,1376256,1376256,1376256,1376256,1376256,1376256,1376256,1376256,1376256,1376256,1376256,589824,1376256,1376256,1376256,1376256,1376256,1376256,1376256,1376256,1376256,1376256,1376256,1376256,1376256,1376256,1376256,1376256,1376256,1376256,1376256,1376256,1376256,1376256,1376256,1376256,1376256,1376256,524288,1376256,1245184,1114112,425984",1303,528230,0,263809,264421,0,14,0,9,"2,1,1,1,1,1,1,1,1,1,1,1,1,1,1,1,1,1,1,1,1,1,1,1,1,1,1,1,1,1,1,1,1,1,1,1,1,1,1,1,1,1,1,1,1,1,1,1,1,1,1,1,1,1,1,1,1,1,1,2,1,1,1,2","262159,291816,306308,278828,173903,191964,205516,209085,214697,218507,228312,230075,233990,243413,242992,243976,254618,256426,255169,259170,265519,257298,270598,274506,264355,274959,279641,279893,288944,279164,284285,280770,113115,312741,328599,319211,322412,326608,323495,336357,319126,330727,319030,331258,322928,318925,319007,329895,317218,327256,311626,312935,308092,308448,297632,286043,291501,273735,272182,475045,447188,404425,360878,315140",5,1,3203,0,2,5,1023.1102777777778,4,3600,1455849,2798236,3686400,1376256,,false,,,
38,A,basic,distributed,,,0.10.0,8b675633,2048,65536,8,512,9,0,45,0,"12,19,19,22,25,27,28,28,30,31,32,33,34,35,36,37,38,39,40,40,40,40,40,40,40,40,40,40,40,40,40,40,14,40,40,40,40,40,40,40,40,40,40,40,40,40,40,39,38,37,36,35,34,33,32,31,30,29,28,22,25,23,21,18",14,50,0,63,6,42,-1,0,"4,32,3",639,"42,2",266,878,"23,2,1928",4108,"4,32",1414,"5,31",2368,1,57,55,0,0,1445171,1294752,65536,1024,0,0,1283,"786432,622592,622592,480597,819200,1769472,1835008,1835008,1966080,2031616,2097152,2162688,2228224,2293760,2359296,2424832,2490368,2555904,2621440,2621440,2621440,2621440,2621440,2621440,2621440,2621440,2621440,2621440,2621440,2621440,2621440,2621440,458752,2621440,2621440,2621440,2621440,2621440,2621440,2621440,2621440,2621440,2621440,2621440,2621440,2621440,2621440,2555904,2490368,2424832,2359296,2293760,2228224,2162688,2097152,2031616,1966080,1900544,1835008,720896,1638400,1507328,1376256,1179648",2183,1414334,0,755156,659178,0,38,0,18,"1,2,2,3,2,1,1,1,1,1,1,1,1,1,1,1,1,1,1,1,1,1,1,1,1,1,1,1,1,1,1,1,2,1,1,1,1,1,1,1,1,1,1,1,1,1,1,1,1,1,1,1,1,1,1,1,1,1,1,2,1,1,1,1","235080,280271,295066,332386,325770,346646,370330,389903,439095,459948,479276,501687,531864,547973,576822,597255,619000,640906,659434,669922,671075,670428,684165,679681,679418,688042,688399,685488,685695,686678,685758,689083,636456,713810,716718,715765,722366,720725,723614,717064,730309,720555,736266,725736,719391,715667,721562,684776,676009,663132,631436,626327,593884,591978,564730,553918,521149,481852,475900,528304,504909,464595,427240,364599",5,1,3079,0,2,5,1023.1447222222222,4,3600,131950,1578359,3686400,1835008,,true,,,
38,A,basic,detour,,,0.10.0,52664cac,2048,65536,8,512,9,0,37,0,"18,20,22,24,26,27,28,28,29,29,29,29,29,29,29,29,29,28,28,27,26,24,23,22,21,21,21,21,21,21,21,21,5,21,21,21,21,21,21,21,21,23,24,25,27,28,29,30,30,30,30,30,30,30,30,30,30,29,28,22,25,23,21,18",14,50,0,63,6,18,-1,0,"4,32,3",1037,"19,2",464,1254,"25,2,2060",4130,"4,32",1477,"5,31",3420,1,1540,63,12683,1658,0,1879131,65536,1024,0,0,3373,"1179648,1310720,1441792,1572864,1703936,1769472,1835008,1835008,1900544,1900544,1900544,1900544,1900544,1900544,1900544,1900544,1900544,1835008,1835008,1769472,1703936,1572864,1507328,1441792,1376256,1376256,1376256,1376256,1376256,1376256,1376256,1376256,327680,1376256,1376256,1376256,1376256,1376256,1376256,1376256,1376256,1507328,1572864,1638400,1769472,1835008,1900544,1966080,1966080,1966080,1966080,1966080,1966080,1966080,1966080,1966080,1966080,1900544,1835008,720896,1638400,1507328,1376256,1179648",1595,2234860,0,1361286,873574,0,60,0,21,"1,1,1,1,1,1,1,1,1,1,1,1,1,1,1,1,1,1,1,1,1,1,1,1,1,1,1,1,1,1,1,1,1,1,1,1,1,1,1,1,1,1,1,1,1,1,1,1,1,1,1,1,1,1,1,1,1,1,1,2,1,1,1,1","364791,407412,450111,442338,386487,415537,450343,454315,499073,517667,530885,525125,547352,543532,553604,559844,561687,543169,529023,523064,504280,462378,450304,437230,415114,404439,409807,402216,415375,402288,407551,401956,105985,386773,389226,390244,393849,379983,388875,390068,386872,438171,456909,473072,510704,523887,544085,549893,564627,557847,549381,565472,558026,550590,557126,559897,548110,515128,519804,533527,503478,471268,425394,362874",5,1,3094,0,2,5,1023.1405555555556,4,3600,221008,675621,3686400,1835008,,true,,,
39,A,basic,straight,,,0.10.0,859f2136,2048,65536,8,512,63,0,68,0,"15,17,19,21,21,21,21,21,21,21,21,21,21,21,21,21,21,21,21,21,21,21,21,21,21,21,21,21,21,21,21,21,21,21,21,21,21,21,21,21,21,21,21,21,21,21,21,21,21,21,21,21,21,21,21,21,21,21,21,16,21,19,17,12",18,0,0,63,6,75,2769,0,"4,32,3",335,"45,22",142,428,"41,22,3040",5028,"4,32",1855,"6,32",1361,1,12,32,95684,1986,3805038,0,65536,1024,0,0,416,"983040,1114112,1245184,1376256,1376256,1376256,1376256,1376256,1376256,1376256,1376256,1376256,1376256,1376256,1376256,1376256,1376256,1376256,1376256,1376256,1376256,1376256,1376256,1376256,1376256,1376256,1376256,1376256,1376256,1376256,1376256,1376256,1376256,1376256,1376256,1376256,1376256,1376256,1376256,1376256,1376256,1376256,1376256,1376256,1376256,1376256,1376256,1376256,1376256,1376256,1376256,1376256,1376256,1376256,1376256,1376256,1376256,1376256,1376256,524288,1376256,1245184,1114112,393216",1315,524740,0,279181,245559,0,14,0,9,"1,1,1,1,1,1,1,1,1,1,1,1,1,1,1,1,1,1,1,1,1,1,1,1,1,1,1,1,1,1,1,1,1,1,1,1,1,1,1,1,1,1,1,1,1,1,1,1,1,1,1,1,1,1,1,1,1,1,1,2,1,1,1,2","260495,298969,314262,283102,181242,199830,210287,214794,218453,225716,234410,240318,241872,248958,251425,254184,264035,261272,272880,266235,276946,280392,277585,277303,292439,288773,288831,294072,293330,288620,306288,300660,298140,308820,314473,308179,324272,317590,309284,321967,314842,317186,323575,318292,323869,323905,311276,317694,311297,316757,304269,307388,306564,296944,299835,283027,286138,270944,263317,473005,443655,401904,362310,314698",5,1,3193,0,2,5,1023.1130555555555,4,3600,1487437,2796698,3686400,1376256,,false,,,
39,A,basic,distributed,,,0.10.0,34ea55dc,2048,65536,8,512,63,0,44,0,"12,17,21,22,26,27,28,28,30,31,32,33,34,35,36,37,38,39,40,40,40,40,40,40,40,40,40,40,40,40,40,40,40,40,40,40,40,40,40,40,40,40,40,40,40,40,40,39,38,37,36,35,34,33,32,31,30,29,28,22,25,23,21,18",14,0,0,63,6,42,-1,0,"4,32,3",647,"27,2",268,850,"19,2,2733",4108,"4,32",1413,"5,31",130,1,57,56,0,0,2616745,1200337,65536,1024,0,0,1282,"786432,371370,688128,720896,1703936,1769472,1835008,1835008,1966080,2031616,2097152,2162688,2228224,2293760,2359296,2424832,2490368,2555904,2621440,2621440,2621440,2621440,2621440,2621440,2621440,2621440,2621440,2621440,2621440,2621440,2621440,2621440,2621440,2621440,2621440,2621440,2621440,2621440,2621440,2621440,2621440,2621440,2621440,2621440,2621440,2621440,2621440,2555904,2490368,2424832,2359296,2293760,2228224,2162688,2097152,2031616,1966080,1900544,1835008,720896,1638400,1507328,1376256,1179648",2209,1407149,0,752455,654694,0,38,0,18,"1,3,2,2,1,1,1,1,1,1,1,1,1,1,1,1,1,1,1,1,1,1,1,1,1,1,1,1,1,1,1,1,1,1,1,1,1,1,1,1,1,1,1,1,1,1,1,1,1,1,1,1,1,1,1,1,1,1,1,2,1,1,1,1","242052,280004,307789,328812,317807,349372,378694,386001,443348,457313,488404,498398,531979,556535,579236,597087,613533,648837,663168,664579,677441,678318,689003,695779,681620,696780,697521,700690,690409,694290,686718,710922,691002,702572,714038,702703,699939,716513,714799,711064,726203,721782,725546,729679,718479,716974,701840,699378,661991,659722,639474,621876,595449,592593,563896,541770,526653,484596,482727,531643,501888,460012,429619,361379",5,1,3083,0,2,5,1023.1436111111111,4,3600,132034,1580664,3686400,1835008,,true,,,
39,A,basic,detour,,,0.10.0,3d36d476,2048,65536,8,512,63,0,36,0,"18,20,22,24,26,27,28,28,29,29,29,29,29,29,29,29,29,28,28,27,26,24,23,22,21,21,21,21,21,21,21,21,21,21,21,21,21,21,21,21,21,23,24,25,27,28,29,30,30,30,30,30,30,30,30,30,30,29,28,22,25,23,21,18",14,0,0,63,6,18,-1,0,"4,32,3",939,"24,2",464,1181,"20,2,2836",4129,"4,32",1476,"5,31",1454,1,2486,64,11968,1649,1385888,1695949,65536,1024,0,0,3289,"1179648,1310720,1441792,1572864,1703936,1769472,1835008,1835008,1900544,1900544,1900544,1900544,1900544,1900544,1900544,1900544,1900544,1835008,1835008,1769472,1703936,1572864,1507328,1441792,1376256,1376256,1376256,1376256,1376256,1376256,1376256,1376256,1376256,1376256,1376256,1376256,1376256,1376256,1376256,1376256,1376256,1507328,1572864,1638400,1769472,1835008,1900544,1966080,1966080,1966080,1966080,1966080,1966080,1966080,1966080,1966080,1966080,1900544,1835008,720896,1638400,1507328,1376256,1179648",1611,2225652,0,1347397,878255,0,60,0,20,"1,1,1,1,1,1,1,1,1,1,1,1,1,1,1,1,1,1,1,1,1,1,1,1,1,1,1,1,1,1,1,1,1,1,1,1,1,1,1,1,1,1,1,1,1,1,1,1,1,1,1,1,1,1,1,1,1,1,1,2,1,1,1,1","360902,406186,438319,453239,386094,414506,450260,458689,497323,511443,522577,533411,549982,549587,546927,564718,559233,539370,546714,514930,500336,472739,454877,436351,414756,402093,406516,410197,396560,401121,391768,417399,398094,401210,402416,407093,395710,397262,392232,388123,409928,433374,456268,478291,525033,525659,546841,562334,559363,569933,558583,548623,563417,549052,554559,551365,549188,541326,508570,546016,496713,472274,430278,366110",5,1,3094,0,2,5,1023.1405555555556,4,3600,183349,688149,3686400,1835008,,true,,,
40,A,basic,straight,,,0.10.0,02248ae3,2048,0,2,512,1,4096,74,0,"0,0,0,1,3,3,3,3,3,3,3,3,3,3,3,3,3,3,3,3,3,3,3,4,7,8,9,9,9,9,9,9,1,1,1,1,1,1,1,1,1,1,1,1,1,1,1,1,1,1,1,1,1,1,1,1,1,1,1,0,0,0,0,0",710,58,0,24,63,46,-1,65536,,1028,"28,28",112,1028,"31,28,1609",71012,"31,32",71012,"31,32",3600,27,3600,26,630806174,150897,1787850,0,65536,1024,0,0,2142,",,,65536,196608,196608,196608,196608,196608,196608,196608,196608,196608,196608,196608,196608,196608,196608,196608,196608,196608,196608,196608,262144,458752,524288,589824,589824,589824,589824,589824,589824,65536,65536,65536,65536,65536,65536,65536,65536,65536,65536,65536,65536,65536,65536,65536,65536,65536,65536,65536,65536,65536,65536,65536,65536,65536,65536,65536,,,,,",295,0,0,0,0,0,0,0,53,"0,0,0,1,1,1,1,1,1,1,1,1,1,1,1,1,1,1,1,1,1,1,1,1,1,1,1,1,1,1,1,1,1,1,1,1,1,1,1,1,1,1,1,1,1,1,1,1,1,1,1,1,1,1,1,1,1,1,1,0,0,0,0,0",",,0,8091,21335,47007,47130,47447,47796,47918,48229,48572,48693,48998,49336,49456,49755,50088,50207,50500,50829,50775,47590,65524,89386,94770,93211,93518,93534,93290,92939,92811,0,11385,15272,18138,20575,22600,24168,26658,28271,29670,31018,32633,34060,35428,37982,41401,42874,43091,41661,41859,42056,42252,42447,42641,42834,43033,43225,,,,,",5,1,17964,27,27,5,1271.1730555555555,4,3600,0,1731258,3686400,196608,,true,,,
40,A,basic,distributed,,,0.10.0,e286a7d4,2048,0,2,512,1,4096,94,0,"0,0,0,1,9,9,10,12,13,14,15,16,16,16,15,16,16,16,15,14,13,13,9,7,7,7,7,7,7,7,10,12,6,6,6,6,6,6,6,6,6,6,6,8,10,12,13,16,16,17,17,16,17,17,15,15,15,14,14,7,11,9,7,0",49,58,0,63,6,87,2489,65536,,1609,"61,35",54,1610,"61,35,2037",5036,"4,32",4930,"61,34",2034,1,60,6,1188351,10673,970344,2500762,65536,1024,0,0,465,",,,65536,589824,589824,655360,786432,851968,917504,983040,524288,524288,524288,491520,524288,524288,524288,491520,458752,425984,425984,294912,229376,229376,229376,229376,229376,229376,229376,327680,393216,196608,196608,196608,196608,196608,196608,196608,196608,196608,196608,196608,174762,327680,393216,425984,524288,524288,557056,557056,524288,557056,1114112,983040,983040,491520,917504,917504,152917,720896,589824,458752,",786,0,0,0,0,0,0,0,12,"0,0,0,1,1,1,1,1,1,1,1,2,2,2,2,2,2,2,2,2,2,2,2,2,2,2,2,2,2,2,2,2,2,2,2,2,2,2,2,2,2,2,2,3,2,2,2,2,2,2,2,2,2,1,1,1,2,1,1,3,1,1,1,0",",,,146862,118954,149774,169665,189059,221279,240277,260134,279109,306173,327268,345319,365824,384276,411365,435070,440736,429955,472141,562744,588042,589818,589716,589668,589595,589576,589922,663499,637815,599352,600986,601062,601053,600970,600976,601010,601017,601055,601031,601127,586628,511405,472926,439452,418686,396806,381762,348815,332716,319354,286216,272184,254949,230454,241948,223066,222224,150277,123843,98314,",5,1,4012,0,59,5,1038.8227777777777,4,3600,0,3235176,3686400,655360,,false,,,
40,A,basic,detour,,,0.10.0,7703f420,2048,0,2,512,1,4096,94,0,"0,0,0,0,8,9,10,12,13,14,13,14,14,14,13,14,14,15,13,12,11,11,7,5,5,5,5,5,5,5,5,5,5,5,5,5,5,5,5,5,5,5,5,8,9,11,12,13,15,16,16,15,16,16,16,16,15,15,14,7,11,9,7,0",101,58,0,63,6,85,2562,65536,,1594,"61,35",112,1596,"61,35,1045",10124,"60,34",10124,"60,34",1187,3,1187,6,4155808,9464,0,3439767,65536,1024,0,0,553,",,,,524288,589824,655360,786432,851968,917504,851968,917504,917504,917504,851968,917504,917504,983040,851968,786432,720896,720896,458752,327680,327680,327680,327680,327680,327680,327680,327680,327680,327680,327680,327680,327680,327680,327680,327680,327680,327680,327680,327680,524288,589824,720896,786432,851968,983040,1048576,1048576,983040,1048576,1048576,1048576,1048576,491520,983040,917504,152917,720896,589824,458752,",678,0,0,0,0,0,0,0,14,"0,0,0,0,1,1,1,1,1,1,1,1,1,1,1,1,1,1,1,1,1,1,1,1,1,1,1,1,1,1,1,1,1,1,1,1,1,1,1,1,1,1,1,1,1,1,1,1,1,1,1,1,1,1,1,1,2,1,1,3,1,1,1,0",",,,145290,128403,151879,165869,179780,210410,216922,213481,216708,241760,241426,224662,224053,248866,250585,232631,212277,199715,180036,140763,108525,105950,105722,105598,105468,105389,105291,105213,105114,104141,104928,104842,104757,104658,104566,104485,104385,104305,104185,110103,150007,177374,202317,232418,242428,253087,269383,249676,255284,268629,249044,257547,270443,251884,254819,238940,210925,152807,137502,111392,",5,1,3568,58,58,5,1035.9658333333334,4,3600,0,3160458,3686400,655360,,true,,,
41,A,basic,straight,,,0.10.0,a48d404d,2048,0,2,512,3,4096,98,0,"0,0,0,1,3,3,3,3,3,3,3,5,5,5,5,5,5,5,5,5,5,5,5,5,5,5,5,5,5,5,5,5,3,5,5,5,5,5,5,5,5,5,5,5,5,6,7,7,7,7,5,5,5,5,5,5,5,5,5,0,0,0,0,0",20,56,0,46,63,93,2290,65536,,0,,0,0,,18989,"4,32",2072,"27,32",253,7,164,2,12386763,3598,3552689,0,65536,1024,0,0,249,",,,65536,196608,196608,196608,196608,196608,196608,196608,327680,327680,327680,327680,327680,327680,327680,327680,327680,327680,327680,327680,327680,327680,327680,327680,327680,327680,327680,327680,327680,196608,327680,327680,327680,327680,327680,327680,327680,327680,327680,327680,327680,327680,393216,458752,458752,458752,458752,327680,327680,327680,327680,327680,327680,327680,327680,327680,,,,,",310,0,0,0,0,0,0,0,6,"0,0,0,1,1,1,1,1,1,1,1,1,1,1,1,1,1,1,1,1,1,1,1,1,1,1,1,1,1,1,1,1,1,1,1,1,1,1,1,1,1,1,1,1,1,1,1,1,1,1,1,1,1,1,1,1,1,1,1,0,0,0,0,0",",,0,8091,21335,47007,47130,47447,47796,47918,48229,48572,48693,48998,49336,49456,49755,50088,50207,50500,50829,50947,51235,51559,52425,52049,51599,51148,50971,50907,51075,51573,48140,54400,55530,56269,57249,58502,59618,61104,62292,63994,65602,67375,69062,70861,72617,74277,76077,76302,72536,72562,72550,72543,72572,72543,72562,72553,72536,,,,,",5,1,17964,0,23,5,1271.1730555555555,4,3600,0,3439175,3686400,196608,,false,,,
41,A,basic,distributed,,,0.10.0,c6d57d16,2048,0,2,512,3,4096,95,0,"0,0,0,1,9,9,10,12,13,14,15,16,16,16,15,16,16,16,15,14,13,13,9,7,7,7,7,7,7,7,7,7,7,7,7,7,7,7,7,7,7,7,7,9,11,13,14,17,17,18,18,17,17,17,15,14,14,14,14,7,11,9,7,0",49,56,0,63,6,87,2483,65536,,1608,"61,35",53,1608,"61,35,2021",5036,"4,32",4921,"61,34",2031,1,60,5,1181505,10626,976204,2500762,65536,1024,0,0,458,",,,65536,589824,589824,655360,786432,851968,917504,983040,524288,524288,524288,491520,524288,524288,524288,491520,458752,425984,425984,294912,229376,229376,229376,229376,229376,229376,229376,229376,229376,229376,229376,229376,229376,229376,229376,229376,229376,229376,229376,229376,196608,360448,425984,458752,557056,557056,589824,589824,557056,557056,1114112,983040,917504,458752,917504,917504,152917,720896,589824,458752,",782,0,0,0,0,0,0,0,12,"0,0,0,1,1,1,1,1,1,1,1,2,2,2,2,2,2,2,2,2,2,2,2,2,2,2,2,2,2,2,2,2,2,2,2,2,2,2,2,2,2,2,2,3,2,2,2,2,2,2,2,2,2,1,1,1,2,1,1,3,1,1,1,0",",,,146862,118954,149774,169665,189059,221279,240277,260134,279109,306173,327268,345319,365824,384276,411365,435070,440736,429955,472141,562744,588042,589818,589716,589668,589595,589576,589530,589484,589438,588997,589312,589379,589364,589277,589277,589302,589302,589332,589302,589277,575565,501636,464079,431841,411597,390416,375650,342661,327194,314353,281053,267278,251820,226789,238673,221564,221786,150275,123878,98359,",5,1,4012,0,59,5,1038.8227777777777,4,3600,0,3241107,3686400,655360,,true,,,
41,A,basic,detour,,,0.10.0,7703f420,2048,0,2,512,3,4096,94,0,"0,0,0,0,8,9,10,12,13,14,13,14,14,14,13,14,14,15,13,12,11,11,7,5,5,5,5,5,5,5,5,5,5,5,5,5,5,5,5,5,5,5,5,8,9,11,12,13,15,16,16,15,16,16,16,16,15,15,14,7,11,9,7,0",101,56,0,63,6,85,2562,65536,,1594,"61,35",112,1596,"61,35,1045",10124,"60,34",10124,"60,34",1187,3,1187,6,4155808,9464,0,3439767,65536,1024,0,0,553,",,,,524288,589824,655360,786432,851968,917504,851968,917504,917504,917504,851968,917504,917504,983040,851968,786432,720896,720896,458752,327680,327680,327680,327680,327680,327680,327680,327680,327680,327680,327680,327680,327680,327680,327680,327680,327680,327680,327680,327680,524288,589824,720896,786432,851968,983040,1048576,1048576,983040,1048576,1048576,1048576,1048576,491520,983040,917504,152917,720896,589824,458752,",678,0,0,0,0,0,0,0,14,"0,0,0,0,1,1,1,1,1,1,1,1,1,1,1,1,1,1,1,1,1,1,1,1,1,1,1,1,1,1,1,1,1,1,1,1,1,1,1,1,1,1,1,1,1,1,1,1,1,1,1,1,1,1,1,1,2,1,1,3,1,1,1,0",",,,145290,128403,151879,165869,179780,210410,216922,213481,216708,241760,241426,224662,224053,248866,250585,232631,212277,199715,180036,140763,108525,105950,105722,105598,105468,105389,105291,105213,105114,104141,104928,104842,104757,104658,104566,104485,104385,104305,104185,110103,150007,177374,202317,232418,242428,253087,269383,249676,255284,268629,249044,257547,270443,251884,254819,238940,210925,152807,137502,111392,",5,1,3568,58,58,5,1035.9658333333334,4,3600,0,3160458,3686400,655360,,true,,,
42,A,basic,straight,,,0.10.0,3d4b3329,2048,0,2,512,9,4096,98,0,"0,0,0,1,3,3,3,3,3,3,3,5,5,5,5,5,5,5,5,5,5,5,5,5,5,5,5,5,5,5,5,5,5,5,5,5,5,5,5,5,5,5,5,5,6,6,7,7,7,7,5,5,5,5,5,5,5,5,5,0,0,0,0,0",20,50,0,46,63,93,2290,65536,,0,,0,0,,18989,"4,32",2072,"27,32",253,7,164,2,12386763,3598,3552788,0,65536,1024,0,0,249,",,,65536,196608,196608,196608,196608,196608,196608,196608,327680,327680,327680,327680,327680,327680,327680,327680,327680,327680,327680,327680,327680,327680,327680,327680,327680,327680,327680,327680,327680,327680,327680,327680,327680,327680,327680,327680,327680,327680,327680,327680,327680,393216,393216,458752,458752,458752,458752,327680,327680,327680,327680,327680,327680,327680,327680,327680,,,,,",313,0,0,0,0,0,0,0,6,"0,0,0,1,1,1,1,1,1,1,1,1,1,1,1,1,1,1,1,1,1,1,1,1,1,1,1,1,1,1,1,1,1,1,1,1,1,1,1,1,1,1,1,1,1,1,1,1,1,1,1,1,1,1,1,1,1,1,1,0,0,0,0,0",",,0,8091,21335,47007,47130,47447,47796,47918,48229,48572,48693,48998,49336,49456,49755,50088,50207,50500,50829,50947,51235,51559,52425,52049,51599,51148,50971,50907,51075,51346,51742,57784,58105,58843,59696,60523,62321,63294,64439,66231,67483,68783,70748,72067,74040,75424,77277,77473,73534,73529,73534,73534,73529,73534,73534,73529,73534,,,,,",5,1,17964,0,23,5,1271.1730555555555,4,3600,0,3439184,3686400,196608,,false,,,
42,A,basic,distributed,,,0.10.0,44fce11e,2048,0,2,512,9,4096,95,0,"0,0,0,1,9,9,10,12,13,14,15,16,16,16,15,16,16,16,15,14,13,13,9,7,7,7,7,7,7,7,7,7,7,7,7,7,7,7,7,7,7,7,7,9,11,13,14,17,17,18,18,17,17,17,15,14,14,14,14,7,11,9,7,0",49,50,0,63,6,87,2483,65536,,1608,"61,35",53,1608,"61,35,2021",5036,"4,32",4921,"61,34",2031,1,60,5,1181505,10626,976204,2500762,65536,1024,0,0,458,",,,65536,589824,589824,655360,786432,851968,917504,983040,524288,524288,524288,491520,524288,524288,524288,491520,458752,425984,425984,294912,229376,229376,229376,229376,229376,229376,229376,229376,229376,229376,229376,229376,229376,229376,229376,229376,229376,229376,229376,229376,196608,360448,425984,458752,557056,557056,589824,589824,557056,557056,1114112,983040,917504,458752,917504,917504,152917,720896,589824,458752,",782,0,0,0,0,0,0,0,12,"0,0,0,1,1,1,1,1,1,1,1,2,2,2,2,2,2,2,2,2,2,2,2,2,2,2,2,2,2,2,2,2,2,2,2,2,2,2,2,2,2,2,2,3,2,2,2,2,2,2,2,2,2,1,1,1,2,1,1,3,1,1,1,0",",,,146862,118954,149774,169665,189059,221279,240277,260134,279109,306173,327268,345319,365824,384276,411365,435070,440736,429955,472141,562744,588042,589818,589716,589668,589595,589576,589530,589484,589438,589994,589312,589379,589364,589277,589277,589302,589302,589332,589302,589277,575565,501636,464079,431841,411597,390416,375650,342661,327194,314353,281053,267278,251820,226789,238673,221564,221786,150275,123878,98359,",5,1,4012,0,59,5,1038.8227777777777,4,3600,0,3241099,3686400,655360,,true,,,
42,A,basic,detour,,,0.10.0,7703f420,2048,0,2,512,9,4096,94,0,"0,0,0,0,8,9,10,12,13,14,13,14,14,14,13,14,14,15,13,12,11,11,7,5,5,5,5,5,5,5,5,5,5,5,5,5,5,5,5,5,5,5,5,8,9,11,12,13,15,16,16,15,16,16,16,16,15,15,14,7,11,9,7,0",101,50,0,63,6,85,2562,65536,,1594,"61,35",112,1596,"61,35,1045",10124,"60,34",10124,"60,34",1187,3,1187,6,4155808,9464,0,3439767,65536,1024,0,0,553,",,,,524288,589824,655360,786432,851968,917504,851968,917504,917504,917504,851968,917504,917504,983040,851968,786432,720896,720896,458752,327680,327680,327680,327680,327680,327680,327680,327680,327680,327680,327680,327680,327680,327680,327680,327680,327680,327680,327680,327680,524288,589824,720896,786432,851968,983040,1048576,1048576,983040,1048576,1048576,1048576,1048576,491520,983040,917504,152917,720896,589824,458752,",678,0,0,0,0,0,0,0,14,"0,0,0,0,1,1,1,1,1,1,1,1,1,1,1,1,1,1,1,1,1,1,1,1,1,1,1,1,1,1,1,1,1,1,1,1,1,1,1,1,1,1,1,1,1,1,1,1,1,1,1,1,1,1,1,1,2,1,1,3,1,1,1,0",",,,145290,128403,151879,165869,179780,210410,216922,213481,216708,241760,241426,224662,224053,248866,250585,232631,212277,199715,180036,140763,108525,105950,105722,105598,105468,105389,105291,105213,105114,104141,104928,104842,104757,104658,104566,104485,104385,104305,104185,110103,150007,177374,202317,232418,242428,253087,269383,249676,255284,268629,249044,257547,270443,251884,254819,238940,210925,152807,137502,111392,",5,1,3568,58,58,5,1035.9658333333334,4,3600,0,3160458,3686400,655360,,true,,,
43,A,basic,straight,,,0.10.0,3d4b3329,2048,0,2,512,63,4096,98,0,"0,0,0,1,3,3,3,3,3,3,3,5,5,5,5,5,5,5,5,5,5,5,5,5,5,5,5,5,5,5,5,5,5,5,5,5,5,5,5,5,5,5,5,5,6,6,7,7,7,7,5,5,5,5,5,5,5,5,5,0,0,0,0,0",20,0,0,46,63,93,2290,65536,,0,,0,0,,18989,"4,32",2072,"27,32",253,7,164,2,12386763,3598,3552788,0,65536,1024,0,0,249,",,,65536,196608,196608,196608,196608,196608,196608,196608,327680,327680,327680,327680,327680,327680,327680,327680,327680,327680,327680,327680,327680,327680,327680,327680,327680,327680,327680,327680,327680,327680,327680,327680,327680,327680,327680,327680,327680,327680,327680,327680,327680,393216,393216,458752,458752,458752,458752,327680,327680,327680,327680,327680,327680,327680,327680,327680,,,,,",313,0,0,0,0,0,0,0,6,"0,0,0,1,1,1,1,1,1,1,1,1,1,1,1,1,1,1,1,1,1,1,1,1,1,1,1,1,1,1,1,1,1,1,1,1,1,1,1,1,1,1,1,1,1,1,1,1,1,1,1,1,1,1,1,1,1,1,1,0,0,0,0,0",",,0,8091,21335,47007,47130,47447,47796,47918,48229,48572,48693,48998,49336,49456,49755,50088,50207,50500,50829,50947,51235,51559,52425,52049,51599,51148,50971,50907,51075,51346,51742,57784,58105,58843,59696,60523,62321,63294,64439,66231,67483,68783,70748,72067,74040,75424,77277,77473,73534,73529,73534,73534,73529,73534,73534,73529,73534,,,,,",5,1,17964,0,23,5,1271.1730555555555,4,3600,0,3439184,3686400,196608,,false,,,
43,A,basic,distributed,,,0.10.0,a7ceb6d6,2048,0,2,512,63,4096,95,0,"0,0,0,1,9,9,10,12,13,14,15,16,16,16,15,16,16,16,15,14,13,13,9,7,7,7,7,7,7,7,7,7,7,7,7,7,7,7,7,7,7,7,7,9,11,13,14,17,17,18,18,17,17,17,15,14,14,14,14,7,11,9,7,0",49,0,0,63,6,87,2483,65536,,1608,"61,35",52,1608,"61,35,2027",5036,"4,32",4921,"61,34",2037,1,60,5,1181446,10625,976204,2500762,65536,1024,0,0,458,",,,65536,589824,589824,655360,786432,851968,917504,983040,524288,524288,524288,491520,524288,524288,524288,491520,458752,425984,425984,294912,229376,229376,229376,229376,229376,229376,229376,229376,229376,229376,229376,229376,229376,229376,229376,229376,229376,229376,229376,229376,196608,360448,425984,458752,557056,557056,589824,589824,557056,557056,1114112,983040,917504,458752,917504,917504,152917,720896,589824,458752,",783,0,0,0,0,0,0,0,12,"0,0,0,1,1,1,1,1,1,1,1,2,2,2,2,2,2,2,2,2,2,2,2,2,2,2,2,2,2,2,2,2,2,2,2,2,2,2,2,2,2,2,2,3,2,2,2,2,2,2,2,2,2,1,1,1,2,1,1,3,1,1,1,0",",,,146862,118954,149774,169665,189059,221279,240277,260134,279109,306173,327268,345319,365824,384276,411365,435070,440736,429955,472141,562744,588042,589818,589716,589668,589595,589576,589530,589484,589438,589420,589402,589391,589302,589302,589277,589302,589238,589320,589277,589355,575565,501636,464079,431857,411632,390370,375636,342664,327227,314343,281041,267298,251842,226786,238668,221568,221836,150295,123883,98359,",5,1,4012,0,59,5,1038.8227777777777,4,3600,0,3241078,3686400,655360,,true,,,
43,A,basic,detour,,,0.10.0,8b886c58,2048,0,2,512,63,4096,94,0,"0,0,0,0,8,9,10,12,13,14,13,14,14,14,13,14,14,15,13,12,11,11,7,5,5,5,5,5,5,5,5,5,5,5,5,5,5,5,5,5,5,5,5,8,9,11,12,13,15,16,16,15,16,16,16,16,15,15,14,7,11,9,7,0",101,0,0,63,6,85,2562,65536,,1595,"61,35",110,1596,"61,35,1040",10124,"60,34",10124,"60,34",1176,3,1176,6,4155590,9464,0,3439767,65536,1024,0,0,553,",,,,524288,589824,655360,786432,851968,917504,851968,917504,917504,917504,851968,917504,917504,983040,851968,786432,720896,720896,458752,327680,327680,327680,327680,327680,327680,327680,327680,327680,327680,327680,327680,327680,327680,327680,327680,327680,327680,327680,327680,524288,589824,720896,786432,851968,983040,1048576,1048576,983040,1048576,1048576,1048576,1048576,491520,983040,917504,152917,720896,589824,458752,",680,0,0,0,0,0,0,0,14,"0,0,0,0,1,1,1,1,1,1,1,1,1,1,1,1,1,1,1,1,1,1,1,1,1,1,1,1,1,1,1,1,1,1,1,1,1,1,1,1,1,1,1,1,1,1,1,1,1,1,1,1,1,1,1,1,2,1,1,3,1,1,1,0",",,,145290,128403,151879,165869,179780,210410,216922,213481,216708,241760,241426,224662,224053,248866,250585,232631,212277,199715,180036,140763,108525,105950,105722,105598,105468,105389,105291,105213,105114,105009,104928,104842,104757,104658,104566,104485,104385,104305,104185,110103,150007,177333,202357,232421,242422,253106,269407,249680,255284,268628,249052,257536,270493,251905,254810,238956,210925,152813,137503,111392,",5,1,3568,58,58,5,1035.9658333333334,4,3600,0,3160402,3686400,655360,,true,,,
44,A,basic,straight,,,0.10.0,b2101bee,2048,65536,2,512,1,4096,18,0,"0,5,7,9,9,9,9,9,9,9,9,9,9,9,9,9,9,9,9,9,9,9,9,9,9,9,9,9,9,9,9,9,1,2,2,2,2,3,3,3,3,3,3,3,3,3,4,4,4,4,4,4,4,4,4,4,4,4,4,0,0,0,0,0",170,58,0,63,6,44,-1,0,"4,32,3",15777,"1,32",3646,15777,"1,32,3600",18215,"4,32",17038,"2,32",3600,6,3600,82,89757405,292033,1704708,0,65536,1024,0,0,2354,",327680,458752,589824,589824,589824,589824,589824,589824,589824,589824,589824,589824,589824,589824,589824,589824,589824,589824,589824,589824,589824,589824,589824,589824,589824,589824,589824,589824,589824,589824,589824,65536,131072,131072,131072,131072,196608,196608,196608,196608,196608,196608,196608,196608,196608,262144,262144,262144,262144,262144,262144,262144,262144,262144,262144,262144,262144,262144,,,,,",414,0,0,0,0,0,0,0,55,"0,1,1,1,1,1,1,1,1,1,1,1,1,1,1,1,1,1,1,1,1,1,1,1,1,1,1,1,1,1,1,1,1,1,1,1,1,1,1,1,1,1,1,1,1,1,1,1,1,1,1,1,1,1,1,1,1,1,1,0,0,0,0,0",",91088,128533,162362,162249,164237,161633,163931,161347,164828,162470,166181,163704,168098,165094,169466,165358,169561,165126,169801,165080,170147,165291,170453,165418,170674,165728,171573,165901,174367,168455,171694,0,26689,31815,35157,37511,39664,41376,43114,45644,47890,49488,51267,53515,55067,57202,58908,61163,61422,58976,59118,59229,59344,59460,59575,59747,59866,59866,,,,,",5,1,16167,0,2,5,1161.8647222222223,4,3600,3462469,1643992,3686400,589824,,true,,,
44,A,basic,distributed,,,0.10.0,e8a54a38,2048,65536,2,512,1,4096,94,0,"0,0,3,7,9,10,12,13,14,15,16,17,18,18,18,18,18,18,18,16,15,14,13,10,8,8,8,8,8,10,12,12,6,8,8,8,8,8,8,8,8,8,8,12,13,15,17,18,19,19,19,19,19,18,16,15,16,15,14,8,11,9,7,0",16,58,0,63,6,88,2465,0,"4,32,3",716,"61,35",56,716,"61,35,940",4108,"4,32",1694,"61,34",949,1,50,6,0,0,1165136,2305647,65536,1024,0,0,440,",,196608,458752,589824,655360,786432,851968,917504,983040,1048576,557056,589824,589824,589824,589824,589824,589824,589824,524288,491520,458752,425984,327680,262144,262144,262144,262144,262144,327680,393216,393216,196608,262144,262144,262144,262144,262144,262144,262144,262144,262144,262144,393216,425984,491520,557056,589824,622592,622592,622592,622592,1245184,1179648,1048576,983040,1048576,983040,917504,262144,720896,589824,458752,",816,0,0,0,0,0,0,0,11,"0,0,1,1,1,1,1,1,1,1,1,2,2,2,2,2,2,2,2,2,2,2,2,2,2,2,2,2,2,2,2,2,2,2,2,2,2,2,2,2,2,2,2,2,2,2,2,2,2,2,2,2,1,1,1,1,1,1,1,2,1,1,1,0",",,53725,118961,145323,167014,185136,206190,238264,258124,278312,299083,326784,350165,371703,393826,414650,443592,471021,480408,478274,518051,592044,620066,622016,622094,621987,622094,622028,639822,650154,597546,625242,628163,627997,627628,627745,627344,627490,627121,627222,627147,626360,605091,526505,487093,456414,437151,420487,398953,363909,348239,332337,296265,282443,265707,241992,246638,223413,203798,169297,144870,119999,",5,1,3084,0,59,5,1023.1433333333333,4,3600,741666,3259955,3686400,786432,,false,,,
44,A,basic,detour,,,0.10.0,33cc27b9,2048,65536,2,512,1,4096,92,0,"0,0,3,7,9,10,12,13,14,15,16,15,15,15,16,15,15,15,15,13,12,11,10,7,7,6,6,6,6,6,6,6,5,6,6,6,6,6,6,6,6,7,9,10,12,13,14,16,16,16,17,16,16,17,16,16,16,15,14,8,11,9,7,0",18,58,0,63,6,85,2557,0,"4,32,3",861,"61,35",178,861,"61,35,1229",4108,"4,32",1878,"61,34",1329,1,35,8,0,0,0,3431696,65536,1024,0,0,548,",,196608,458752,589824,655360,786432,851968,917504,983040,1048576,983040,983040,983040,1048576,983040,983040,983040,983040,851968,786432,720896,655360,458752,458752,393216,393216,393216,393216,393216,393216,393216,327680,393216,393216,393216,393216,393216,393216,393216,393216,458752,589824,655360,786432,851968,917504,1048576,1048576,1048576,1114112,1048576,1048576,1114112,1048576,1048576,1048576,983040,917504,262144,720896,589824,458752,",684,0,0,0,0,0,0,0,14,"0,0,1,1,1,1,1,1,1,1,1,1,1,1,1,1,1,1,1,1,1,1,1,1,1,1,1,1,1,1,1,1,1,1,1,1,1,1,1,1,1,1,1,1,1,1,1,1,1,1,1,1,1,1,1,1,1,1,1,2,1,1,1,0",",,55766,119383,150430,168927,185109,204107,237083,243719,233995,236673,256537,259975,244964,243312,262393,268003,249170,222922,208481,191930,151083,109058,102739,102479,102380,102139,102049,101960,101889,101848,100365,101822,101822,101822,101822,101822,101822,101822,101818,103438,121718,159696,182821,209145,237674,252977,271530,282138,264696,271368,280630,262824,270831,279798,259012,254801,237910,203793,179047,155607,129261,",5,1,3080,0,59,5,1023.1444444444444,4,3600,1382956,3165659,3686400,786432,,true,,,
45,A,basic,straight,,,0.10.0,83ce15bb,2048,65536,2,512,3,4096,97,0,"0,1,3,3,3,5,5,5,5,5,5,5,5,5,5,5,5,5,5,5,5,5,5,5,5,5,5,5,5,5,5,7,3,6,6,6,7,7,7,7,7,7,7,7,7,7,7,7,7,7,5,5,5,5,5,5,5,5,5,0,0,0,0,0",18,56,0,63,63,93,2280,0,"4,32,3",40,"1,32",0,40,"1,32,43",5028,"4,32",1867,"6,32",74,1,12,3,82895,1814,3564964,0,65536,1024,0,0,239,",65536,196608,196608,196608,327680,327680,327680,327680,327680,327680,327680,327680,327680,327680,327680,327680,327680,327680,327680,327680,327680,327680,327680,327680,327680,327680,327680,327680,327680,327680,458752,196608,393216,393216,393216,458752,458752,458752,458752,458752,458752,458752,458752,458752,458752,458752,458752,458752,458752,327680,327680,327680,327680,327680,327680,327680,327680,327680,,,,,",332,0,0,0,0,0,0,0,6,"0,1,1,1,1,1,1,1,1,1,1,1,1,1,1,1,1,1,1,1,1,1,1,1,1,1,1,1,1,1,1,1,1,1,1,1,1,1,1,1,1,1,1,1,1,1,1,1,1,1,1,1,1,1,1,1,1,1,1,0,0,0,0,0",",0,27662,42956,42532,49035,50662,51763,52931,53809,54443,55197,55783,56376,56962,57564,58195,58673,59235,59666,60150,60635,61106,61837,63153,63276,63599,63353,63463,63660,64386,71128,53273,65933,67712,68870,70832,72152,74201,76229,78222,80243,82190,84081,85932,87627,89409,91184,92668,92680,86545,86570,86570,86545,86557,86538,86570,86557,85782,,,,,",5,1,3142,0,2,5,1023.1272222222223,4,3600,1857261,3449173,3686400,327680,,false,,,
45,A,basic,distributed,,,0.10.0,44871129,2048,65536,2,512,3,4096,95,0,"0,0,3,7,9,10,12,13,14,15,16,17,18,18,18,18,18,18,18,16,15,14,13,10,8,8,8,8,8,8,8,8,8,8,8,8,8,8,8,8,8,8,8,12,13,15,17,18,19,19,19,19,19,18,16,15,16,15,14,8,11,9,7,0",16,56,0,63,6,88,2456,0,"4,32,3",716,"61,35",52,716,"61,35,938",4108,"4,32",1694,"61,34",959,1,50,5,0,0,1174184,2305647,65536,1024,0,0,429,",,196608,458752,589824,655360,786432,851968,917504,983040,1048576,557056,589824,589824,589824,589824,589824,589824,589824,524288,491520,458752,425984,327680,262144,262144,262144,262144,262144,262144,262144,262144,262144,262144,262144,262144,262144,262144,262144,262144,262144,262144,262144,393216,425984,491520,557056,589824,622592,622592,622592,622592,1245184,1179648,1048576,983040,1048576,983040,917504,262144,720896,589824,458752,",808,0,0,0,0,0,0,0,11,"0,0,1,1,1,1,1,1,1,1,1,2,2,2,2,2,2,2,2,2,2,2,2,2,2,2,2,2,2,2,2,2,2,2,2,2,2,2,2,2,2,2,2,2,2,2,2,2,2,2,2,2,1,1,1,1,1,1,1,2,1,1,1,0",",,53725,118961,145323,167014,185136,206190,238264,258124,278312,299083,326784,350165,371703,393826,414650,443592,471021,480408,478274,518051,592044,620066,622016,622094,621987,622094,622028,622070,622086,622010,622086,621995,622115,621995,622115,621966,622115,622007,622115,622007,621525,600250,521950,482834,452444,433583,417368,395995,361144,345615,330156,293875,280156,264555,240552,245789,222816,203238,169321,144950,120082,",5,1,3084,0,59,5,1023.1433333333333,4,3600,381430,3269182,3686400,786432,,true,,,
45,A,basic,detour,,,0.10.0,33cc27b9,2048,65536,2,512,3,4096,92,0,"0,0,3,7,9,10,12,13,14,15,16,15,15,15,16,15,15,15,15,13,12,11,10,7,7,6,6,6,6,6,6,6,5,6,6,6,6,6,6,6,6,7,9,10,12,13,14,16,16,16,17,16,16,17,16,16,16,15,14,8,11,9,7,0",18,56,0,63,6,85,2557,0,"4,32,3",861,"61,35",178,861,"61,35,1229",4108,"4,32",1878,"61,34",1329,1,35,8,0,0,0,3431696,65536,1024,0,0,548,",,196608,458752,589824,655360,786432,851968,917504,983040,1048576,983040,983040,983040,1048576,983040,983040,983040,983040,851968,786432,720896,655360,458752,458752,393216,393216,393216,393216,393216,393216,393216,327680,393216,393216,393216,393216,393216,393216,393216,393216,458752,589824,655360,786432,851968,917504,1048576,1048576,1048576,1114112,1048576,1048576,1114112,1048576,1048576,1048576,983040,917504,262144,720896,589824,458752,",684,0,0,0,0,0,0,0,14,"0,0,1,1,1,1,1,1,1,1,1,1,1,1,1,1,1,1,1,1,1,1,1,1,1,1,1,1,1,1,1,1,1,1,1,1,1,1,1,1,1,1,1,1,1,1,1,1,1,1,1,1,1,1,1,1,1,1,1,2,1,1,1,0",",,55766,119383,150430,168927,185109,204107,237083,243719,233995,236673,256537,259975,244964,243312,262393,268003,249170,222922,208481,191930,151083,109058,102739,102479,102380,102139,102049,101960,101889,101848,100365,101822,101822,101822,101822,101822,101822,101822,101818,103438,121718,159696,182821,209145,237674,252977,271530,282138,264696,271368,280630,262824,270831,279798,259012,254801,237910,203793,179047,155607,129261,",5,1,3080,0,59,5,1023.1444444444444,4,3600,1382956,3165659,3686400,786432,,true,,,
46,A,basic,straight,,,0.10.0,be3c69a8,2048,65536,2,512,9,4096,97,0,"0,1,3,3,3,5,5,5,5,5,5,5,5,5,5,5,5,5,5,5,5,5,5,5,5,5,5,5,5,5,5,5,5,7,7,7,7,7,7,7,7,7,7,7,7,7,7,7,7,7,5,5,5,5,5,5,5,5,5,0,0,0,0,0",18,50,0,63,63,93,2280,0,"4,32,3",40,"1,32",0,40,"1,32,43",5028,"4,32",1867,"6,32",74,1,12,3,82895,1814,3565632,0,65536,1024,0,0,239,",65536,196608,196608,196608,327680,327680,327680,327680,327680,327680,327680,327680,327680,327680,327680,327680,327680,327680,327680,327680,327680,327680,327680,327680,327680,327680,327680,327680,327680,327680,327680,327680,458752,458752,458752,458752,458752,458752,458752,458752,458752,458752,458752,458752,458752,458752,458752,458752,458752,327680,327680,327680,327680,327680,327680,327680,327680,327680,,,,,",334,0,0,0,0,0,0,0,6,"0,1,1,1,1,1,1,1,1,1,1,1,1,1,1,1,1,1,1,1,1,1,1,1,1,1,1,1,1,1,1,1,1,1,1,1,1,1,1,1,1,1,1,1,1,1,1,1,1,1,1,1,1,1,1,1,1,1,1,0,0,0,0,0",",0,27662,42956,42532,49035,50662,51763,52931,53809,54443,55197,55783,56376,56962,57564,58195,58673,59235,59666,60150,60635,61106,61837,63153,63276,63599,63353,63463,63660,63789,64234,65237,74785,75598,76422,77582,78774,79967,81360,82949,84524,86069,87657,89092,90567,91994,93337,94667,94814,88239,88229,88234,88239,88234,88234,88220,88234,87824,,,,,",5,1,3142,0,2,5,1023.1272222222223,4,3600,1740352,3449345,3686400,327680,,false,,,
46,A,basic,distributed,,,0.10.0,2124dc49,2048,65536,2,512,9,4096,95,0,"0,0,3,7,9,10,12,13,14,15,16,17,18,18,18,18,18,18,18,16,15,14,13,10,8,8,8,8,8,8,8,8,8,8,8,8,8,8,8,8,8,8,8,12,13,15,17,18,19,19,19,19,19,18,16,15,16,15,14,8,11,9,7,0",16,50,0,63,6,88,2456,0,"4,32,3",716,"61,35",52,716,"61,35,938",4108,"4,32",1694,"61,34",959,1,50,5,0,0,1174184,2305647,65536,1024,0,0,429,",,196608,458752,589824,655360,786432,851968,917504,983040,1048576,557056,589824,589824,589824,589824,589824,589824,589824,524288,491520,458752,425984,327680,262144,262144,262144,262144,262144,262144,262144,262144,262144,262144,262144,262144,262144,262144,262144,262144,262144,262144,262144,393216,425984,491520,557056,589824,622592,622592,622592,622592,1245184,1179648,1048576,983040,1048576,983040,917504,262144,720896,589824,458752,",808,0,0,0,0,0,0,0,11,"0,0,1,1,1,1,1,1,1,1,1,2,2,2,2,2,2,2,2,2,2,2,2,2,2,2,2,2,2,2,2,2,2,2,2,2,2,2,2,2,2,2,2,2,2,2,2,2,2,2,2,2,1,1,1,1,1,1,1,2,1,1,1,0",",,53725,118961,145323,167014,185136,206190,238264,258124,278312,299083,326784,350165,371703,393826,414650,443592,471021,480408,478274,518051,592044,620066,622016,622094,621987,622094,622028,622070,622086,622010,622720,621995,622115,621995,622115,621966,622115,622007,622115,622007,621525,600250,521950,482834,452444,433583,417368,395995,361144,345615,330156,293875,280156,264555,240552,245789,222816,203238,169321,144950,120082,",5,1,3084,0,59,5,1023.1433333333333,4,3600,381430,3269174,3686400,786432,,true,,,
46,A,basic,detour,,,0.10.0,33cc27b9,2048,65536,2,512,9,4096,92,0,"0,0,3,7,9,10,12,13,14,15,16,15,15,15,16,15,15,15,15,13,12,11,10,7,7,6,6,6,6,6,6,6,5,6,6,6,6,6,6,6,6,7,9,10,12,13,14,16,16,16,17,16,16,17,16,16,16,15,14,8,11,9,7,0",18,50,0,63,6,85,2557,0,"4,32,3",861,"61,35",178,861,"61,35,1229",4108,"4,32",1878,"61,34",1329,1,35,8,0,0,0,3431696,65536,1024,0,0,548,",,196608,458752,589824,655360,786432,851968,917504,983040,1048576,983040,983040,983040,1048576,983040,983040,983040,983040,851968,786432,720896,655360,458752,458752,393216,393216,393216,393216,393216,393216,393216,327680,393216,393216,393216,393216,393216,393216,393216,393216,458752,589824,655360,786432,851968,917504,1048576,1048576,1048576,1114112,1048576,1048576,1114112,1048576,1048576,1048576,983040,917504,262144,720896,589824,458752,",684,0,0,0,0,0,0,0,14,"0,0,1,1,1,1,1,1,1,1,1,1,1,1,1,1,1,1,1,1,1,1,1,1,1,1,1,1,1,1,1,1,1,1,1,1,1,1,1,1,1,1,1,1,1,1,1,1,1,1,1,1,1,1,1,1,1,1,1,2,1,1,1,0",",,55766,119383,150430,168927,185109,204107,237083,243719,233995,236673,256537,259975,244964,243312,262393,268003,249170,222922,208481,191930,151083,109058,102739,102479,102380,102139,102049,101960,101889,101848,100365,101822,101822,101822,101822,101822,101822,101822,101818,103438,121718,159696,182821,209145,237674,252977,271530,282138,264696,271368,280630,262824,270831,279798,259012,254801,237910,203793,179047,155607,129261,",5,1,3080,0,59,5,1023.1444444444444,4,3600,1382956,3165659,3686400,786432,,true,,,
47,A,basic,straight,,,0.10.0,be3c69a8,2048,65536,2,512,63,4096,97,0,"0,1,3,3,3,5,5,5,5,5,5,5,5,5,5,5,5,5,5,5,5,5,5,5,5,5,5,5,5,5,5,5,5,7,7,7,7,7,7,7,7,7,7,7,7,7,7,7,7,7,5,5,5,5,5,5,5,5,5,0,0,0,0,0",18,0,0,63,63,93,2280,0,"4,32,3",40,"1,32",0,40,"1,32,43",5028,"4,32",1867,"6,32",74,1,12,3,82895,1814,3565632,0,65536,1024,0,0,239,",65536,196608,196608,196608,327680,327680,327680,327680,327680,327680,327680,327680,327680,327680,327680,327680,327680,327680,327680,327680,327680,327680,327680,327680,327680,327680,327680,327680,327680,327680,327680,327680,458752,458752,458752,458752,458752,458752,458752,458752,458752,458752,458752,458752,458752,458752,458752,458752,458752,327680,327680,327680,327680,327680,327680,327680,327680,327680,,,,,",334,0,0,0,0,0,0,0,6,"0,1,1,1,1,1,1,1,1,1,1,1,1,1,1,1,1,1,1,1,1,1,1,1,1,1,1,1,1,1,1,1,1,1,1,1,1,1,1,1,1,1,1,1,1,1,1,1,1,1,1,1,1,1,1,1,1,1,1,0,0,0,0,0",",0,27662,42956,42532,49035,50662,51763,52931,53809,54443,55197,55783,56376,56962,57564,58195,58673,59235,59666,60150,60635,61106,61837,63153,63276,63599,63353,63463,63660,63789,64234,65237,74785,75598,76422,77582,78774,79967,81360,82949,84524,86069,87657,89092,90567,91994,93337,94667,94814,88239,88229,88234,88239,88234,88234,88220,88234,87824,,,,,",5,1,3142,0,2,5,1023.1272222222223,4,3600,1740352,3449345,3686400,327680,,false,,,
47,A,basic,distributed,,,0.10.0,811f9862,2048,65536,2,512,63,4096,95,0,"0,0,3,7,9,10,12,13,14,15,16,17,18,18,18,18,18,18,18,16,15,14,13,10,8,8,8,8,8,8,8,8,8,8,8,8,8,8,8,8,8,8,8,12,13,15,17,18,19,19,19,19,19,18,16,15,16,15,14,8,11,9,7,0",16,0,0,63,6,88,2456,0,"4,32,3",716,"61,35",51,716,"61,35,940",4108,"4,32",1694,"61,34",973,1,50,5,0,0,1174184,2305647,65536,1024,0,0,429,",,196608,458752,589824,655360,786432,851968,917504,983040,1048576,557056,589824,589824,589824,589824,589824,589824,589824,524288,491520,458752,425984,327680,262144,262144,262144,262144,262144,262144,262144,262144,262144,262144,262144,262144,262144,262144,262144,262144,262144,262144,262144,393216,425984,491520,557056,589824,622592,622592,622592,622592,1245184,1179648,1048576,983040,1048576,983040,917504,262144,720896,589824,458752,",810,0,0,0,0,0,0,0,11,"0,0,1,1,1,1,1,1,1,1,1,2,2,2,2,2,2,2,2,2,2,2,2,2,2,2,2,2,2,2,2,2,2,2,2,2,2,2,2,2,2,2,2,2,2,2,2,2,2,2,2,2,1,1,1,1,1,1,1,2,1,1,1,0",",,53725,118961,145323,167014,185136,206190,238264,258124,278312,299083,326784,350165,371703,393826,414650,443592,471021,480408,478274,518051,592044,620066,622016,622094,621987,622094,622028,622070,622086,622010,622086,621995,622115,621995,622115,621966,622115,622007,622115,622007,621525,600250,521955,482913,452463,433536,417331,395978,361144,345651,330168,293837,280138,264526,240599,245805,222771,203211,169333,144949,120089,",5,1,3084,0,59,5,1023.1433333333333,4,3600,381363,3269153,3686400,786432,,true,,,
47,A,basic,detour,,,0.10.0,9f3beb15,2048,65536,2,512,63,4096,92,0,"0,0,3,7,9,10,12,13,14,15,16,15,15,15,16,15,15,15,15,13,12,11,10,7,7,6,6,6,6,6,6,6,6,6,6,6,6,6,6,6,6,7,9,10,12,13,14,16,16,16,17,16,16,17,16,16,16,15,14,8,11,9,7,0",18,0,0,63,6,85,2557,0,"4,32,3",861,"61,35",175,861,"61,35,1239",4108,"4,32",1878,"61,34",1245,1,35,8,0,0,0,3431698,65536,1024,0,0,548,",,196608,458752,589824,655360,786432,851968,917504,983040,1048576,983040,983040,983040,1048576,983040,983040,983040,983040,851968,786432,720896,655360,458752,458752,393216,393216,393216,393216,393216,393216,393216,393216,393216,393216,393216,393216,393216,393216,393216,393216,458752,589824,655360,786432,851968,917504,1048576,1048576,1048576,1114112,1048576,1048576,1114112,1048576,1048576,1048576,983040,917504,262144,720896,589824,458752,",686,0,0,0,0,0,0,0,14,"0,0,1,1,1,1,1,1,1,1,1,1,1,1,1,1,1,1,1,1,1,1,1,1,1,1,1,1,1,1,1,1,1,1,1,1,1,1,1,1,1,1,1,1,1,1,1,1,1,1,1,1,1,1,1,1,1,1,1,2,1,1,1,0",",,55766,119383,150430,168927,185109,204107,237083,243719,233995,236673,256537,259975,244964,243312,262393,268003,249170,222922,208481,191930,151083,109058,102739,102479,102380,102139,102049,101960,101889,101838,101822,101822,101822,101822,101822,101822,101822,101822,101818,103438,121718,159713,182821,209105,237713,252963,271507,282138,264694,271379,280626,262814,270827,279785,259000,254801,237896,203725,179049,155596,129260,",5,1,3080,0,59,5,1023.1444444444444,4,3600,1386476,3165591,3686400,786432,,true,,,
