pointIndex,mode,runKind,inputName,perturbationPercent,perturbationIndex,engineVersion,stateHash,param.congestionReference,param.congestionWeight,param.edgeFluxMax,param.gapWidth,param.restoreWeight,measurement.advectionShare,measurement.backflowEvents,measurement.bandCells,measurement.bandThreshold,measurement.blockedCellCount,measurement.capacityLimitedAmount,measurement.coherenceLength,measurement.coherenceLengthSigma,measurement.completionRatio,measurement.completionStep,measurement.conductanceMin,measurement.conductanceMinCell,measurement.corridorEdgeDensityMax,measurement.corridorEdgeDensityMaxCell,measurement.corridorEdgeDensityMean,measurement.corridorEdgeDensityPeak,measurement.corridorEdgeDensityPeakCell,measurement.densityMax,measurement.densityMaxCell,measurement.densityMaxExSource,measurement.densityMaxExSourceCell,measurement.densityMaxExSourceStep,measurement.densityMaxRatio,measurement.densityMaxStep,measurement.diffusionShare,measurement.fluxLimitedAmount,measurement.fluxLimitedEvents,measurement.gapThroughput.central,measurement.gapThroughput.detour,measurement.guideMagnitudeMax,measurement.injectionBase,measurement.injectionRemainder,measurement.maxStagnation,measurement.meanResidency,measurement.meanSegmentWidth,measurement.occupiedCellsPeak,measurement.outOfField,measurement.outOfFieldByEdge.bottom,measurement.outOfFieldByEdge.left,measurement.outOfFieldByEdge.right,measurement.outOfFieldByEdge.top,measurement.outOfFieldRatio,measurement.outsideCorridorCells,measurement.remainingRatio,measurement.segmentCount,measurement.sigmaProfile,measurement.sinkCellCount,measurement.sourceCellCount,measurement.sourceDensityFinal,measurement.sourceDistance.densityMax,measurement.sourceDistance.densityMaxExSource,measurement.sourceExclusionCellCount,measurement.sourceOutflowAverage,measurement.sourcePositiveScoreDirections,measurement.sourcePositiveScoreDirectionsStep,measurement.throttledEdgeCount,measurement.totalCompleted,measurement.totalInjected,measurement.w0,sensitivityBasisPoints,criterion4Dominated,criterion2MedianTwiceBasisPoints,criterion3Median3TwiceBasisPoints,criterion3Median10TwiceBasisPoints
0,A,basic,straight,,,0.10.0,f1ff39b8,2048,0,512,1,4096,74,0,"0,0,0,1,3,3,3,3,3,3,3,3,3,3,3,3,3,3,3,3,3,3,3,4,7,8,9,9,9,9,9,9,1,1,1,1,1,1,1,1,1,1,1,1,1,1,1,1,1,1,1,1,1,1,1,1,1,1,1,0,0,0,0,0",709,58,0,24,63,46,-1,65536,,0,,,0,,70995,"31,32",70995,"31,32",3600,27,3600,26,630237476,150748,1787850,0,65536,1024,0,0,2142,",,,65536,196608,196608,196608,196608,196608,196608,196608,196608,196608,196608,196608,196608,196608,196608,196608,196608,196608,196608,196608,262144,458752,524288,589824,589824,589824,589824,589824,589824,65536,65536,65536,65536,65536,65536,65536,65536,65536,65536,65536,65536,65536,65536,65536,65536,65536,65536,65536,65536,65536,65536,65536,65536,65536,65536,65536,,,,,",310,0,0,0,0,0,0,0,53,"0,0,0,1,1,1,1,1,1,1,1,1,1,1,1,1,1,1,1,1,1,1,1,1,1,1,1,1,1,1,1,1,1,1,1,1,1,1,1,1,1,1,1,1,1,1,1,1,1,1,1,1,1,1,1,1,1,1,1,0,0,0,0,0",",,0,8091,21335,47007,47130,47447,47796,47918,48229,48572,48693,48998,49336,49456,49755,50088,50207,50500,50829,50793,47495,65198,89342,95275,93879,94153,94091,93805,93395,93264,0,11385,15272,18138,20575,22600,24168,26658,28271,29670,31018,32633,34060,35428,37982,41401,42874,43091,41661,41859,42056,42252,42447,42641,42834,43033,43225,,,,,",5,1,17964,27,27,5,1271.1730555555555,4,3600,0,1731258,3686400,196608,,true,,,
0,A,basic,distributed,,,0.10.0,e651dc95,2048,0,512,1,4096,94,0,"0,0,0,2,9,10,10,12,13,14,15,16,16,16,15,16,16,17,15,14,13,13,9,7,7,7,7,7,7,7,10,12,6,6,6,6,6,6,6,6,6,6,6,8,10,12,14,16,16,17,17,16,17,17,15,15,16,15,14,8,11,10,8,3",47,58,0,63,6,87,2492,65536,,0,,,0,,5036,"4,32",4784,"60,34",2405,1,60,6,1192451,10245,970344,2500705,65536,1024,0,0,467,",,,65536,589824,655360,655360,786432,851968,917504,983040,524288,524288,524288,491520,524288,524288,557056,491520,458752,425984,425984,294912,229376,229376,229376,229376,229376,229376,229376,327680,393216,196608,196608,196608,196608,196608,196608,196608,196608,196608,196608,196608,174762,327680,393216,458752,524288,524288,557056,557056,524288,557056,1114112,983040,983040,1048576,983040,917504,262144,720896,655360,524288,196608",800,2312,0,0,2312,0,0,0,12,"0,0,0,2,1,1,1,1,1,1,1,2,2,2,2,2,2,2,2,2,2,2,2,2,2,2,2,2,2,2,2,2,2,2,2,2,2,2,2,2,2,2,2,3,2,2,2,2,2,2,2,2,2,1,1,1,1,1,1,2,1,1,1,1",",,,148659,119188,149838,169984,189168,221169,240487,260256,279394,306200,327216,345477,365898,384104,411420,435199,440879,429961,472243,562542,588019,589762,589744,589726,589622,589576,589934,663499,637815,599294,600976,601130,601021,600997,600976,600973,601017,601024,601031,601154,586337,511438,472768,439492,418716,396832,381900,348884,332815,319460,286229,272248,255110,230583,242130,223287,222547,150935,127618,103038,70674",5,1,4012,0,58,5,1038.8227777777777,4,3600,0,3231356,3686400,655360,,false,,,
0,A,basic,detour,,,0.10.0,0fcddfb7,2048,0,512,1,4096,94,0,"0,0,0,0,8,9,10,12,13,14,13,14,14,14,13,14,14,15,13,12,11,11,7,5,5,5,5,5,5,5,5,5,5,5,5,5,5,5,5,5,5,5,5,8,9,11,12,13,15,16,16,15,16,16,16,16,15,15,14,7,11,10,8,1",102,58,0,63,6,85,2565,65536,,0,,,0,,10249,"60,34",10249,"60,34",1151,3,1151,6,4233244,9463,0,3439450,65536,1024,0,0,555,",,,,524288,589824,655360,786432,851968,917504,851968,917504,917504,917504,851968,917504,917504,983040,851968,786432,720896,720896,458752,327680,327680,327680,327680,327680,327680,327680,327680,327680,327680,327680,327680,327680,327680,327680,327680,327680,327680,327680,327680,524288,589824,720896,786432,851968,983040,1048576,1048576,983040,1048576,1048576,1048576,1048576,491520,983040,917504,152917,720896,655360,524288,65536",716,2719,0,0,2719,0,0,0,14,"0,0,0,0,1,1,1,1,1,1,1,1,1,1,1,1,1,1,1,1,1,1,1,1,1,1,1,1,1,1,1,1,1,1,1,1,1,1,1,1,1,1,1,1,1,1,1,1,1,1,1,1,1,1,1,1,2,1,1,3,1,1,1,1",",,,145957,128373,152064,166047,180385,210972,217402,213866,217520,242136,241538,224957,224939,249800,251103,232851,213063,200533,180557,140654,108480,105912,105701,105564,105439,105341,105254,105162,105078,104122,104896,104804,104724,104604,104544,104436,104350,104256,104167,110457,150353,177738,202553,232489,242362,253312,270066,251057,255780,269191,249986,258360,271285,252432,254902,239435,210662,153406,142098,115990,62328",5,1,3568,58,58,5,1035.9658333333334,4,3600,0,3156699,3686400,655360,,true,,,
1,A,basic,straight,,,0.10.0,a48d404d,2048,0,512,3,4096,98,0,"0,0,0,1,3,3,3,3,3,3,3,5,5,5,5,5,5,5,5,5,5,5,5,5,5,5,5,5,5,5,5,5,3,5,5,5,5,5,5,5,5,5,5,5,5,6,7,7,7,7,5,5,5,5,5,5,5,5,5,0,0,0,0,0",20,56,0,46,63,93,2290,65536,,0,,,0,,18989,"4,32",2072,"27,32",253,7,164,2,12386763,3598,3552689,0,65536,1024,0,0,249,",,,65536,196608,196608,196608,196608,196608,196608,196608,327680,327680,327680,327680,327680,327680,327680,327680,327680,327680,327680,327680,327680,327680,327680,327680,327680,327680,327680,327680,327680,196608,327680,327680,327680,327680,327680,327680,327680,327680,327680,327680,327680,327680,393216,458752,458752,458752,458752,327680,327680,327680,327680,327680,327680,327680,327680,327680,,,,,",310,0,0,0,0,0,0,0,6,"0,0,0,1,1,1,1,1,1,1,1,1,1,1,1,1,1,1,1,1,1,1,1,1,1,1,1,1,1,1,1,1,1,1,1,1,1,1,1,1,1,1,1,1,1,1,1,1,1,1,1,1,1,1,1,1,1,1,1,0,0,0,0,0",",,0,8091,21335,47007,47130,47447,47796,47918,48229,48572,48693,48998,49336,49456,49755,50088,50207,50500,50829,50947,51235,51559,52425,52049,51599,51148,50971,50907,51075,51573,48140,54400,55530,56269,57249,58502,59618,61104,62292,63994,65602,67375,69062,70861,72617,74277,76077,76302,72536,72562,72550,72543,72572,72543,72562,72553,72536,,,,,",5,1,17964,0,23,5,1271.1730555555555,4,3600,0,3439175,3686400,196608,,false,,,
1,A,basic,distributed,,,0.10.0,f460e690,2048,0,512,3,4096,95,0,"0,0,0,2,9,10,10,12,13,14,15,16,16,16,15,16,16,17,15,14,13,13,9,7,7,7,7,7,7,7,7,7,7,7,7,7,7,7,7,7,7,7,7,9,11,13,15,17,17,18,18,17,17,17,15,14,15,14,14,8,11,10,8,3",47,56,0,63,6,87,2486,65536,,0,,,0,,5036,"4,32",4765,"60,34",3423,1,60,5,1178577,10113,976204,2500705,65536,1024,0,0,460,",,,65536,589824,655360,655360,786432,851968,917504,983040,524288,524288,524288,491520,524288,524288,557056,491520,458752,425984,425984,294912,229376,229376,229376,229376,229376,229376,229376,229376,229376,229376,229376,229376,229376,229376,229376,229376,229376,229376,229376,229376,196608,360448,425984,491520,557056,557056,589824,589824,557056,557056,1114112,983040,917504,983040,917504,917504,262144,720896,655360,524288,196608",796,2295,0,0,2295,0,0,0,12,"0,0,0,2,1,1,1,1,1,1,1,2,2,2,2,2,2,2,2,2,2,2,2,2,2,2,2,2,2,2,2,2,2,2,2,2,2,2,2,2,2,2,2,3,2,2,2,2,2,2,2,2,2,1,1,1,1,1,1,2,1,1,1,1",",,,148659,119188,149838,169984,189168,221169,240487,260256,279394,306200,327216,345477,365898,384104,411420,435199,440879,429961,472243,562542,588019,589762,589744,589726,589622,589576,589542,589484,589438,588939,589302,589447,589332,589302,589277,589265,589302,589302,589302,589302,575282,501669,463929,431879,411627,390448,375780,342737,327279,314464,281081,267337,251985,226941,238869,221759,221775,150963,127661,103073,70674",5,1,4012,0,58,5,1038.8227777777777,4,3600,0,3237330,3686400,655360,,true,,,
1,A,basic,detour,,,0.10.0,0fcddfb7,2048,0,512,3,4096,94,0,"0,0,0,0,8,9,10,12,13,14,13,14,14,14,13,14,14,15,13,12,11,11,7,5,5,5,5,5,5,5,5,5,5,5,5,5,5,5,5,5,5,5,5,8,9,11,12,13,15,16,16,15,16,16,16,16,15,15,14,7,11,10,8,1",102,56,0,63,6,85,2565,65536,,0,,,0,,10249,"60,34",10249,"60,34",1151,3,1151,6,4233244,9463,0,3439450,65536,1024,0,0,555,",,,,524288,589824,655360,786432,851968,917504,851968,917504,917504,917504,851968,917504,917504,983040,851968,786432,720896,720896,458752,327680,327680,327680,327680,327680,327680,327680,327680,327680,327680,327680,327680,327680,327680,327680,327680,327680,327680,327680,327680,524288,589824,720896,786432,851968,983040,1048576,1048576,983040,1048576,1048576,1048576,1048576,491520,983040,917504,152917,720896,655360,524288,65536",716,2719,0,0,2719,0,0,0,14,"0,0,0,0,1,1,1,1,1,1,1,1,1,1,1,1,1,1,1,1,1,1,1,1,1,1,1,1,1,1,1,1,1,1,1,1,1,1,1,1,1,1,1,1,1,1,1,1,1,1,1,1,1,1,1,1,2,1,1,3,1,1,1,1",",,,145957,128373,152064,166047,180385,210972,217402,213866,217520,242136,241538,224957,224939,249800,251103,232851,213063,200533,180557,140654,108480,105912,105701,105564,105439,105341,105254,105162,105078,104122,104896,104804,104724,104604,104544,104436,104350,104256,104167,110457,150353,177738,202553,232489,242362,253312,270066,251057,255780,269191,249986,258360,271285,252432,254902,239435,210662,153406,142098,115990,62328",5,1,3568,58,58,5,1035.9658333333334,4,3600,0,3156699,3686400,655360,,true,,,
2,A,basic,straight,,,0.10.0,3d4b3329,2048,0,512,9,4096,98,0,"0,0,0,1,3,3,3,3,3,3,3,5,5,5,5,5,5,5,5,5,5,5,5,5,5,5,5,5,5,5,5,5,5,5,5,5,5,5,5,5,5,5,5,5,6,6,7,7,7,7,5,5,5,5,5,5,5,5,5,0,0,0,0,0",20,50,0,46,63,93,2290,65536,,0,,,0,,18989,"4,32",2072,"27,32",253,7,164,2,12386763,3598,3552788,0,65536,1024,0,0,249,",,,65536,196608,196608,196608,196608,196608,196608,196608,327680,327680,327680,327680,327680,327680,327680,327680,327680,327680,327680,327680,327680,327680,327680,327680,327680,327680,327680,327680,327680,327680,327680,327680,327680,327680,327680,327680,327680,327680,327680,327680,327680,393216,393216,458752,458752,458752,458752,327680,327680,327680,327680,327680,327680,327680,327680,327680,,,,,",313,0,0,0,0,0,0,0,6,"0,0,0,1,1,1,1,1,1,1,1,1,1,1,1,1,1,1,1,1,1,1,1,1,1,1,1,1,1,1,1,1,1,1,1,1,1,1,1,1,1,1,1,1,1,1,1,1,1,1,1,1,1,1,1,1,1,1,1,0,0,0,0,0",",,0,8091,21335,47007,47130,47447,47796,47918,48229,48572,48693,48998,49336,49456,49755,50088,50207,50500,50829,50947,51235,51559,52425,52049,51599,51148,50971,50907,51075,51346,51742,57784,58105,58843,59696,60523,62321,63294,64439,66231,67483,68783,70748,72067,74040,75424,77277,77473,73534,73529,73534,73534,73529,73534,73534,73529,73534,,,,,",5,1,17964,0,23,5,1271.1730555555555,4,3600,0,3439184,3686400,196608,,false,,,
2,A,basic,distributed,,,0.10.0,03c806d0,2048,0,512,9,4096,95,0,"0,0,0,2,9,10,10,12,13,14,15,16,16,16,15,16,16,17,15,14,13,13,9,7,7,7,7,7,7,7,7,7,7,7,7,7,7,7,7,7,7,7,7,9,11,13,15,17,17,18,18,17,17,17,15,14,15,14,14,8,11,10,8,3",47,50,0,63,6,87,2486,65536,,0,,,0,,5036,"4,32",4765,"60,34",3423,1,60,5,1178577,10113,976204,2500705,65536,1024,0,0,460,",,,65536,589824,655360,655360,786432,851968,917504,983040,524288,524288,524288,491520,524288,524288,557056,491520,458752,425984,425984,294912,229376,229376,229376,229376,229376,229376,229376,229376,229376,229376,229376,229376,229376,229376,229376,229376,229376,229376,229376,229376,196608,360448,425984,491520,557056,557056,589824,589824,557056,557056,1114112,983040,917504,983040,917504,917504,262144,720896,655360,524288,196608",796,2295,0,0,2295,0,0,0,12,"0,0,0,2,1,1,1,1,1,1,1,2,2,2,2,2,2,2,2,2,2,2,2,2,2,2,2,2,2,2,2,2,2,2,2,2,2,2,2,2,2,2,2,3,2,2,2,2,2,2,2,2,2,1,1,1,1,1,1,2,1,1,1,1",",,,148659,119188,149838,169984,189168,221169,240487,260256,279394,306200,327216,345477,365898,384104,411420,435199,440879,429961,472243,562542,588019,589762,589744,589726,589622,589576,589542,589484,589438,589937,589302,589447,589332,589302,589277,589265,589302,589302,589302,589302,575282,501669,463929,431879,411627,390448,375780,342737,327279,314464,281081,267337,251985,226941,238869,221759,221775,150963,127661,103073,70674",5,1,4012,0,58,5,1038.8227777777777,4,3600,0,3237322,3686400,655360,,true,,,
2,A,basic,detour,,,0.10.0,0fcddfb7,2048,0,512,9,4096,94,0,"0,0,0,0,8,9,10,12,13,14,13,14,14,14,13,14,14,15,13,12,11,11,7,5,5,5,5,5,5,5,5,5,5,5,5,5,5,5,5,5,5,5,5,8,9,11,12,13,15,16,16,15,16,16,16,16,15,15,14,7,11,10,8,1",102,50,0,63,6,85,2565,65536,,0,,,0,,10249,"60,34",10249,"60,34",1151,3,1151,6,4233244,9463,0,3439450,65536,1024,0,0,555,",,,,524288,589824,655360,786432,851968,917504,851968,917504,917504,917504,851968,917504,917504,983040,851968,786432,720896,720896,458752,327680,327680,327680,327680,327680,327680,327680,327680,327680,327680,327680,327680,327680,327680,327680,327680,327680,327680,327680,327680,524288,589824,720896,786432,851968,983040,1048576,1048576,983040,1048576,1048576,1048576,1048576,491520,983040,917504,152917,720896,655360,524288,65536",716,2719,0,0,2719,0,0,0,14,"0,0,0,0,1,1,1,1,1,1,1,1,1,1,1,1,1,1,1,1,1,1,1,1,1,1,1,1,1,1,1,1,1,1,1,1,1,1,1,1,1,1,1,1,1,1,1,1,1,1,1,1,1,1,1,1,2,1,1,3,1,1,1,1",",,,145957,128373,152064,166047,180385,210972,217402,213866,217520,242136,241538,224957,224939,249800,251103,232851,213063,200533,180557,140654,108480,105912,105701,105564,105439,105341,105254,105162,105078,104122,104896,104804,104724,104604,104544,104436,104350,104256,104167,110457,150353,177738,202553,232489,242362,253312,270066,251057,255780,269191,249986,258360,271285,252432,254902,239435,210662,153406,142098,115990,62328",5,1,3568,58,58,5,1035.9658333333334,4,3600,0,3156699,3686400,655360,,true,,,
3,A,basic,straight,,,0.10.0,3d4b3329,2048,0,512,63,4096,98,0,"0,0,0,1,3,3,3,3,3,3,3,5,5,5,5,5,5,5,5,5,5,5,5,5,5,5,5,5,5,5,5,5,5,5,5,5,5,5,5,5,5,5,5,5,6,6,7,7,7,7,5,5,5,5,5,5,5,5,5,0,0,0,0,0",20,0,0,46,63,93,2290,65536,,0,,,0,,18989,"4,32",2072,"27,32",253,7,164,2,12386763,3598,3552788,0,65536,1024,0,0,249,",,,65536,196608,196608,196608,196608,196608,196608,196608,327680,327680,327680,327680,327680,327680,327680,327680,327680,327680,327680,327680,327680,327680,327680,327680,327680,327680,327680,327680,327680,327680,327680,327680,327680,327680,327680,327680,327680,327680,327680,327680,327680,393216,393216,458752,458752,458752,458752,327680,327680,327680,327680,327680,327680,327680,327680,327680,,,,,",313,0,0,0,0,0,0,0,6,"0,0,0,1,1,1,1,1,1,1,1,1,1,1,1,1,1,1,1,1,1,1,1,1,1,1,1,1,1,1,1,1,1,1,1,1,1,1,1,1,1,1,1,1,1,1,1,1,1,1,1,1,1,1,1,1,1,1,1,0,0,0,0,0",",,0,8091,21335,47007,47130,47447,47796,47918,48229,48572,48693,48998,49336,49456,49755,50088,50207,50500,50829,50947,51235,51559,52425,52049,51599,51148,50971,50907,51075,51346,51742,57784,58105,58843,59696,60523,62321,63294,64439,66231,67483,68783,70748,72067,74040,75424,77277,77473,73534,73529,73534,73534,73529,73534,73534,73529,73534,,,,,",5,1,17964,0,23,5,1271.1730555555555,4,3600,0,3439184,3686400,196608,,false,,,
3,A,basic,distributed,,,0.10.0,166ef447,2048,0,512,63,4096,95,0,"0,0,0,2,9,10,10,12,13,14,15,16,16,16,15,16,16,17,15,14,13,13,9,7,7,7,7,7,7,7,7,7,7,7,7,7,7,7,7,7,7,7,7,9,11,13,15,17,17,18,18,17,17,17,15,14,15,14,14,8,11,10,8,3",47,0,0,63,6,87,2486,65536,,0,,,0,,5036,"4,32",4765,"60,34",3498,1,60,5,1178958,10115,976204,2500705,65536,1024,0,0,460,",,,65536,589824,655360,655360,786432,851968,917504,983040,524288,524288,524288,491520,524288,524288,557056,491520,458752,425984,425984,294912,229376,229376,229376,229376,229376,229376,229376,229376,229376,229376,229376,229376,229376,229376,229376,229376,229376,229376,229376,229376,196608,360448,425984,491520,557056,557056,589824,589824,557056,557056,1114112,983040,917504,983040,917504,917504,262144,720896,655360,524288,196608",797,2295,0,0,2295,0,0,0,12,"0,0,0,2,1,1,1,1,1,1,1,2,2,2,2,2,2,2,2,2,2,2,2,2,2,2,2,2,2,2,2,2,2,2,2,2,2,2,2,2,2,2,2,3,2,2,2,2,2,2,2,2,2,1,1,1,1,1,1,2,1,1,1,1",",,,148659,119188,149838,169984,189168,221169,240487,260256,279394,306200,327216,345477,365898,384104,411420,435199,440879,429961,472243,562542,588019,589762,589744,589726,589622,589576,589542,589484,589438,589364,589391,589332,589359,589277,589238,589302,589302,589302,589302,589328,575305,501669,463970,431879,411584,390466,375806,342711,327299,314454,281081,267371,251974,226930,238872,221763,221799,150957,127681,103066,70674",5,1,4012,0,58,5,1038.8227777777777,4,3600,0,3237300,3686400,655360,,true,,,
3,A,basic,detour,,,0.10.0,9de2f8cc,2048,0,512,63,4096,94,0,"0,0,0,0,8,9,10,12,13,14,13,14,14,14,13,14,14,15,13,12,11,11,7,5,5,5,5,5,5,5,5,5,5,5,5,5,5,5,5,5,5,5,5,8,9,11,12,13,15,16,16,15,16,16,16,16,15,15,14,7,11,10,8,1",102,0,0,63,6,85,2565,65536,,0,,,0,,10249,"60,34",10249,"60,34",1148,3,1148,6,4233196,9462,0,3439450,65536,1024,0,0,555,",,,,524288,589824,655360,786432,851968,917504,851968,917504,917504,917504,851968,917504,917504,983040,851968,786432,720896,720896,458752,327680,327680,327680,327680,327680,327680,327680,327680,327680,327680,327680,327680,327680,327680,327680,327680,327680,327680,327680,327680,524288,589824,720896,786432,851968,983040,1048576,1048576,983040,1048576,1048576,1048576,1048576,491520,983040,917504,152917,720896,655360,524288,65536",718,2720,0,0,2720,0,0,0,14,"0,0,0,0,1,1,1,1,1,1,1,1,1,1,1,1,1,1,1,1,1,1,1,1,1,1,1,1,1,1,1,1,1,1,1,1,1,1,1,1,1,1,1,1,1,1,1,1,1,1,1,1,1,1,1,1,2,1,1,3,1,1,1,1",",,,145957,128373,152064,166047,180385,210972,217402,213866,217520,242136,241538,224957,224939,249800,251103,232851,213063,200533,180557,140654,108480,105912,105701,105564,105439,105341,105254,105162,105078,104982,104896,104804,104724,104604,104544,104436,104350,104256,104167,110457,150350,177719,202562,232506,242362,253301,270113,251043,255791,269151,250024,258371,271277,252579,254897,239432,210638,153363,142107,115990,62328",5,1,3568,58,58,5,1035.9658333333334,4,3600,0,3156647,3686400,655360,,true,,,
4,A,basic,straight,,,0.10.0,f1ff39b8,4096,0,512,1,4096,74,0,"0,0,0,1,3,3,3,3,3,3,3,3,3,3,3,3,3,3,3,3,3,3,3,4,7,8,9,9,9,9,9,9,1,1,1,1,1,1,1,1,1,1,1,1,1,1,1,1,1,1,1,1,1,1,1,1,1,1,1,0,0,0,0,0",709,58,0,24,63,46,-1,65536,,0,,,0,,70995,"31,32",70995,"31,32",3600,27,3600,26,630237476,150748,1787850,0,65536,1024,0,0,2142,",,,65536,196608,196608,196608,196608,196608,196608,196608,196608,196608,196608,196608,196608,196608,196608,196608,196608,196608,196608,196608,262144,458752,524288,589824,589824,589824,589824,589824,589824,65536,65536,65536,65536,65536,65536,65536,65536,65536,65536,65536,65536,65536,65536,65536,65536,65536,65536,65536,65536,65536,65536,65536,65536,65536,65536,65536,,,,,",310,0,0,0,0,0,0,0,53,"0,0,0,1,1,1,1,1,1,1,1,1,1,1,1,1,1,1,1,1,1,1,1,1,1,1,1,1,1,1,1,1,1,1,1,1,1,1,1,1,1,1,1,1,1,1,1,1,1,1,1,1,1,1,1,1,1,1,1,0,0,0,0,0",",,0,8091,21335,47007,47130,47447,47796,47918,48229,48572,48693,48998,49336,49456,49755,50088,50207,50500,50829,50793,47495,65198,89342,95275,93879,94153,94091,93805,93395,93264,0,11385,15272,18138,20575,22600,24168,26658,28271,29670,31018,32633,34060,35428,37982,41401,42874,43091,41661,41859,42056,42252,42447,42641,42834,43033,43225,,,,,",5,1,17964,27,27,5,1271.1730555555555,4,3600,0,1731258,3686400,196608,,true,,,
4,A,basic,distributed,,,0.10.0,e651dc95,4096,0,512,1,4096,94,0,"0,0,0,2,9,10,10,12,13,14,15,16,16,16,15,16,16,17,15,14,13,13,9,7,7,7,7,7,7,7,10,12,6,6,6,6,6,6,6,6,6,6,6,8,10,12,14,16,16,17,17,16,17,17,15,15,16,15,14,8,11,10,8,3",47,58,0,63,6,87,2492,65536,,0,,,0,,5036,"4,32",4784,"60,34",2405,1,60,6,1192451,10245,970344,2500705,65536,1024,0,0,467,",,,65536,589824,655360,655360,786432,851968,917504,983040,524288,524288,524288,491520,524288,524288,557056,491520,458752,425984,425984,294912,229376,229376,229376,229376,229376,229376,229376,327680,393216,196608,196608,196608,196608,196608,196608,196608,196608,196608,196608,196608,174762,327680,393216,458752,524288,524288,557056,557056,524288,557056,1114112,983040,983040,1048576,983040,917504,262144,720896,655360,524288,196608",800,2312,0,0,2312,0,0,0,12,"0,0,0,2,1,1,1,1,1,1,1,2,2,2,2,2,2,2,2,2,2,2,2,2,2,2,2,2,2,2,2,2,2,2,2,2,2,2,2,2,2,2,2,3,2,2,2,2,2,2,2,2,2,1,1,1,1,1,1,2,1,1,1,1",",,,148659,119188,149838,169984,189168,221169,240487,260256,279394,306200,327216,345477,365898,384104,411420,435199,440879,429961,472243,562542,588019,589762,589744,589726,589622,589576,589934,663499,637815,599294,600976,601130,601021,600997,600976,600973,601017,601024,601031,601154,586337,511438,472768,439492,418716,396832,381900,348884,332815,319460,286229,272248,255110,230583,242130,223287,222547,150935,127618,103038,70674",5,1,4012,0,58,5,1038.8227777777777,4,3600,0,3231356,3686400,655360,,false,,,
4,A,basic,detour,,,0.10.0,0fcddfb7,4096,0,512,1,4096,94,0,"0,0,0,0,8,9,10,12,13,14,13,14,14,14,13,14,14,15,13,12,11,11,7,5,5,5,5,5,5,5,5,5,5,5,5,5,5,5,5,5,5,5,5,8,9,11,12,13,15,16,16,15,16,16,16,16,15,15,14,7,11,10,8,1",102,58,0,63,6,85,2565,65536,,0,,,0,,10249,"60,34",10249,"60,34",1151,3,1151,6,4233244,9463,0,3439450,65536,1024,0,0,555,",,,,524288,589824,655360,786432,851968,917504,851968,917504,917504,917504,851968,917504,917504,983040,851968,786432,720896,720896,458752,327680,327680,327680,327680,327680,327680,327680,327680,327680,327680,327680,327680,327680,327680,327680,327680,327680,327680,327680,327680,524288,589824,720896,786432,851968,983040,1048576,1048576,983040,1048576,1048576,1048576,1048576,491520,983040,917504,152917,720896,655360,524288,65536",716,2719,0,0,2719,0,0,0,14,"0,0,0,0,1,1,1,1,1,1,1,1,1,1,1,1,1,1,1,1,1,1,1,1,1,1,1,1,1,1,1,1,1,1,1,1,1,1,1,1,1,1,1,1,1,1,1,1,1,1,1,1,1,1,1,1,2,1,1,3,1,1,1,1",",,,145957,128373,152064,166047,180385,210972,217402,213866,217520,242136,241538,224957,224939,249800,251103,232851,213063,200533,180557,140654,108480,105912,105701,105564,105439,105341,105254,105162,105078,104122,104896,104804,104724,104604,104544,104436,104350,104256,104167,110457,150353,177738,202553,232489,242362,253312,270066,251057,255780,269191,249986,258360,271285,252432,254902,239435,210662,153406,142098,115990,62328",5,1,3568,58,58,5,1035.9658333333334,4,3600,0,3156699,3686400,655360,,true,,,
5,A,basic,straight,,,0.10.0,a48d404d,4096,0,512,3,4096,98,0,"0,0,0,1,3,3,3,3,3,3,3,5,5,5,5,5,5,5,5,5,5,5,5,5,5,5,5,5,5,5,5,5,3,5,5,5,5,5,5,5,5,5,5,5,5,6,7,7,7,7,5,5,5,5,5,5,5,5,5,0,0,0,0,0",20,56,0,46,63,93,2290,65536,,0,,,0,,18989,"4,32",2072,"27,32",253,7,164,2,12386763,3598,3552689,0,65536,1024,0,0,249,",,,65536,196608,196608,196608,196608,196608,196608,196608,327680,327680,327680,327680,327680,327680,327680,327680,327680,327680,327680,327680,327680,327680,327680,327680,327680,327680,327680,327680,327680,196608,327680,327680,327680,327680,327680,327680,327680,327680,327680,327680,327680,327680,393216,458752,458752,458752,458752,327680,327680,327680,327680,327680,327680,327680,327680,327680,,,,,",310,0,0,0,0,0,0,0,6,"0,0,0,1,1,1,1,1,1,1,1,1,1,1,1,1,1,1,1,1,1,1,1,1,1,1,1,1,1,1,1,1,1,1,1,1,1,1,1,1,1,1,1,1,1,1,1,1,1,1,1,1,1,1,1,1,1,1,1,0,0,0,0,0",",,0,8091,21335,47007,47130,47447,47796,47918,48229,48572,48693,48998,49336,49456,49755,50088,50207,50500,50829,50947,51235,51559,52425,52049,51599,51148,50971,50907,51075,51573,48140,54400,55530,56269,57249,58502,59618,61104,62292,63994,65602,67375,69062,70861,72617,74277,76077,76302,72536,72562,72550,72543,72572,72543,72562,72553,72536,,,,,",5,1,17964,0,23,5,1271.1730555555555,4,3600,0,3439175,3686400,196608,,false,,,
5,A,basic,distributed,,,0.10.0,f460e690,4096,0,512,3,4096,95,0,"0,0,0,2,9,10,10,12,13,14,15,16,16,16,15,16,16,17,15,14,13,13,9,7,7,7,7,7,7,7,7,7,7,7,7,7,7,7,7,7,7,7,7,9,11,13,15,17,17,18,18,17,17,17,15,14,15,14,14,8,11,10,8,3",47,56,0,63,6,87,2486,65536,,0,,,0,,5036,"4,32",4765,"60,34",3423,1,60,5,1178577,10113,976204,2500705,65536,1024,0,0,460,",,,65536,589824,655360,655360,786432,851968,917504,983040,524288,524288,524288,491520,524288,524288,557056,491520,458752,425984,425984,294912,229376,229376,229376,229376,229376,229376,229376,229376,229376,229376,229376,229376,229376,229376,229376,229376,229376,229376,229376,229376,196608,360448,425984,491520,557056,557056,589824,589824,557056,557056,1114112,983040,917504,983040,917504,917504,262144,720896,655360,524288,196608",796,2295,0,0,2295,0,0,0,12,"0,0,0,2,1,1,1,1,1,1,1,2,2,2,2,2,2,2,2,2,2,2,2,2,2,2,2,2,2,2,2,2,2,2,2,2,2,2,2,2,2,2,2,3,2,2,2,2,2,2,2,2,2,1,1,1,1,1,1,2,1,1,1,1",",,,148659,119188,149838,169984,189168,221169,240487,260256,279394,306200,327216,345477,365898,384104,411420,435199,440879,429961,472243,562542,588019,589762,589744,589726,589622,589576,589542,589484,589438,588939,589302,589447,589332,589302,589277,589265,589302,589302,589302,589302,575282,501669,463929,431879,411627,390448,375780,342737,327279,314464,281081,267337,251985,226941,238869,221759,221775,150963,127661,103073,70674",5,1,4012,0,58,5,1038.8227777777777,4,3600,0,3237330,3686400,655360,,true,,,
5,A,basic,detour,,,0.10.0,0fcddfb7,4096,0,512,3,4096,94,0,"0,0,0,0,8,9,10,12,13,14,13,14,14,14,13,14,14,15,13,12,11,11,7,5,5,5,5,5,5,5,5,5,5,5,5,5,5,5,5,5,5,5,5,8,9,11,12,13,15,16,16,15,16,16,16,16,15,15,14,7,11,10,8,1",102,56,0,63,6,85,2565,65536,,0,,,0,,10249,"60,34",10249,"60,34",1151,3,1151,6,4233244,9463,0,3439450,65536,1024,0,0,555,",,,,524288,589824,655360,786432,851968,917504,851968,917504,917504,917504,851968,917504,917504,983040,851968,786432,720896,720896,458752,327680,327680,327680,327680,327680,327680,327680,327680,327680,327680,327680,327680,327680,327680,327680,327680,327680,327680,327680,327680,524288,589824,720896,786432,851968,983040,1048576,1048576,983040,1048576,1048576,1048576,1048576,491520,983040,917504,152917,720896,655360,524288,65536",716,2719,0,0,2719,0,0,0,14,"0,0,0,0,1,1,1,1,1,1,1,1,1,1,1,1,1,1,1,1,1,1,1,1,1,1,1,1,1,1,1,1,1,1,1,1,1,1,1,1,1,1,1,1,1,1,1,1,1,1,1,1,1,1,1,1,2,1,1,3,1,1,1,1",",,,145957,128373,152064,166047,180385,210972,217402,213866,217520,242136,241538,224957,224939,249800,251103,232851,213063,200533,180557,140654,108480,105912,105701,105564,105439,105341,105254,105162,105078,104122,104896,104804,104724,104604,104544,104436,104350,104256,104167,110457,150353,177738,202553,232489,242362,253312,270066,251057,255780,269191,249986,258360,271285,252432,254902,239435,210662,153406,142098,115990,62328",5,1,3568,58,58,5,1035.9658333333334,4,3600,0,3156699,3686400,655360,,true,,,
6,A,basic,straight,,,0.10.0,3d4b3329,4096,0,512,9,4096,98,0,"0,0,0,1,3,3,3,3,3,3,3,5,5,5,5,5,5,5,5,5,5,5,5,5,5,5,5,5,5,5,5,5,5,5,5,5,5,5,5,5,5,5,5,5,6,6,7,7,7,7,5,5,5,5,5,5,5,5,5,0,0,0,0,0",20,50,0,46,63,93,2290,65536,,0,,,0,,18989,"4,32",2072,"27,32",253,7,164,2,12386763,3598,3552788,0,65536,1024,0,0,249,",,,65536,196608,196608,196608,196608,196608,196608,196608,327680,327680,327680,327680,327680,327680,327680,327680,327680,327680,327680,327680,327680,327680,327680,327680,327680,327680,327680,327680,327680,327680,327680,327680,327680,327680,327680,327680,327680,327680,327680,327680,327680,393216,393216,458752,458752,458752,458752,327680,327680,327680,327680,327680,327680,327680,327680,327680,,,,,",313,0,0,0,0,0,0,0,6,"0,0,0,1,1,1,1,1,1,1,1,1,1,1,1,1,1,1,1,1,1,1,1,1,1,1,1,1,1,1,1,1,1,1,1,1,1,1,1,1,1,1,1,1,1,1,1,1,1,1,1,1,1,1,1,1,1,1,1,0,0,0,0,0",",,0,8091,21335,47007,47130,47447,47796,47918,48229,48572,48693,48998,49336,49456,49755,50088,50207,50500,50829,50947,51235,51559,52425,52049,51599,51148,50971,50907,51075,51346,51742,57784,58105,58843,59696,60523,62321,63294,64439,66231,67483,68783,70748,72067,74040,75424,77277,77473,73534,73529,73534,73534,73529,73534,73534,73529,73534,,,,,",5,1,17964,0,23,5,1271.1730555555555,4,3600,0,3439184,3686400,196608,,false,,,
6,A,basic,distributed,,,0.10.0,03c806d0,4096,0,512,9,4096,95,0,"0,0,0,2,9,10,10,12,13,14,15,16,16,16,15,16,16,17,15,14,13,13,9,7,7,7,7,7,7,7,7,7,7,7,7,7,7,7,7,7,7,7,7,9,11,13,15,17,17,18,18,17,17,17,15,14,15,14,14,8,11,10,8,3",47,50,0,63,6,87,2486,65536,,0,,,0,,5036,"4,32",4765,"60,34",3423,1,60,5,1178577,10113,976204,2500705,65536,1024,0,0,460,",,,65536,589824,655360,655360,786432,851968,917504,983040,524288,524288,524288,491520,524288,524288,557056,491520,458752,425984,425984,294912,229376,229376,229376,229376,229376,229376,229376,229376,229376,229376,229376,229376,229376,229376,229376,229376,229376,229376,229376,229376,196608,360448,425984,491520,557056,557056,589824,589824,557056,557056,1114112,983040,917504,983040,917504,917504,262144,720896,655360,524288,196608",796,2295,0,0,2295,0,0,0,12,"0,0,0,2,1,1,1,1,1,1,1,2,2,2,2,2,2,2,2,2,2,2,2,2,2,2,2,2,2,2,2,2,2,2,2,2,2,2,2,2,2,2,2,3,2,2,2,2,2,2,2,2,2,1,1,1,1,1,1,2,1,1,1,1",",,,148659,119188,149838,169984,189168,221169,240487,260256,279394,306200,327216,345477,365898,384104,411420,435199,440879,429961,472243,562542,588019,589762,589744,589726,589622,589576,589542,589484,589438,589937,589302,589447,589332,589302,589277,589265,589302,589302,589302,589302,575282,501669,463929,431879,411627,390448,375780,342737,327279,314464,281081,267337,251985,226941,238869,221759,221775,150963,127661,103073,70674",5,1,4012,0,58,5,1038.8227777777777,4,3600,0,3237322,3686400,655360,,true,,,
6,A,basic,detour,,,0.10.0,0fcddfb7,4096,0,512,9,4096,94,0,"0,0,0,0,8,9,10,12,13,14,13,14,14,14,13,14,14,15,13,12,11,11,7,5,5,5,5,5,5,5,5,5,5,5,5,5,5,5,5,5,5,5,5,8,9,11,12,13,15,16,16,15,16,16,16,16,15,15,14,7,11,10,8,1",102,50,0,63,6,85,2565,65536,,0,,,0,,10249,"60,34",10249,"60,34",1151,3,1151,6,4233244,9463,0,3439450,65536,1024,0,0,555,",,,,524288,589824,655360,786432,851968,917504,851968,917504,917504,917504,851968,917504,917504,983040,851968,786432,720896,720896,458752,327680,327680,327680,327680,327680,327680,327680,327680,327680,327680,327680,327680,327680,327680,327680,327680,327680,327680,327680,327680,524288,589824,720896,786432,851968,983040,1048576,1048576,983040,1048576,1048576,1048576,1048576,491520,983040,917504,152917,720896,655360,524288,65536",716,2719,0,0,2719,0,0,0,14,"0,0,0,0,1,1,1,1,1,1,1,1,1,1,1,1,1,1,1,1,1,1,1,1,1,1,1,1,1,1,1,1,1,1,1,1,1,1,1,1,1,1,1,1,1,1,1,1,1,1,1,1,1,1,1,1,2,1,1,3,1,1,1,1",",,,145957,128373,152064,166047,180385,210972,217402,213866,217520,242136,241538,224957,224939,249800,251103,232851,213063,200533,180557,140654,108480,105912,105701,105564,105439,105341,105254,105162,105078,104122,104896,104804,104724,104604,104544,104436,104350,104256,104167,110457,150353,177738,202553,232489,242362,253312,270066,251057,255780,269191,249986,258360,271285,252432,254902,239435,210662,153406,142098,115990,62328",5,1,3568,58,58,5,1035.9658333333334,4,3600,0,3156699,3686400,655360,,true,,,
7,A,basic,straight,,,0.10.0,3d4b3329,4096,0,512,63,4096,98,0,"0,0,0,1,3,3,3,3,3,3,3,5,5,5,5,5,5,5,5,5,5,5,5,5,5,5,5,5,5,5,5,5,5,5,5,5,5,5,5,5,5,5,5,5,6,6,7,7,7,7,5,5,5,5,5,5,5,5,5,0,0,0,0,0",20,0,0,46,63,93,2290,65536,,0,,,0,,18989,"4,32",2072,"27,32",253,7,164,2,12386763,3598,3552788,0,65536,1024,0,0,249,",,,65536,196608,196608,196608,196608,196608,196608,196608,327680,327680,327680,327680,327680,327680,327680,327680,327680,327680,327680,327680,327680,327680,327680,327680,327680,327680,327680,327680,327680,327680,327680,327680,327680,327680,327680,327680,327680,327680,327680,327680,327680,393216,393216,458752,458752,458752,458752,327680,327680,327680,327680,327680,327680,327680,327680,327680,,,,,",313,0,0,0,0,0,0,0,6,"0,0,0,1,1,1,1,1,1,1,1,1,1,1,1,1,1,1,1,1,1,1,1,1,1,1,1,1,1,1,1,1,1,1,1,1,1,1,1,1,1,1,1,1,1,1,1,1,1,1,1,1,1,1,1,1,1,1,1,0,0,0,0,0",",,0,8091,21335,47007,47130,47447,47796,47918,48229,48572,48693,48998,49336,49456,49755,50088,50207,50500,50829,50947,51235,51559,52425,52049,51599,51148,50971,50907,51075,51346,51742,57784,58105,58843,59696,60523,62321,63294,64439,66231,67483,68783,70748,72067,74040,75424,77277,77473,73534,73529,73534,73534,73529,73534,73534,73529,73534,,,,,",5,1,17964,0,23,5,1271.1730555555555,4,3600,0,3439184,3686400,196608,,false,,,
7,A,basic,distributed,,,0.10.0,166ef447,4096,0,512,63,4096,95,0,"0,0,0,2,9,10,10,12,13,14,15,16,16,16,15,16,16,17,15,14,13,13,9,7,7,7,7,7,7,7,7,7,7,7,7,7,7,7,7,7,7,7,7,9,11,13,15,17,17,18,18,17,17,17,15,14,15,14,14,8,11,10,8,3",47,0,0,63,6,87,2486,65536,,0,,,0,,5036,"4,32",4765,"60,34",3498,1,60,5,1178958,10115,976204,2500705,65536,1024,0,0,460,",,,65536,589824,655360,655360,786432,851968,917504,983040,524288,524288,524288,491520,524288,524288,557056,491520,458752,425984,425984,294912,229376,229376,229376,229376,229376,229376,229376,229376,229376,229376,229376,229376,229376,229376,229376,229376,229376,229376,229376,229376,196608,360448,425984,491520,557056,557056,589824,589824,557056,557056,1114112,983040,917504,983040,917504,917504,262144,720896,655360,524288,196608",797,2295,0,0,2295,0,0,0,12,"0,0,0,2,1,1,1,1,1,1,1,2,2,2,2,2,2,2,2,2,2,2,2,2,2,2,2,2,2,2,2,2,2,2,2,2,2,2,2,2,2,2,2,3,2,2,2,2,2,2,2,2,2,1,1,1,1,1,1,2,1,1,1,1",",,,148659,119188,149838,169984,189168,221169,240487,260256,279394,306200,327216,345477,365898,384104,411420,435199,440879,429961,472243,562542,588019,589762,589744,589726,589622,589576,589542,589484,589438,589364,589391,589332,589359,589277,589238,589302,589302,589302,589302,589328,575305,501669,463970,431879,411584,390466,375806,342711,327299,314454,281081,267371,251974,226930,238872,221763,221799,150957,127681,103066,70674",5,1,4012,0,58,5,1038.8227777777777,4,3600,0,3237300,3686400,655360,,true,,,
7,A,basic,detour,,,0.10.0,9de2f8cc,4096,0,512,63,4096,94,0,"0,0,0,0,8,9,10,12,13,14,13,14,14,14,13,14,14,15,13,12,11,11,7,5,5,5,5,5,5,5,5,5,5,5,5,5,5,5,5,5,5,5,5,8,9,11,12,13,15,16,16,15,16,16,16,16,15,15,14,7,11,10,8,1",102,0,0,63,6,85,2565,65536,,0,,,0,,10249,"60,34",10249,"60,34",1148,3,1148,6,4233196,9462,0,3439450,65536,1024,0,0,555,",,,,524288,589824,655360,786432,851968,917504,851968,917504,917504,917504,851968,917504,917504,983040,851968,786432,720896,720896,458752,327680,327680,327680,327680,327680,327680,327680,327680,327680,327680,327680,327680,327680,327680,327680,327680,327680,327680,327680,327680,524288,589824,720896,786432,851968,983040,1048576,1048576,983040,1048576,1048576,1048576,1048576,491520,983040,917504,152917,720896,655360,524288,65536",718,2720,0,0,2720,0,0,0,14,"0,0,0,0,1,1,1,1,1,1,1,1,1,1,1,1,1,1,1,1,1,1,1,1,1,1,1,1,1,1,1,1,1,1,1,1,1,1,1,1,1,1,1,1,1,1,1,1,1,1,1,1,1,1,1,1,2,1,1,3,1,1,1,1",",,,145957,128373,152064,166047,180385,210972,217402,213866,217520,242136,241538,224957,224939,249800,251103,232851,213063,200533,180557,140654,108480,105912,105701,105564,105439,105341,105254,105162,105078,104982,104896,104804,104724,104604,104544,104436,104350,104256,104167,110457,150350,177719,202562,232506,242362,253301,270113,251043,255791,269151,250024,258371,271277,252579,254897,239432,210638,153363,142107,115990,62328",5,1,3568,58,58,5,1035.9658333333334,4,3600,0,3156647,3686400,655360,,true,,,
8,A,basic,straight,,,0.10.0,f1ff39b8,8192,0,512,1,4096,74,0,"0,0,0,1,3,3,3,3,3,3,3,3,3,3,3,3,3,3,3,3,3,3,3,4,7,8,9,9,9,9,9,9,1,1,1,1,1,1,1,1,1,1,1,1,1,1,1,1,1,1,1,1,1,1,1,1,1,1,1,0,0,0,0,0",709,58,0,24,63,46,-1,65536,,0,,,0,,70995,"31,32",70995,"31,32",3600,27,3600,26,630237476,150748,1787850,0,65536,1024,0,0,2142,",,,65536,196608,196608,196608,196608,196608,196608,196608,196608,196608,196608,196608,196608,196608,196608,196608,196608,196608,196608,196608,262144,458752,524288,589824,589824,589824,589824,589824,589824,65536,65536,65536,65536,65536,65536,65536,65536,65536,65536,65536,65536,65536,65536,65536,65536,65536,65536,65536,65536,65536,65536,65536,65536,65536,65536,65536,,,,,",310,0,0,0,0,0,0,0,53,"0,0,0,1,1,1,1,1,1,1,1,1,1,1,1,1,1,1,1,1,1,1,1,1,1,1,1,1,1,1,1,1,1,1,1,1,1,1,1,1,1,1,1,1,1,1,1,1,1,1,1,1,1,1,1,1,1,1,1,0,0,0,0,0",",,0,8091,21335,47007,47130,47447,47796,47918,48229,48572,48693,48998,49336,49456,49755,50088,50207,50500,50829,50793,47495,65198,89342,95275,93879,94153,94091,93805,93395,93264,0,11385,15272,18138,20575,22600,24168,26658,28271,29670,31018,32633,34060,35428,37982,41401,42874,43091,41661,41859,42056,42252,42447,42641,42834,43033,43225,,,,,",5,1,17964,27,27,5,1271.1730555555555,4,3600,0,1731258,3686400,196608,,true,,,
8,A,basic,distributed,,,0.10.0,e651dc95,8192,0,512,1,4096,94,0,"0,0,0,2,9,10,10,12,13,14,15,16,16,16,15,16,16,17,15,14,13,13,9,7,7,7,7,7,7,7,10,12,6,6,6,6,6,6,6,6,6,6,6,8,10,12,14,16,16,17,17,16,17,17,15,15,16,15,14,8,11,10,8,3",47,58,0,63,6,87,2492,65536,,0,,,0,,5036,"4,32",4784,"60,34",2405,1,60,6,1192451,10245,970344,2500705,65536,1024,0,0,467,",,,65536,589824,655360,655360,786432,851968,917504,983040,524288,524288,524288,491520,524288,524288,557056,491520,458752,425984,425984,294912,229376,229376,229376,229376,229376,229376,229376,327680,393216,196608,196608,196608,196608,196608,196608,196608,196608,196608,196608,196608,174762,327680,393216,458752,524288,524288,557056,557056,524288,557056,1114112,983040,983040,1048576,983040,917504,262144,720896,655360,524288,196608",800,2312,0,0,2312,0,0,0,12,"0,0,0,2,1,1,1,1,1,1,1,2,2,2,2,2,2,2,2,2,2,2,2,2,2,2,2,2,2,2,2,2,2,2,2,2,2,2,2,2,2,2,2,3,2,2,2,2,2,2,2,2,2,1,1,1,1,1,1,2,1,1,1,1",",,,148659,119188,149838,169984,189168,221169,240487,260256,279394,306200,327216,345477,365898,384104,411420,435199,440879,429961,472243,562542,588019,589762,589744,589726,589622,589576,589934,663499,637815,599294,600976,601130,601021,600997,600976,600973,601017,601024,601031,601154,586337,511438,472768,439492,418716,396832,381900,348884,332815,319460,286229,272248,255110,230583,242130,223287,222547,150935,127618,103038,70674",5,1,4012,0,58,5,1038.8227777777777,4,3600,0,3231356,3686400,655360,,false,,,
8,A,basic,detour,,,0.10.0,0fcddfb7,8192,0,512,1,4096,94,0,"0,0,0,0,8,9,10,12,13,14,13,14,14,14,13,14,14,15,13,12,11,11,7,5,5,5,5,5,5,5,5,5,5,5,5,5,5,5,5,5,5,5,5,8,9,11,12,13,15,16,16,15,16,16,16,16,15,15,14,7,11,10,8,1",102,58,0,63,6,85,2565,65536,,0,,,0,,10249,"60,34",10249,"60,34",1151,3,1151,6,4233244,9463,0,3439450,65536,1024,0,0,555,",,,,524288,589824,655360,786432,851968,917504,851968,917504,917504,917504,851968,917504,917504,983040,851968,786432,720896,720896,458752,327680,327680,327680,327680,327680,327680,327680,327680,327680,327680,327680,327680,327680,327680,327680,327680,327680,327680,327680,327680,524288,589824,720896,786432,851968,983040,1048576,1048576,983040,1048576,1048576,1048576,1048576,491520,983040,917504,152917,720896,655360,524288,65536",716,2719,0,0,2719,0,0,0,14,"0,0,0,0,1,1,1,1,1,1,1,1,1,1,1,1,1,1,1,1,1,1,1,1,1,1,1,1,1,1,1,1,1,1,1,1,1,1,1,1,1,1,1,1,1,1,1,1,1,1,1,1,1,1,1,1,2,1,1,3,1,1,1,1",",,,145957,128373,152064,166047,180385,210972,217402,213866,217520,242136,241538,224957,224939,249800,251103,232851,213063,200533,180557,140654,108480,105912,105701,105564,105439,105341,105254,105162,105078,104122,104896,104804,104724,104604,104544,104436,104350,104256,104167,110457,150353,177738,202553,232489,242362,253312,270066,251057,255780,269191,249986,258360,271285,252432,254902,239435,210662,153406,142098,115990,62328",5,1,3568,58,58,5,1035.9658333333334,4,3600,0,3156699,3686400,655360,,true,,,
9,A,basic,straight,,,0.10.0,a48d404d,8192,0,512,3,4096,98,0,"0,0,0,1,3,3,3,3,3,3,3,5,5,5,5,5,5,5,5,5,5,5,5,5,5,5,5,5,5,5,5,5,3,5,5,5,5,5,5,5,5,5,5,5,5,6,7,7,7,7,5,5,5,5,5,5,5,5,5,0,0,0,0,0",20,56,0,46,63,93,2290,65536,,0,,,0,,18989,"4,32",2072,"27,32",253,7,164,2,12386763,3598,3552689,0,65536,1024,0,0,249,",,,65536,196608,196608,196608,196608,196608,196608,196608,327680,327680,327680,327680,327680,327680,327680,327680,327680,327680,327680,327680,327680,327680,327680,327680,327680,327680,327680,327680,327680,196608,327680,327680,327680,327680,327680,327680,327680,327680,327680,327680,327680,327680,393216,458752,458752,458752,458752,327680,327680,327680,327680,327680,327680,327680,327680,327680,,,,,",310,0,0,0,0,0,0,0,6,"0,0,0,1,1,1,1,1,1,1,1,1,1,1,1,1,1,1,1,1,1,1,1,1,1,1,1,1,1,1,1,1,1,1,1,1,1,1,1,1,1,1,1,1,1,1,1,1,1,1,1,1,1,1,1,1,1,1,1,0,0,0,0,0",",,0,8091,21335,47007,47130,47447,47796,47918,48229,48572,48693,48998,49336,49456,49755,50088,50207,50500,50829,50947,51235,51559,52425,52049,51599,51148,50971,50907,51075,51573,48140,54400,55530,56269,57249,58502,59618,61104,62292,63994,65602,67375,69062,70861,72617,74277,76077,76302,72536,72562,72550,72543,72572,72543,72562,72553,72536,,,,,",5,1,17964,0,23,5,1271.1730555555555,4,3600,0,3439175,3686400,196608,,false,,,
9,A,basic,distributed,,,0.10.0,f460e690,8192,0,512,3,4096,95,0,"0,0,0,2,9,10,10,12,13,14,15,16,16,16,15,16,16,17,15,14,13,13,9,7,7,7,7,7,7,7,7,7,7,7,7,7,7,7,7,7,7,7,7,9,11,13,15,17,17,18,18,17,17,17,15,14,15,14,14,8,11,10,8,3",47,56,0,63,6,87,2486,65536,,0,,,0,,5036,"4,32",4765,"60,34",3423,1,60,5,1178577,10113,976204,2500705,65536,1024,0,0,460,",,,65536,589824,655360,655360,786432,851968,917504,983040,524288,524288,524288,491520,524288,524288,557056,491520,458752,425984,425984,294912,229376,229376,229376,229376,229376,229376,229376,229376,229376,229376,229376,229376,229376,229376,229376,229376,229376,229376,229376,229376,196608,360448,425984,491520,557056,557056,589824,589824,557056,557056,1114112,983040,917504,983040,917504,917504,262144,720896,655360,524288,196608",796,2295,0,0,2295,0,0,0,12,"0,0,0,2,1,1,1,1,1,1,1,2,2,2,2,2,2,2,2,2,2,2,2,2,2,2,2,2,2,2,2,2,2,2,2,2,2,2,2,2,2,2,2,3,2,2,2,2,2,2,2,2,2,1,1,1,1,1,1,2,1,1,1,1",",,,148659,119188,149838,169984,189168,221169,240487,260256,279394,306200,327216,345477,365898,384104,411420,435199,440879,429961,472243,562542,588019,589762,589744,589726,589622,589576,589542,589484,589438,588939,589302,589447,589332,589302,589277,589265,589302,589302,589302,589302,575282,501669,463929,431879,411627,390448,375780,342737,327279,314464,281081,267337,251985,226941,238869,221759,221775,150963,127661,103073,70674",5,1,4012,0,58,5,1038.8227777777777,4,3600,0,3237330,3686400,655360,,true,,,
9,A,basic,detour,,,0.10.0,0fcddfb7,8192,0,512,3,4096,94,0,"0,0,0,0,8,9,10,12,13,14,13,14,14,14,13,14,14,15,13,12,11,11,7,5,5,5,5,5,5,5,5,5,5,5,5,5,5,5,5,5,5,5,5,8,9,11,12,13,15,16,16,15,16,16,16,16,15,15,14,7,11,10,8,1",102,56,0,63,6,85,2565,65536,,0,,,0,,10249,"60,34",10249,"60,34",1151,3,1151,6,4233244,9463,0,3439450,65536,1024,0,0,555,",,,,524288,589824,655360,786432,851968,917504,851968,917504,917504,917504,851968,917504,917504,983040,851968,786432,720896,720896,458752,327680,327680,327680,327680,327680,327680,327680,327680,327680,327680,327680,327680,327680,327680,327680,327680,327680,327680,327680,327680,524288,589824,720896,786432,851968,983040,1048576,1048576,983040,1048576,1048576,1048576,1048576,491520,983040,917504,152917,720896,655360,524288,65536",716,2719,0,0,2719,0,0,0,14,"0,0,0,0,1,1,1,1,1,1,1,1,1,1,1,1,1,1,1,1,1,1,1,1,1,1,1,1,1,1,1,1,1,1,1,1,1,1,1,1,1,1,1,1,1,1,1,1,1,1,1,1,1,1,1,1,2,1,1,3,1,1,1,1",",,,145957,128373,152064,166047,180385,210972,217402,213866,217520,242136,241538,224957,224939,249800,251103,232851,213063,200533,180557,140654,108480,105912,105701,105564,105439,105341,105254,105162,105078,104122,104896,104804,104724,104604,104544,104436,104350,104256,104167,110457,150353,177738,202553,232489,242362,253312,270066,251057,255780,269191,249986,258360,271285,252432,254902,239435,210662,153406,142098,115990,62328",5,1,3568,58,58,5,1035.9658333333334,4,3600,0,3156699,3686400,655360,,true,,,
10,A,basic,straight,,,0.10.0,3d4b3329,8192,0,512,9,4096,98,0,"0,0,0,1,3,3,3,3,3,3,3,5,5,5,5,5,5,5,5,5,5,5,5,5,5,5,5,5,5,5,5,5,5,5,5,5,5,5,5,5,5,5,5,5,6,6,7,7,7,7,5,5,5,5,5,5,5,5,5,0,0,0,0,0",20,50,0,46,63,93,2290,65536,,0,,,0,,18989,"4,32",2072,"27,32",253,7,164,2,12386763,3598,3552788,0,65536,1024,0,0,249,",,,65536,196608,196608,196608,196608,196608,196608,196608,327680,327680,327680,327680,327680,327680,327680,327680,327680,327680,327680,327680,327680,327680,327680,327680,327680,327680,327680,327680,327680,327680,327680,327680,327680,327680,327680,327680,327680,327680,327680,327680,327680,393216,393216,458752,458752,458752,458752,327680,327680,327680,327680,327680,327680,327680,327680,327680,,,,,",313,0,0,0,0,0,0,0,6,"0,0,0,1,1,1,1,1,1,1,1,1,1,1,1,1,1,1,1,1,1,1,1,1,1,1,1,1,1,1,1,1,1,1,1,1,1,1,1,1,1,1,1,1,1,1,1,1,1,1,1,1,1,1,1,1,1,1,1,0,0,0,0,0",",,0,8091,21335,47007,47130,47447,47796,47918,48229,48572,48693,48998,49336,49456,49755,50088,50207,50500,50829,50947,51235,51559,52425,52049,51599,51148,50971,50907,51075,51346,51742,57784,58105,58843,59696,60523,62321,63294,64439,66231,67483,68783,70748,72067,74040,75424,77277,77473,73534,73529,73534,73534,73529,73534,73534,73529,73534,,,,,",5,1,17964,0,23,5,1271.1730555555555,4,3600,0,3439184,3686400,196608,,false,,,
10,A,basic,distributed,,,0.10.0,03c806d0,8192,0,512,9,4096,95,0,"0,0,0,2,9,10,10,12,13,14,15,16,16,16,15,16,16,17,15,14,13,13,9,7,7,7,7,7,7,7,7,7,7,7,7,7,7,7,7,7,7,7,7,9,11,13,15,17,17,18,18,17,17,17,15,14,15,14,14,8,11,10,8,3",47,50,0,63,6,87,2486,65536,,0,,,0,,5036,"4,32",4765,"60,34",3423,1,60,5,1178577,10113,976204,2500705,65536,1024,0,0,460,",,,65536,589824,655360,655360,786432,851968,917504,983040,524288,524288,524288,491520,524288,524288,557056,491520,458752,425984,425984,294912,229376,229376,229376,229376,229376,229376,229376,229376,229376,229376,229376,229376,229376,229376,229376,229376,229376,229376,229376,229376,196608,360448,425984,491520,557056,557056,589824,589824,557056,557056,1114112,983040,917504,983040,917504,917504,262144,720896,655360,524288,196608",796,2295,0,0,2295,0,0,0,12,"0,0,0,2,1,1,1,1,1,1,1,2,2,2,2,2,2,2,2,2,2,2,2,2,2,2,2,2,2,2,2,2,2,2,2,2,2,2,2,2,2,2,2,3,2,2,2,2,2,2,2,2,2,1,1,1,1,1,1,2,1,1,1,1",",,,148659,119188,149838,169984,189168,221169,240487,260256,279394,306200,327216,345477,365898,384104,411420,435199,440879,429961,472243,562542,588019,589762,589744,589726,589622,589576,589542,589484,589438,589937,589302,589447,589332,589302,589277,589265,589302,589302,589302,589302,575282,501669,463929,431879,411627,390448,375780,342737,327279,314464,281081,267337,251985,226941,238869,221759,221775,150963,127661,103073,70674",5,1,4012,0,58,5,1038.8227777777777,4,3600,0,3237322,3686400,655360,,true,,,
10,A,basic,detour,,,0.10.0,0fcddfb7,8192,0,512,9,4096,94,0,"0,0,0,0,8,9,10,12,13,14,13,14,14,14,13,14,14,15,13,12,11,11,7,5,5,5,5,5,5,5,5,5,5,5,5,5,5,5,5,5,5,5,5,8,9,11,12,13,15,16,16,15,16,16,16,16,15,15,14,7,11,10,8,1",102,50,0,63,6,85,2565,65536,,0,,,0,,10249,"60,34",10249,"60,34",1151,3,1151,6,4233244,9463,0,3439450,65536,1024,0,0,555,",,,,524288,589824,655360,786432,851968,917504,851968,917504,917504,917504,851968,917504,917504,983040,851968,786432,720896,720896,458752,327680,327680,327680,327680,327680,327680,327680,327680,327680,327680,327680,327680,327680,327680,327680,327680,327680,327680,327680,327680,524288,589824,720896,786432,851968,983040,1048576,1048576,983040,1048576,1048576,1048576,1048576,491520,983040,917504,152917,720896,655360,524288,65536",716,2719,0,0,2719,0,0,0,14,"0,0,0,0,1,1,1,1,1,1,1,1,1,1,1,1,1,1,1,1,1,1,1,1,1,1,1,1,1,1,1,1,1,1,1,1,1,1,1,1,1,1,1,1,1,1,1,1,1,1,1,1,1,1,1,1,2,1,1,3,1,1,1,1",",,,145957,128373,152064,166047,180385,210972,217402,213866,217520,242136,241538,224957,224939,249800,251103,232851,213063,200533,180557,140654,108480,105912,105701,105564,105439,105341,105254,105162,105078,104122,104896,104804,104724,104604,104544,104436,104350,104256,104167,110457,150353,177738,202553,232489,242362,253312,270066,251057,255780,269191,249986,258360,271285,252432,254902,239435,210662,153406,142098,115990,62328",5,1,3568,58,58,5,1035.9658333333334,4,3600,0,3156699,3686400,655360,,true,,,
11,A,basic,straight,,,0.10.0,3d4b3329,8192,0,512,63,4096,98,0,"0,0,0,1,3,3,3,3,3,3,3,5,5,5,5,5,5,5,5,5,5,5,5,5,5,5,5,5,5,5,5,5,5,5,5,5,5,5,5,5,5,5,5,5,6,6,7,7,7,7,5,5,5,5,5,5,5,5,5,0,0,0,0,0",20,0,0,46,63,93,2290,65536,,0,,,0,,18989,"4,32",2072,"27,32",253,7,164,2,12386763,3598,3552788,0,65536,1024,0,0,249,",,,65536,196608,196608,196608,196608,196608,196608,196608,327680,327680,327680,327680,327680,327680,327680,327680,327680,327680,327680,327680,327680,327680,327680,327680,327680,327680,327680,327680,327680,327680,327680,327680,327680,327680,327680,327680,327680,327680,327680,327680,327680,393216,393216,458752,458752,458752,458752,327680,327680,327680,327680,327680,327680,327680,327680,327680,,,,,",313,0,0,0,0,0,0,0,6,"0,0,0,1,1,1,1,1,1,1,1,1,1,1,1,1,1,1,1,1,1,1,1,1,1,1,1,1,1,1,1,1,1,1,1,1,1,1,1,1,1,1,1,1,1,1,1,1,1,1,1,1,1,1,1,1,1,1,1,0,0,0,0,0",",,0,8091,21335,47007,47130,47447,47796,47918,48229,48572,48693,48998,49336,49456,49755,50088,50207,50500,50829,50947,51235,51559,52425,52049,51599,51148,50971,50907,51075,51346,51742,57784,58105,58843,59696,60523,62321,63294,64439,66231,67483,68783,70748,72067,74040,75424,77277,77473,73534,73529,73534,73534,73529,73534,73534,73529,73534,,,,,",5,1,17964,0,23,5,1271.1730555555555,4,3600,0,3439184,3686400,196608,,false,,,
11,A,basic,distributed,,,0.10.0,166ef447,8192,0,512,63,4096,95,0,"0,0,0,2,9,10,10,12,13,14,15,16,16,16,15,16,16,17,15,14,13,13,9,7,7,7,7,7,7,7,7,7,7,7,7,7,7,7,7,7,7,7,7,9,11,13,15,17,17,18,18,17,17,17,15,14,15,14,14,8,11,10,8,3",47,0,0,63,6,87,2486,65536,,0,,,0,,5036,"4,32",4765,"60,34",3498,1,60,5,1178958,10115,976204,2500705,65536,1024,0,0,460,",,,65536,589824,655360,655360,786432,851968,917504,983040,524288,524288,524288,491520,524288,524288,557056,491520,458752,425984,425984,294912,229376,229376,229376,229376,229376,229376,229376,229376,229376,229376,229376,229376,229376,229376,229376,229376,229376,229376,229376,229376,196608,360448,425984,491520,557056,557056,589824,589824,557056,557056,1114112,983040,917504,983040,917504,917504,262144,720896,655360,524288,196608",797,2295,0,0,2295,0,0,0,12,"0,0,0,2,1,1,1,1,1,1,1,2,2,2,2,2,2,2,2,2,2,2,2,2,2,2,2,2,2,2,2,2,2,2,2,2,2,2,2,2,2,2,2,3,2,2,2,2,2,2,2,2,2,1,1,1,1,1,1,2,1,1,1,1",",,,148659,119188,149838,169984,189168,221169,240487,260256,279394,306200,327216,345477,365898,384104,411420,435199,440879,429961,472243,562542,588019,589762,589744,589726,589622,589576,589542,589484,589438,589364,589391,589332,589359,589277,589238,589302,589302,589302,589302,589328,575305,501669,463970,431879,411584,390466,375806,342711,327299,314454,281081,267371,251974,226930,238872,221763,221799,150957,127681,103066,70674",5,1,4012,0,58,5,1038.8227777777777,4,3600,0,3237300,3686400,655360,,true,,,
11,A,basic,detour,,,0.10.0,9de2f8cc,8192,0,512,63,4096,94,0,"0,0,0,0,8,9,10,12,13,14,13,14,14,14,13,14,14,15,13,12,11,11,7,5,5,5,5,5,5,5,5,5,5,5,5,5,5,5,5,5,5,5,5,8,9,11,12,13,15,16,16,15,16,16,16,16,15,15,14,7,11,10,8,1",102,0,0,63,6,85,2565,65536,,0,,,0,,10249,"60,34",10249,"60,34",1148,3,1148,6,4233196,9462,0,3439450,65536,1024,0,0,555,",,,,524288,589824,655360,786432,851968,917504,851968,917504,917504,917504,851968,917504,917504,983040,851968,786432,720896,720896,458752,327680,327680,327680,327680,327680,327680,327680,327680,327680,327680,327680,327680,327680,327680,327680,327680,327680,327680,327680,327680,524288,589824,720896,786432,851968,983040,1048576,1048576,983040,1048576,1048576,1048576,1048576,491520,983040,917504,152917,720896,655360,524288,65536",718,2720,0,0,2720,0,0,0,14,"0,0,0,0,1,1,1,1,1,1,1,1,1,1,1,1,1,1,1,1,1,1,1,1,1,1,1,1,1,1,1,1,1,1,1,1,1,1,1,1,1,1,1,1,1,1,1,1,1,1,1,1,1,1,1,1,2,1,1,3,1,1,1,1",",,,145957,128373,152064,166047,180385,210972,217402,213866,217520,242136,241538,224957,224939,249800,251103,232851,213063,200533,180557,140654,108480,105912,105701,105564,105439,105341,105254,105162,105078,104982,104896,104804,104724,104604,104544,104436,104350,104256,104167,110457,150350,177719,202562,232506,242362,253301,270113,251043,255791,269151,250024,258371,271277,252579,254897,239432,210638,153363,142107,115990,62328",5,1,3568,58,58,5,1035.9658333333334,4,3600,0,3156647,3686400,655360,,true,,,
12,A,basic,straight,,,0.10.0,f1ff39b8,16384,0,512,1,4096,74,0,"0,0,0,1,3,3,3,3,3,3,3,3,3,3,3,3,3,3,3,3,3,3,3,4,7,8,9,9,9,9,9,9,1,1,1,1,1,1,1,1,1,1,1,1,1,1,1,1,1,1,1,1,1,1,1,1,1,1,1,0,0,0,0,0",709,58,0,24,63,46,-1,65536,,0,,,0,,70995,"31,32",70995,"31,32",3600,27,3600,26,630237476,150748,1787850,0,65536,1024,0,0,2142,",,,65536,196608,196608,196608,196608,196608,196608,196608,196608,196608,196608,196608,196608,196608,196608,196608,196608,196608,196608,196608,262144,458752,524288,589824,589824,589824,589824,589824,589824,65536,65536,65536,65536,65536,65536,65536,65536,65536,65536,65536,65536,65536,65536,65536,65536,65536,65536,65536,65536,65536,65536,65536,65536,65536,65536,65536,,,,,",310,0,0,0,0,0,0,0,53,"0,0,0,1,1,1,1,1,1,1,1,1,1,1,1,1,1,1,1,1,1,1,1,1,1,1,1,1,1,1,1,1,1,1,1,1,1,1,1,1,1,1,1,1,1,1,1,1,1,1,1,1,1,1,1,1,1,1,1,0,0,0,0,0",",,0,8091,21335,47007,47130,47447,47796,47918,48229,48572,48693,48998,49336,49456,49755,50088,50207,50500,50829,50793,47495,65198,89342,95275,93879,94153,94091,93805,93395,93264,0,11385,15272,18138,20575,22600,24168,26658,28271,29670,31018,32633,34060,35428,37982,41401,42874,43091,41661,41859,42056,42252,42447,42641,42834,43033,43225,,,,,",5,1,17964,27,27,5,1271.1730555555555,4,3600,0,1731258,3686400,196608,,true,,,
12,A,basic,distributed,,,0.10.0,e651dc95,16384,0,512,1,4096,94,0,"0,0,0,2,9,10,10,12,13,14,15,16,16,16,15,16,16,17,15,14,13,13,9,7,7,7,7,7,7,7,10,12,6,6,6,6,6,6,6,6,6,6,6,8,10,12,14,16,16,17,17,16,17,17,15,15,16,15,14,8,11,10,8,3",47,58,0,63,6,87,2492,65536,,0,,,0,,5036,"4,32",4784,"60,34",2405,1,60,6,1192451,10245,970344,2500705,65536,1024,0,0,467,",,,65536,589824,655360,655360,786432,851968,917504,983040,524288,524288,524288,491520,524288,524288,557056,491520,458752,425984,425984,294912,229376,229376,229376,229376,229376,229376,229376,327680,393216,196608,196608,196608,196608,196608,196608,196608,196608,196608,196608,196608,174762,327680,393216,458752,524288,524288,557056,557056,524288,557056,1114112,983040,983040,1048576,983040,917504,262144,720896,655360,524288,196608",800,2312,0,0,2312,0,0,0,12,"0,0,0,2,1,1,1,1,1,1,1,2,2,2,2,2,2,2,2,2,2,2,2,2,2,2,2,2,2,2,2,2,2,2,2,2,2,2,2,2,2,2,2,3,2,2,2,2,2,2,2,2,2,1,1,1,1,1,1,2,1,1,1,1",",,,148659,119188,149838,169984,189168,221169,240487,260256,279394,306200,327216,345477,365898,384104,411420,435199,440879,429961,472243,562542,588019,589762,589744,589726,589622,589576,589934,663499,637815,599294,600976,601130,601021,600997,600976,600973,601017,601024,601031,601154,586337,511438,472768,439492,418716,396832,381900,348884,332815,319460,286229,272248,255110,230583,242130,223287,222547,150935,127618,103038,70674",5,1,4012,0,58,5,1038.8227777777777,4,3600,0,3231356,3686400,655360,,false,,,
12,A,basic,detour,,,0.10.0,0fcddfb7,16384,0,512,1,4096,94,0,"0,0,0,0,8,9,10,12,13,14,13,14,14,14,13,14,14,15,13,12,11,11,7,5,5,5,5,5,5,5,5,5,5,5,5,5,5,5,5,5,5,5,5,8,9,11,12,13,15,16,16,15,16,16,16,16,15,15,14,7,11,10,8,1",102,58,0,63,6,85,2565,65536,,0,,,0,,10249,"60,34",10249,"60,34",1151,3,1151,6,4233244,9463,0,3439450,65536,1024,0,0,555,",,,,524288,589824,655360,786432,851968,917504,851968,917504,917504,917504,851968,917504,917504,983040,851968,786432,720896,720896,458752,327680,327680,327680,327680,327680,327680,327680,327680,327680,327680,327680,327680,327680,327680,327680,327680,327680,327680,327680,327680,524288,589824,720896,786432,851968,983040,1048576,1048576,983040,1048576,1048576,1048576,1048576,491520,983040,917504,152917,720896,655360,524288,65536",716,2719,0,0,2719,0,0,0,14,"0,0,0,0,1,1,1,1,1,1,1,1,1,1,1,1,1,1,1,1,1,1,1,1,1,1,1,1,1,1,1,1,1,1,1,1,1,1,1,1,1,1,1,1,1,1,1,1,1,1,1,1,1,1,1,1,2,1,1,3,1,1,1,1",",,,145957,128373,152064,166047,180385,210972,217402,213866,217520,242136,241538,224957,224939,249800,251103,232851,213063,200533,180557,140654,108480,105912,105701,105564,105439,105341,105254,105162,105078,104122,104896,104804,104724,104604,104544,104436,104350,104256,104167,110457,150353,177738,202553,232489,242362,253312,270066,251057,255780,269191,249986,258360,271285,252432,254902,239435,210662,153406,142098,115990,62328",5,1,3568,58,58,5,1035.9658333333334,4,3600,0,3156699,3686400,655360,,true,,,
13,A,basic,straight,,,0.10.0,a48d404d,16384,0,512,3,4096,98,0,"0,0,0,1,3,3,3,3,3,3,3,5,5,5,5,5,5,5,5,5,5,5,5,5,5,5,5,5,5,5,5,5,3,5,5,5,5,5,5,5,5,5,5,5,5,6,7,7,7,7,5,5,5,5,5,5,5,5,5,0,0,0,0,0",20,56,0,46,63,93,2290,65536,,0,,,0,,18989,"4,32",2072,"27,32",253,7,164,2,12386763,3598,3552689,0,65536,1024,0,0,249,",,,65536,196608,196608,196608,196608,196608,196608,196608,327680,327680,327680,327680,327680,327680,327680,327680,327680,327680,327680,327680,327680,327680,327680,327680,327680,327680,327680,327680,327680,196608,327680,327680,327680,327680,327680,327680,327680,327680,327680,327680,327680,327680,393216,458752,458752,458752,458752,327680,327680,327680,327680,327680,327680,327680,327680,327680,,,,,",310,0,0,0,0,0,0,0,6,"0,0,0,1,1,1,1,1,1,1,1,1,1,1,1,1,1,1,1,1,1,1,1,1,1,1,1,1,1,1,1,1,1,1,1,1,1,1,1,1,1,1,1,1,1,1,1,1,1,1,1,1,1,1,1,1,1,1,1,0,0,0,0,0",",,0,8091,21335,47007,47130,47447,47796,47918,48229,48572,48693,48998,49336,49456,49755,50088,50207,50500,50829,50947,51235,51559,52425,52049,51599,51148,50971,50907,51075,51573,48140,54400,55530,56269,57249,58502,59618,61104,62292,63994,65602,67375,69062,70861,72617,74277,76077,76302,72536,72562,72550,72543,72572,72543,72562,72553,72536,,,,,",5,1,17964,0,23,5,1271.1730555555555,4,3600,0,3439175,3686400,196608,,false,,,
13,A,basic,distributed,,,0.10.0,f460e690,16384,0,512,3,4096,95,0,"0,0,0,2,9,10,10,12,13,14,15,16,16,16,15,16,16,17,15,14,13,13,9,7,7,7,7,7,7,7,7,7,7,7,7,7,7,7,7,7,7,7,7,9,11,13,15,17,17,18,18,17,17,17,15,14,15,14,14,8,11,10,8,3",47,56,0,63,6,87,2486,65536,,0,,,0,,5036,"4,32",4765,"60,34",3423,1,60,5,1178577,10113,976204,2500705,65536,1024,0,0,460,",,,65536,589824,655360,655360,786432,851968,917504,983040,524288,524288,524288,491520,524288,524288,557056,491520,458752,425984,425984,294912,229376,229376,229376,229376,229376,229376,229376,229376,229376,229376,229376,229376,229376,229376,229376,229376,229376,229376,229376,229376,196608,360448,425984,491520,557056,557056,589824,589824,557056,557056,1114112,983040,917504,983040,917504,917504,262144,720896,655360,524288,196608",796,2295,0,0,2295,0,0,0,12,"0,0,0,2,1,1,1,1,1,1,1,2,2,2,2,2,2,2,2,2,2,2,2,2,2,2,2,2,2,2,2,2,2,2,2,2,2,2,2,2,2,2,2,3,2,2,2,2,2,2,2,2,2,1,1,1,1,1,1,2,1,1,1,1",",,,148659,119188,149838,169984,189168,221169,240487,260256,279394,306200,327216,345477,365898,384104,411420,435199,440879,429961,472243,562542,588019,589762,589744,589726,589622,589576,589542,589484,589438,588939,589302,589447,589332,589302,589277,589265,589302,589302,589302,589302,575282,501669,463929,431879,411627,390448,375780,342737,327279,314464,281081,267337,251985,226941,238869,221759,221775,150963,127661,103073,70674",5,1,4012,0,58,5,1038.8227777777777,4,3600,0,3237330,3686400,655360,,true,,,
13,A,basic,detour,,,0.10.0,0fcddfb7,16384,0,512,3,4096,94,0,"0,0,0,0,8,9,10,12,13,14,13,14,14,14,13,14,14,15,13,12,11,11,7,5,5,5,5,5,5,5,5,5,5,5,5,5,5,5,5,5,5,5,5,8,9,11,12,13,15,16,16,15,16,16,16,16,15,15,14,7,11,10,8,1",102,56,0,63,6,85,2565,65536,,0,,,0,,10249,"60,34",10249,"60,34",1151,3,1151,6,4233244,9463,0,3439450,65536,1024,0,0,555,",,,,524288,589824,655360,786432,851968,917504,851968,917504,917504,917504,851968,917504,917504,983040,851968,786432,720896,720896,458752,327680,327680,327680,327680,327680,327680,327680,327680,327680,327680,327680,327680,327680,327680,327680,327680,327680,327680,327680,327680,524288,589824,720896,786432,851968,983040,1048576,1048576,983040,1048576,1048576,1048576,1048576,491520,983040,917504,152917,720896,655360,524288,65536",716,2719,0,0,2719,0,0,0,14,"0,0,0,0,1,1,1,1,1,1,1,1,1,1,1,1,1,1,1,1,1,1,1,1,1,1,1,1,1,1,1,1,1,1,1,1,1,1,1,1,1,1,1,1,1,1,1,1,1,1,1,1,1,1,1,1,2,1,1,3,1,1,1,1",",,,145957,128373,152064,166047,180385,210972,217402,213866,217520,242136,241538,224957,224939,249800,251103,232851,213063,200533,180557,140654,108480,105912,105701,105564,105439,105341,105254,105162,105078,104122,104896,104804,104724,104604,104544,104436,104350,104256,104167,110457,150353,177738,202553,232489,242362,253312,270066,251057,255780,269191,249986,258360,271285,252432,254902,239435,210662,153406,142098,115990,62328",5,1,3568,58,58,5,1035.9658333333334,4,3600,0,3156699,3686400,655360,,true,,,
14,A,basic,straight,,,0.10.0,3d4b3329,16384,0,512,9,4096,98,0,"0,0,0,1,3,3,3,3,3,3,3,5,5,5,5,5,5,5,5,5,5,5,5,5,5,5,5,5,5,5,5,5,5,5,5,5,5,5,5,5,5,5,5,5,6,6,7,7,7,7,5,5,5,5,5,5,5,5,5,0,0,0,0,0",20,50,0,46,63,93,2290,65536,,0,,,0,,18989,"4,32",2072,"27,32",253,7,164,2,12386763,3598,3552788,0,65536,1024,0,0,249,",,,65536,196608,196608,196608,196608,196608,196608,196608,327680,327680,327680,327680,327680,327680,327680,327680,327680,327680,327680,327680,327680,327680,327680,327680,327680,327680,327680,327680,327680,327680,327680,327680,327680,327680,327680,327680,327680,327680,327680,327680,327680,393216,393216,458752,458752,458752,458752,327680,327680,327680,327680,327680,327680,327680,327680,327680,,,,,",313,0,0,0,0,0,0,0,6,"0,0,0,1,1,1,1,1,1,1,1,1,1,1,1,1,1,1,1,1,1,1,1,1,1,1,1,1,1,1,1,1,1,1,1,1,1,1,1,1,1,1,1,1,1,1,1,1,1,1,1,1,1,1,1,1,1,1,1,0,0,0,0,0",",,0,8091,21335,47007,47130,47447,47796,47918,48229,48572,48693,48998,49336,49456,49755,50088,50207,50500,50829,50947,51235,51559,52425,52049,51599,51148,50971,50907,51075,51346,51742,57784,58105,58843,59696,60523,62321,63294,64439,66231,67483,68783,70748,72067,74040,75424,77277,77473,73534,73529,73534,73534,73529,73534,73534,73529,73534,,,,,",5,1,17964,0,23,5,1271.1730555555555,4,3600,0,3439184,3686400,196608,,false,,,
14,A,basic,distributed,,,0.10.0,03c806d0,16384,0,512,9,4096,95,0,"0,0,0,2,9,10,10,12,13,14,15,16,16,16,15,16,16,17,15,14,13,13,9,7,7,7,7,7,7,7,7,7,7,7,7,7,7,7,7,7,7,7,7,9,11,13,15,17,17,18,18,17,17,17,15,14,15,14,14,8,11,10,8,3",47,50,0,63,6,87,2486,65536,,0,,,0,,5036,"4,32",4765,"60,34",3423,1,60,5,1178577,10113,976204,2500705,65536,1024,0,0,460,",,,65536,589824,655360,655360,786432,851968,917504,983040,524288,524288,524288,491520,524288,524288,557056,491520,458752,425984,425984,294912,229376,229376,229376,229376,229376,229376,229376,229376,229376,229376,229376,229376,229376,229376,229376,229376,229376,229376,229376,229376,196608,360448,425984,491520,557056,557056,589824,589824,557056,557056,1114112,983040,917504,983040,917504,917504,262144,720896,655360,524288,196608",796,2295,0,0,2295,0,0,0,12,"0,0,0,2,1,1,1,1,1,1,1,2,2,2,2,2,2,2,2,2,2,2,2,2,2,2,2,2,2,2,2,2,2,2,2,2,2,2,2,2,2,2,2,3,2,2,2,2,2,2,2,2,2,1,1,1,1,1,1,2,1,1,1,1",",,,148659,119188,149838,169984,189168,221169,240487,260256,279394,306200,327216,345477,365898,384104,411420,435199,440879,429961,472243,562542,588019,589762,589744,589726,589622,589576,589542,589484,589438,589937,589302,589447,589332,589302,589277,589265,589302,589302,589302,589302,575282,501669,463929,431879,411627,390448,375780,342737,327279,314464,281081,267337,251985,226941,238869,221759,221775,150963,127661,103073,70674",5,1,4012,0,58,5,1038.8227777777777,4,3600,0,3237322,3686400,655360,,true,,,
14,A,basic,detour,,,0.10.0,0fcddfb7,16384,0,512,9,4096,94,0,"0,0,0,0,8,9,10,12,13,14,13,14,14,14,13,14,14,15,13,12,11,11,7,5,5,5,5,5,5,5,5,5,5,5,5,5,5,5,5,5,5,5,5,8,9,11,12,13,15,16,16,15,16,16,16,16,15,15,14,7,11,10,8,1",102,50,0,63,6,85,2565,65536,,0,,,0,,10249,"60,34",10249,"60,34",1151,3,1151,6,4233244,9463,0,3439450,65536,1024,0,0,555,",,,,524288,589824,655360,786432,851968,917504,851968,917504,917504,917504,851968,917504,917504,983040,851968,786432,720896,720896,458752,327680,327680,327680,327680,327680,327680,327680,327680,327680,327680,327680,327680,327680,327680,327680,327680,327680,327680,327680,327680,524288,589824,720896,786432,851968,983040,1048576,1048576,983040,1048576,1048576,1048576,1048576,491520,983040,917504,152917,720896,655360,524288,65536",716,2719,0,0,2719,0,0,0,14,"0,0,0,0,1,1,1,1,1,1,1,1,1,1,1,1,1,1,1,1,1,1,1,1,1,1,1,1,1,1,1,1,1,1,1,1,1,1,1,1,1,1,1,1,1,1,1,1,1,1,1,1,1,1,1,1,2,1,1,3,1,1,1,1",",,,145957,128373,152064,166047,180385,210972,217402,213866,217520,242136,241538,224957,224939,249800,251103,232851,213063,200533,180557,140654,108480,105912,105701,105564,105439,105341,105254,105162,105078,104122,104896,104804,104724,104604,104544,104436,104350,104256,104167,110457,150353,177738,202553,232489,242362,253312,270066,251057,255780,269191,249986,258360,271285,252432,254902,239435,210662,153406,142098,115990,62328",5,1,3568,58,58,5,1035.9658333333334,4,3600,0,3156699,3686400,655360,,true,,,
15,A,basic,straight,,,0.10.0,3d4b3329,16384,0,512,63,4096,98,0,"0,0,0,1,3,3,3,3,3,3,3,5,5,5,5,5,5,5,5,5,5,5,5,5,5,5,5,5,5,5,5,5,5,5,5,5,5,5,5,5,5,5,5,5,6,6,7,7,7,7,5,5,5,5,5,5,5,5,5,0,0,0,0,0",20,0,0,46,63,93,2290,65536,,0,,,0,,18989,"4,32",2072,"27,32",253,7,164,2,12386763,3598,3552788,0,65536,1024,0,0,249,",,,65536,196608,196608,196608,196608,196608,196608,196608,327680,327680,327680,327680,327680,327680,327680,327680,327680,327680,327680,327680,327680,327680,327680,327680,327680,327680,327680,327680,327680,327680,327680,327680,327680,327680,327680,327680,327680,327680,327680,327680,327680,393216,393216,458752,458752,458752,458752,327680,327680,327680,327680,327680,327680,327680,327680,327680,,,,,",313,0,0,0,0,0,0,0,6,"0,0,0,1,1,1,1,1,1,1,1,1,1,1,1,1,1,1,1,1,1,1,1,1,1,1,1,1,1,1,1,1,1,1,1,1,1,1,1,1,1,1,1,1,1,1,1,1,1,1,1,1,1,1,1,1,1,1,1,0,0,0,0,0",",,0,8091,21335,47007,47130,47447,47796,47918,48229,48572,48693,48998,49336,49456,49755,50088,50207,50500,50829,50947,51235,51559,52425,52049,51599,51148,50971,50907,51075,51346,51742,57784,58105,58843,59696,60523,62321,63294,64439,66231,67483,68783,70748,72067,74040,75424,77277,77473,73534,73529,73534,73534,73529,73534,73534,73529,73534,,,,,",5,1,17964,0,23,5,1271.1730555555555,4,3600,0,3439184,3686400,196608,,false,,,
15,A,basic,distributed,,,0.10.0,166ef447,16384,0,512,63,4096,95,0,"0,0,0,2,9,10,10,12,13,14,15,16,16,16,15,16,16,17,15,14,13,13,9,7,7,7,7,7,7,7,7,7,7,7,7,7,7,7,7,7,7,7,7,9,11,13,15,17,17,18,18,17,17,17,15,14,15,14,14,8,11,10,8,3",47,0,0,63,6,87,2486,65536,,0,,,0,,5036,"4,32",4765,"60,34",3498,1,60,5,1178958,10115,976204,2500705,65536,1024,0,0,460,",,,65536,589824,655360,655360,786432,851968,917504,983040,524288,524288,524288,491520,524288,524288,557056,491520,458752,425984,425984,294912,229376,229376,229376,229376,229376,229376,229376,229376,229376,229376,229376,229376,229376,229376,229376,229376,229376,229376,229376,229376,196608,360448,425984,491520,557056,557056,589824,589824,557056,557056,1114112,983040,917504,983040,917504,917504,262144,720896,655360,524288,196608",797,2295,0,0,2295,0,0,0,12,"0,0,0,2,1,1,1,1,1,1,1,2,2,2,2,2,2,2,2,2,2,2,2,2,2,2,2,2,2,2,2,2,2,2,2,2,2,2,2,2,2,2,2,3,2,2,2,2,2,2,2,2,2,1,1,1,1,1,1,2,1,1,1,1",",,,148659,119188,149838,169984,189168,221169,240487,260256,279394,306200,327216,345477,365898,384104,411420,435199,440879,429961,472243,562542,588019,589762,589744,589726,589622,589576,589542,589484,589438,589364,589391,589332,589359,589277,589238,589302,589302,589302,589302,589328,575305,501669,463970,431879,411584,390466,375806,342711,327299,314454,281081,267371,251974,226930,238872,221763,221799,150957,127681,103066,70674",5,1,4012,0,58,5,1038.8227777777777,4,3600,0,3237300,3686400,655360,,true,,,
15,A,basic,detour,,,0.10.0,9de2f8cc,16384,0,512,63,4096,94,0,"0,0,0,0,8,9,10,12,13,14,13,14,14,14,13,14,14,15,13,12,11,11,7,5,5,5,5,5,5,5,5,5,5,5,5,5,5,5,5,5,5,5,5,8,9,11,12,13,15,16,16,15,16,16,16,16,15,15,14,7,11,10,8,1",102,0,0,63,6,85,2565,65536,,0,,,0,,10249,"60,34",10249,"60,34",1148,3,1148,6,4233196,9462,0,3439450,65536,1024,0,0,555,",,,,524288,589824,655360,786432,851968,917504,851968,917504,917504,917504,851968,917504,917504,983040,851968,786432,720896,720896,458752,327680,327680,327680,327680,327680,327680,327680,327680,327680,327680,327680,327680,327680,327680,327680,327680,327680,327680,327680,327680,524288,589824,720896,786432,851968,983040,1048576,1048576,983040,1048576,1048576,1048576,1048576,491520,983040,917504,152917,720896,655360,524288,65536",718,2720,0,0,2720,0,0,0,14,"0,0,0,0,1,1,1,1,1,1,1,1,1,1,1,1,1,1,1,1,1,1,1,1,1,1,1,1,1,1,1,1,1,1,1,1,1,1,1,1,1,1,1,1,1,1,1,1,1,1,1,1,1,1,1,1,2,1,1,3,1,1,1,1",",,,145957,128373,152064,166047,180385,210972,217402,213866,217520,242136,241538,224957,224939,249800,251103,232851,213063,200533,180557,140654,108480,105912,105701,105564,105439,105341,105254,105162,105078,104982,104896,104804,104724,104604,104544,104436,104350,104256,104167,110457,150350,177719,202562,232506,242362,253301,270113,251043,255791,269151,250024,258371,271277,252579,254897,239432,210638,153363,142107,115990,62328",5,1,3568,58,58,5,1035.9658333333334,4,3600,0,3156647,3686400,655360,,true,,,
16,A,basic,straight,,,0.10.0,75cd9ca5,2048,32768,512,1,4096,70,0,"0,0,0,1,3,3,3,3,3,3,3,3,3,3,3,3,3,3,3,3,3,6,9,9,9,9,11,11,11,11,11,11,1,1,1,1,1,1,1,1,1,1,1,1,1,1,1,1,1,1,1,1,1,1,1,1,1,1,1,0,0,0,0,0",563,58,0,22,63,46,-1,32768,"4,32,3",0,,,0,,56375,"31,32",56375,"31,32",3598,21,3598,30,586813731,163671,1787368,0,65536,1024,0,0,2145,",,,65536,196608,196608,196608,196608,196608,196608,196608,196608,196608,196608,196608,196608,196608,196608,196608,196608,196608,393216,589824,589824,589824,589824,720896,720896,720896,720896,720896,720896,65536,65536,65536,65536,65536,65536,65536,65536,65536,65536,65536,65536,65536,65536,65536,65536,65536,65536,65536,65536,65536,65536,65536,65536,65536,65536,65536,,,,,",358,0,0,0,0,0,0,0,53,"0,0,0,1,1,1,1,1,1,1,1,1,1,1,1,1,1,1,1,1,1,1,1,1,1,1,1,1,1,1,1,1,1,1,1,1,1,1,1,1,1,1,1,1,1,1,1,1,1,1,1,1,1,1,1,1,1,1,1,0,0,0,0,0",",,0,9858,24494,47356,47877,48399,48921,49432,49874,50287,50698,51105,51509,51935,52333,52728,53120,54310,75170,108103,111499,113755,112042,108420,104995,103730,102998,102363,102338,102074,0,16967,21517,24829,27239,29713,31639,33333,35196,36688,38420,40799,44188,45982,47651,49239,51544,51815,50024,50189,50357,50522,50685,50848,51011,51173,51366,,,,,",5,1,13153,27,27,5,1271.158888888889,4,3600,0,1730427,3686400,196608,,true,,,
16,A,basic,distributed,,,0.10.0,9fb93207,2048,32768,512,1,4096,94,0,"0,0,0,7,9,10,11,13,14,15,16,17,17,18,18,18,18,18,18,16,16,14,13,10,8,8,8,8,8,8,10,12,6,6,6,6,6,8,8,8,8,8,8,10,13,15,16,18,19,19,19,19,19,18,16,15,16,15,14,8,12,10,8,4",25,58,0,63,6,88,2478,32768,"4,32,3",0,,,0,,4788,"4,32",2598,"61,34",2215,1,96,6,547100,3592,1066770,2404539,65536,1024,0,0,452,",,,458752,589824,655360,720896,851968,917504,983040,1048576,557056,557056,589824,589824,589824,589824,589824,589824,524288,524288,458752,425984,327680,262144,262144,262144,262144,262144,262144,327680,393216,196608,196608,196608,196608,196608,262144,262144,262144,262144,262144,262144,218453,425984,491520,524288,589824,622592,622592,622592,622592,1245184,1179648,1048576,983040,1048576,983040,917504,262144,786432,655360,524288,262144",818,2592,0,0,2592,0,0,0,11,"0,0,0,1,1,1,1,1,1,1,1,2,2,2,2,2,2,2,2,2,2,2,2,2,2,2,2,2,2,2,2,2,2,2,2,2,2,2,2,2,2,2,2,3,2,2,2,2,2,2,2,2,1,1,1,1,1,1,1,2,1,1,1,1",",,,143537,133481,159085,177349,196791,229201,248600,268576,288397,315655,337945,357654,379320,399154,427492,452070,458854,452872,495347,576234,603436,605440,605420,605385,605385,605440,609410,663308,621280,613642,616004,615617,615643,615649,615603,615663,615704,615676,615664,615690,598204,520539,480539,448596,427869,409113,390488,355973,340578,326203,291293,277583,260531,235777,244663,223081,212927,162733,141437,118810,83231",5,1,3764,0,59,5,1040.8727777777779,4,3600,0,3245739,3686400,720896,,false,,,
16,A,basic,detour,,,0.10.0,0cbb3613,2048,32768,512,1,4096,93,0,"0,0,0,7,9,10,12,12,14,14,15,15,15,15,16,15,16,16,15,14,13,12,10,7,5,5,5,5,5,5,5,5,5,5,5,5,5,5,5,5,5,5,7,9,10,12,14,16,16,16,17,16,16,17,16,16,16,15,14,8,12,10,10,5",32,58,0,63,6,85,2568,32768,"4,32,3",0,,,0,,4408,"4,32",3253,"61,34",2154,1,76,7,217961,3588,0,3434807,65536,1024,0,0,555,",,,458752,589824,655360,786432,786432,917504,917504,983040,983040,983040,983040,1048576,983040,1048576,1048576,983040,917504,851968,786432,655360,458752,327680,327680,327680,327680,327680,327680,327680,327680,327680,327680,327680,327680,327680,327680,327680,327680,327680,327680,229376,589824,655360,786432,917504,1048576,1048576,1048576,1114112,1048576,1048576,1114112,1048576,1048576,1048576,983040,917504,262144,786432,655360,655360,327680",741,8287,0,0,8287,0,0,0,14,"0,0,0,1,1,1,1,1,1,1,1,1,1,1,1,1,1,1,1,1,1,1,1,1,1,1,1,1,1,1,1,1,1,1,1,1,1,1,1,1,1,1,2,1,1,1,1,1,1,1,1,1,1,1,1,1,1,1,1,2,1,1,1,1",",,0,132879,142657,161244,174510,191308,223101,229092,222258,226449,249907,250985,234392,235452,258986,262271,242476,219432,206486,188992,147204,108389,104489,104402,104288,104109,104004,103907,103862,103810,102590,103707,103652,103600,103547,103494,103449,103397,103328,103283,115384,156663,179871,205159,236370,247284,263933,278876,258988,264762,276875,256698,265598,276688,256295,255268,239097,214776,172007,155370,135261,101518",5,1,3384,0,59,5,1038.0016666666668,4,3600,0,3151695,3686400,786432,,true,,,
17,A,basic,straight,,,0.10.0,109d1bdf,2048,32768,512,3,4096,97,0,"0,0,0,1,3,3,3,3,5,5,5,5,5,5,5,5,5,5,5,5,5,5,5,5,5,5,5,5,5,5,5,5,3,5,5,5,5,5,5,5,5,6,7,7,7,7,7,7,7,7,5,5,5,5,5,5,5,5,5,0,0,0,0,0",20,56,0,42,63,93,2286,32768,"4,32,3",0,,,0,,14178,"4,32",2032,"6,32",92,5,139,3,8110187,3598,3557255,0,65536,1024,0,0,245,",,,65536,196608,196608,196608,196608,327680,327680,327680,327680,327680,327680,327680,327680,327680,327680,327680,327680,327680,327680,327680,327680,327680,327680,327680,327680,327680,327680,327680,327680,196608,327680,327680,327680,327680,327680,327680,327680,327680,393216,458752,458752,458752,458752,458752,458752,458752,458752,327680,327680,327680,327680,327680,327680,327680,327680,327680,,,,,",311,0,0,0,0,0,0,0,6,"0,0,0,1,1,1,1,1,1,1,1,1,1,1,1,1,1,1,1,1,1,1,1,1,1,1,1,1,1,1,1,1,1,1,1,1,1,1,1,1,1,1,1,1,1,1,1,1,1,1,1,1,1,1,1,1,1,1,1,0,0,0,0,0",",,0,9858,24494,47356,47877,48399,48921,49432,49874,50287,50698,51105,51509,51935,52333,52728,53120,53509,53844,54152,54458,54901,55885,55844,55776,55407,55275,55277,55462,56260,50783,59641,60206,61190,63040,64164,65499,67527,68940,71046,73157,74564,76602,78602,80267,81943,83826,84184,79207,79202,79207,79202,79207,79202,79207,79202,79241,,,,,",5,1,13153,0,2,5,1271.158888888889,4,3600,0,3443089,3686400,196608,,false,,,
17,A,basic,distributed,,,0.10.0,bb9e029f,2048,32768,512,3,4096,95,0,"0,0,0,7,9,10,11,13,14,15,16,17,17,18,18,18,18,18,18,16,16,14,13,10,8,8,8,8,8,8,8,8,8,8,8,8,8,8,8,8,8,8,8,10,13,15,16,18,19,19,19,19,19,18,16,15,16,15,14,8,12,10,8,4",25,56,0,63,6,88,2471,32768,"4,32,3",0,,,0,,4788,"4,32",2590,"61,34",2110,1,96,5,547100,3592,1073551,2404539,65536,1024,0,0,444,",,,458752,589824,655360,720896,851968,917504,983040,1048576,557056,557056,589824,589824,589824,589824,589824,589824,524288,524288,458752,425984,327680,262144,262144,262144,262144,262144,262144,262144,262144,262144,262144,262144,262144,262144,262144,262144,262144,262144,262144,262144,218453,425984,491520,524288,589824,622592,622592,622592,622592,1245184,1179648,1048576,983040,1048576,983040,917504,262144,786432,655360,524288,262144",808,2587,0,0,2587,0,0,0,11,"0,0,0,1,1,1,1,1,1,1,1,2,2,2,2,2,2,2,2,2,2,2,2,2,2,2,2,2,2,2,2,2,2,2,2,2,2,2,2,2,2,2,2,3,2,2,2,2,2,2,2,2,1,1,1,1,1,1,1,2,1,1,1,1",",,,143537,133481,159085,177349,196791,229201,248600,268576,288397,315655,337945,357654,379320,399154,427492,452070,458854,452872,495347,576234,603436,605440,605420,605385,605385,605440,605385,605420,605440,604923,605440,605420,605440,605440,605385,605440,605473,605440,605420,605440,588120,511424,472218,441290,421055,403208,384930,350444,335508,321598,286516,272839,256950,232384,242162,221694,212169,162730,141448,118873,83165",5,1,3764,0,59,5,1040.8727777777779,4,3600,0,3252715,3686400,720896,,true,,,
17,A,basic,detour,,,0.10.0,0cbb3613,2048,32768,512,3,4096,93,0,"0,0,0,7,9,10,12,12,14,14,15,15,15,15,16,15,16,16,15,14,13,12,10,7,5,5,5,5,5,5,5,5,5,5,5,5,5,5,5,5,5,5,7,9,10,12,14,16,16,16,17,16,16,17,16,16,16,15,14,8,12,10,10,5",32,56,0,63,6,85,2568,32768,"4,32,3",0,,,0,,4408,"4,32",3253,"61,34",2154,1,76,7,217961,3588,0,3434807,65536,1024,0,0,555,",,,458752,589824,655360,786432,786432,917504,917504,983040,983040,983040,983040,1048576,983040,1048576,1048576,983040,917504,851968,786432,655360,458752,327680,327680,327680,327680,327680,327680,327680,327680,327680,327680,327680,327680,327680,327680,327680,327680,327680,327680,229376,589824,655360,786432,917504,1048576,1048576,1048576,1114112,1048576,1048576,1114112,1048576,1048576,1048576,983040,917504,262144,786432,655360,655360,327680",741,8287,0,0,8287,0,0,0,14,"0,0,0,1,1,1,1,1,1,1,1,1,1,1,1,1,1,1,1,1,1,1,1,1,1,1,1,1,1,1,1,1,1,1,1,1,1,1,1,1,1,1,2,1,1,1,1,1,1,1,1,1,1,1,1,1,1,1,1,2,1,1,1,1",",,0,132879,142657,161244,174510,191308,223101,229092,222258,226449,249907,250985,234392,235452,258986,262271,242476,219432,206486,188992,147204,108389,104489,104402,104288,104109,104004,103907,103862,103810,102590,103707,103652,103600,103547,103494,103449,103397,103328,103283,115384,156663,179871,205159,236370,247284,263933,278876,258988,264762,276875,256698,265598,276688,256295,255268,239097,214776,172007,155370,135261,101518",5,1,3384,0,59,5,1038.0016666666668,4,3600,0,3151695,3686400,786432,,true,,,
18,A,basic,straight,,,0.10.0,993a4588,2048,32768,512,9,4096,97,0,"0,0,0,1,3,3,3,3,5,5,5,5,5,5,5,5,5,5,5,5,5,5,5,5,5,5,5,5,5,5,5,5,5,5,5,5,5,5,6,6,6,7,7,7,7,7,7,7,7,7,5,5,5,5,5,5,5,5,5,0,0,0,0,0",20,50,0,41,63,93,2286,32768,"4,32,3",0,,,0,,14178,"4,32",2032,"6,32",92,5,139,3,8110187,3598,3557426,0,65536,1024,0,0,245,",,,65536,196608,196608,196608,196608,327680,327680,327680,327680,327680,327680,327680,327680,327680,327680,327680,327680,327680,327680,327680,327680,327680,327680,327680,327680,327680,327680,327680,327680,327680,327680,327680,327680,327680,327680,393216,393216,393216,458752,458752,458752,458752,458752,458752,458752,458752,458752,327680,327680,327680,327680,327680,327680,327680,327680,327680,,,,,",313,0,0,0,0,0,0,0,6,"0,0,0,1,1,1,1,1,1,1,1,1,1,1,1,1,1,1,1,1,1,1,1,1,1,1,1,1,1,1,1,1,1,1,1,1,1,1,1,1,1,1,1,1,1,1,1,1,1,1,1,1,1,1,1,1,1,1,1,0,0,0,0,0",",,0,9858,24494,47356,47877,48399,48921,49432,49874,50287,50698,51105,51509,51935,52333,52728,53120,53509,53844,54152,54458,54901,55885,55844,55776,55407,55275,55277,55426,56121,56517,64361,64866,66127,66916,68004,69335,70912,72308,73933,75440,77107,78885,80461,82288,83927,85704,86089,80817,80817,80796,80817,80817,80817,80796,80817,80851,,,,,",5,1,13153,0,2,5,1271.158888888889,4,3600,0,3442964,3686400,196608,,false,,,
18,A,basic,distributed,,,0.10.0,059b7067,2048,32768,512,9,4096,95,0,"0,0,0,7,9,10,11,13,14,15,16,17,17,18,18,18,18,18,18,16,16,14,13,10,8,8,8,8,8,8,8,8,8,8,8,8,8,8,8,8,8,8,8,10,13,15,16,18,19,19,19,19,19,18,16,15,16,15,14,8,12,10,8,4",25,50,0,63,6,88,2471,32768,"4,32,3",0,,,0,,4788,"4,32",2590,"61,34",2110,1,96,5,547100,3592,1073551,2404539,65536,1024,0,0,444,",,,458752,589824,655360,720896,851968,917504,983040,1048576,557056,557056,589824,589824,589824,589824,589824,589824,524288,524288,458752,425984,327680,262144,262144,262144,262144,262144,262144,262144,262144,262144,262144,262144,262144,262144,262144,262144,262144,262144,262144,262144,218453,425984,491520,524288,589824,622592,622592,622592,622592,1245184,1179648,1048576,983040,1048576,983040,917504,262144,786432,655360,524288,262144",808,2587,0,0,2587,0,0,0,11,"0,0,0,1,1,1,1,1,1,1,1,2,2,2,2,2,2,2,2,2,2,2,2,2,2,2,2,2,2,2,2,2,2,2,2,2,2,2,2,2,2,2,2,3,2,2,2,2,2,2,2,2,1,1,1,1,1,1,1,2,1,1,1,1",",,,143537,133481,159085,177349,196791,229201,248600,268576,288397,315655,337945,357654,379320,399154,427492,452070,458854,452872,495347,576234,603436,605440,605420,605385,605385,605440,605385,605420,605440,605739,605440,605420,605440,605440,605385,605440,605473,605440,605420,605440,588120,511424,472218,441290,421055,403208,384930,350444,335508,321598,286516,272839,256950,232384,242162,221694,212169,162730,141448,118873,83165",5,1,3764,0,59,5,1040.8727777777779,4,3600,0,3252707,3686400,720896,,true,,,
18,A,basic,detour,,,0.10.0,0cbb3613,2048,32768,512,9,4096,93,0,"0,0,0,7,9,10,12,12,14,14,15,15,15,15,16,15,16,16,15,14,13,12,10,7,5,5,5,5,5,5,5,5,5,5,5,5,5,5,5,5,5,5,7,9,10,12,14,16,16,16,17,16,16,17,16,16,16,15,14,8,12,10,10,5",32,50,0,63,6,85,2568,32768,"4,32,3",0,,,0,,4408,"4,32",3253,"61,34",2154,1,76,7,217961,3588,0,3434807,65536,1024,0,0,555,",,,458752,589824,655360,786432,786432,917504,917504,983040,983040,983040,983040,1048576,983040,1048576,1048576,983040,917504,851968,786432,655360,458752,327680,327680,327680,327680,327680,327680,327680,327680,327680,327680,327680,327680,327680,327680,327680,327680,327680,327680,229376,589824,655360,786432,917504,1048576,1048576,1048576,1114112,1048576,1048576,1114112,1048576,1048576,1048576,983040,917504,262144,786432,655360,655360,327680",741,8287,0,0,8287,0,0,0,14,"0,0,0,1,1,1,1,1,1,1,1,1,1,1,1,1,1,1,1,1,1,1,1,1,1,1,1,1,1,1,1,1,1,1,1,1,1,1,1,1,1,1,2,1,1,1,1,1,1,1,1,1,1,1,1,1,1,1,1,2,1,1,1,1",",,0,132879,142657,161244,174510,191308,223101,229092,222258,226449,249907,250985,234392,235452,258986,262271,242476,219432,206486,188992,147204,108389,104489,104402,104288,104109,104004,103907,103862,103810,102590,103707,103652,103600,103547,103494,103449,103397,103328,103283,115384,156663,179871,205159,236370,247284,263933,278876,258988,264762,276875,256698,265598,276688,256295,255268,239097,214776,172007,155370,135261,101518",5,1,3384,0,59,5,1038.0016666666668,4,3600,0,3151695,3686400,786432,,true,,,
19,A,basic,straight,,,0.10.0,993a4588,2048,32768,512,63,4096,97,0,"0,0,0,1,3,3,3,3,5,5,5,5,5,5,5,5,5,5,5,5,5,5,5,5,5,5,5,5,5,5,5,5,5,5,5,5,5,5,6,6,6,7,7,7,7,7,7,7,7,7,5,5,5,5,5,5,5,5,5,0,0,0,0,0",20,0,0,41,63,93,2286,32768,"4,32,3",0,,,0,,14178,"4,32",2032,"6,32",92,5,139,3,8110187,3598,3557426,0,65536,1024,0,0,245,",,,65536,196608,196608,196608,196608,327680,327680,327680,327680,327680,327680,327680,327680,327680,327680,327680,327680,327680,327680,327680,327680,327680,327680,327680,327680,327680,327680,327680,327680,327680,327680,327680,327680,327680,327680,393216,393216,393216,458752,458752,458752,458752,458752,458752,458752,458752,458752,327680,327680,327680,327680,327680,327680,327680,327680,327680,,,,,",313,0,0,0,0,0,0,0,6,"0,0,0,1,1,1,1,1,1,1,1,1,1,1,1,1,1,1,1,1,1,1,1,1,1,1,1,1,1,1,1,1,1,1,1,1,1,1,1,1,1,1,1,1,1,1,1,1,1,1,1,1,1,1,1,1,1,1,1,0,0,0,0,0",",,0,9858,24494,47356,47877,48399,48921,49432,49874,50287,50698,51105,51509,51935,52333,52728,53120,53509,53844,54152,54458,54901,55885,55844,55776,55407,55275,55277,55426,56121,56517,64361,64866,66127,66916,68004,69335,70912,72308,73933,75440,77107,78885,80461,82288,83927,85704,86089,80817,80817,80796,80817,80817,80817,80796,80817,80851,,,,,",5,1,13153,0,2,5,1271.158888888889,4,3600,0,3442964,3686400,196608,,false,,,
19,A,basic,distributed,,,0.10.0,77e422d8,2048,32768,512,63,4096,95,0,"0,0,0,7,9,10,11,13,14,15,16,17,17,18,18,18,18,18,18,16,16,14,13,10,8,8,8,8,8,8,8,8,8,8,8,8,8,8,8,8,8,8,8,10,13,15,16,18,19,19,19,19,19,18,16,15,16,15,14,8,12,10,8,4",25,0,0,63,6,88,2471,32768,"4,32,3",0,,,0,,4788,"4,32",2590,"61,34",2047,1,96,5,547100,3592,1073551,2404539,65536,1024,0,0,444,",,,458752,589824,655360,720896,851968,917504,983040,1048576,557056,557056,589824,589824,589824,589824,589824,589824,524288,524288,458752,425984,327680,262144,262144,262144,262144,262144,262144,262144,262144,262144,262144,262144,262144,262144,262144,262144,262144,262144,262144,262144,218453,425984,491520,524288,589824,622592,622592,622592,622592,1245184,1179648,1048576,983040,1048576,983040,917504,262144,786432,655360,524288,262144",809,2588,0,0,2588,0,0,0,11,"0,0,0,1,1,1,1,1,1,1,1,2,2,2,2,2,2,2,2,2,2,2,2,2,2,2,2,2,2,2,2,2,2,2,2,2,2,2,2,2,2,2,2,3,2,2,2,2,2,2,2,2,1,1,1,1,1,1,1,2,1,1,1,1",",,,143537,133481,159085,177349,196791,229201,248600,268576,288397,315655,337945,357654,379320,399154,427492,452070,458854,452872,495347,576234,603436,605440,605420,605385,605385,605440,605385,605420,605440,605473,605440,605420,605440,605440,605385,605440,605473,605440,605420,605440,588120,511424,472218,441290,421055,403208,384930,350444,335508,321598,286532,272839,256949,232387,242135,221715,212259,162731,141444,118873,83165",5,1,3764,0,59,5,1040.8727777777779,4,3600,0,3252689,3686400,720896,,true,,,
19,A,basic,detour,,,0.10.0,234eea7d,2048,32768,512,63,4096,93,0,"0,0,0,7,9,10,12,12,14,14,15,15,15,15,16,15,16,16,15,14,13,12,10,7,5,5,5,5,5,5,5,5,5,5,5,5,5,5,5,5,5,5,7,9,10,12,14,16,16,16,17,16,16,17,16,16,16,15,14,8,12,10,10,5",32,0,0,63,6,85,2568,32768,"4,32,3",0,,,0,,4408,"4,32",3253,"61,34",2081,1,76,7,217961,3588,0,3434807,65536,1024,0,0,555,",,,458752,589824,655360,786432,786432,917504,917504,983040,983040,983040,983040,1048576,983040,1048576,1048576,983040,917504,851968,786432,655360,458752,327680,327680,327680,327680,327680,327680,327680,327680,327680,327680,327680,327680,327680,327680,327680,327680,327680,327680,229376,589824,655360,786432,917504,1048576,1048576,1048576,1114112,1048576,1048576,1114112,1048576,1048576,1048576,983040,917504,262144,786432,655360,655360,327680",743,8290,0,0,8290,0,0,0,14,"0,0,0,1,1,1,1,1,1,1,1,1,1,1,1,1,1,1,1,1,1,1,1,1,1,1,1,1,1,1,1,1,1,1,1,1,1,1,1,1,1,1,2,1,1,1,1,1,1,1,1,1,1,1,1,1,1,1,1,2,1,1,1,1",",,0,132879,142657,161244,174510,191308,223101,229092,222258,226449,249907,250985,234392,235452,258986,262271,242476,219432,206486,188992,147204,108389,104489,104402,104288,104109,104004,103907,103862,103810,103757,103707,103652,103600,103547,103494,103449,103397,103328,103283,115384,156663,179871,205159,236370,247300,263937,278905,259025,264749,276885,256664,265604,276721,256297,255255,239103,214716,172019,155357,135297,101562",5,1,3384,0,59,5,1038.0016666666668,4,3600,0,3151630,3686400,786432,,true,,,
20,A,basic,straight,,,0.10.0,e771abdb,4096,32768,512,1,4096,71,0,"0,0,0,1,3,3,3,3,3,3,3,3,3,3,3,3,3,3,3,3,3,6,8,9,9,9,9,9,9,9,9,9,1,1,1,1,1,1,1,1,1,1,1,1,1,1,1,1,1,1,1,1,1,1,1,1,1,1,1,0,0,0,0,0",579,58,0,22,63,46,-1,32768,"4,32,7",0,,,0,,57906,"31,32",57906,"31,32",3598,22,3598,29,588109338,163414,1787674,0,65536,1024,0,0,2143,",,,65536,196608,196608,196608,196608,196608,196608,196608,196608,196608,196608,196608,196608,196608,196608,196608,196608,196608,393216,524288,589824,589824,589824,589824,589824,589824,589824,589824,589824,65536,65536,65536,65536,65536,65536,65536,65536,65536,65536,65536,65536,65536,65536,65536,65536,65536,65536,65536,65536,65536,65536,65536,65536,65536,65536,65536,,,,,",348,0,0,0,0,0,0,0,53,"0,0,0,1,1,1,1,1,1,1,1,1,1,1,1,1,1,1,1,1,1,1,1,1,1,1,1,1,1,1,1,1,1,1,1,1,1,1,1,1,1,1,1,1,1,1,1,1,1,1,1,1,1,1,1,1,1,1,1,0,0,0,0,0",",,0,9858,22651,47314,47750,48188,48617,49041,49462,49879,50305,50722,51073,51398,51720,52040,52358,52675,70038,102926,110382,113219,111716,108076,104664,103407,102678,102073,102128,101532,0,13035,17421,20743,23129,25239,27946,29820,31278,32987,34494,35921,37514,39934,43345,45157,46670,46882,45652,45833,46013,46192,46370,46610,46787,46963,47140,,,,,",5,1,15733,27,27,5,1270.0908333333334,4,3600,0,1730949,3686400,196608,,true,,,
20,A,basic,distributed,,,0.10.0,ffc7e5d7,4096,32768,512,1,4096,94,0,"0,0,0,6,9,10,11,13,14,15,16,17,17,18,17,17,18,18,18,16,15,14,12,8,8,8,8,8,8,8,10,12,6,6,6,6,6,6,6,8,8,8,8,10,13,14,16,18,19,19,19,18,19,18,16,15,16,15,14,8,12,10,8,4",29,58,0,63,6,87,2481,32768,"4,32,13",0,,,0,,4912,"4,32",2986,"61,34",1456,1,79,6,676957,3593,1025455,2445787,65536,1024,0,0,456,",,,196608,589824,655360,720896,851968,917504,983040,1048576,557056,557056,589824,557056,557056,589824,589824,589824,524288,491520,458752,393216,262144,262144,262144,262144,262144,262144,262144,327680,393216,196608,196608,196608,196608,196608,196608,196608,262144,262144,262144,262144,218453,425984,458752,524288,589824,622592,622592,622592,589824,1245184,1179648,1048576,983040,1048576,983040,917504,262144,786432,655360,524288,262144",805,1346,0,0,1346,0,0,0,11,"0,0,0,2,1,1,1,1,1,1,1,2,2,2,2,2,2,2,2,2,2,2,2,2,2,2,2,2,2,2,2,2,2,2,2,2,2,2,2,2,2,2,2,3,2,2,2,2,2,2,2,2,1,1,1,1,1,1,1,2,1,1,1,1",",,,143144,126683,154799,174005,193594,225740,245367,265137,284550,311800,333736,352524,373588,392926,420799,444869,451035,442710,486067,571392,597635,599290,599340,599315,599352,599315,601064,664937,629895,608300,610372,610379,610037,609957,610014,609994,610039,610008,610042,609998,594158,518239,478993,445883,424581,404532,387680,353438,337536,323462,289200,275515,258073,233422,243720,223073,220730,159195,136304,111882,73130",5,1,3888,0,59,5,1035.8655555555556,4,3600,0,3243027,3686400,720896,,false,,,
20,A,basic,detour,,,0.10.0,f9afb0ee,4096,32768,512,1,4096,93,0,"0,0,0,7,9,10,10,12,13,14,14,15,15,15,15,15,15,15,15,14,13,11,10,7,5,5,5,5,5,5,5,5,5,5,5,5,5,5,5,5,5,5,6,9,10,12,14,15,16,16,16,16,16,17,16,16,16,15,14,8,12,10,9,4",36,58,0,63,6,85,2567,32768,"4,32,15",0,,,0,,4496,"4,32",3666,"60,34",1852,1,78,7,400499,6287,0,3436784,65536,1024,0,0,554,",,,458752,589824,655360,655360,786432,851968,917504,917504,983040,983040,983040,983040,983040,983040,983040,983040,917504,851968,720896,655360,458752,327680,327680,327680,327680,327680,327680,327680,327680,327680,327680,327680,327680,327680,327680,327680,327680,327680,327680,196608,589824,655360,786432,917504,983040,1048576,1048576,1048576,1048576,1048576,1114112,1048576,1048576,1048576,983040,917504,262144,786432,655360,589824,262144",727,8045,0,0,8045,0,0,0,14,"0,0,0,1,1,1,1,1,1,1,1,1,1,1,1,1,1,1,1,1,1,1,1,1,1,1,1,1,1,1,1,1,1,1,1,1,1,1,1,1,1,1,2,1,1,1,1,1,1,1,1,1,1,1,1,1,1,1,1,2,1,1,1,1",",,0,138424,136696,157464,170194,185666,216864,223295,217992,221873,246125,246431,229405,230491,255161,256876,237879,216523,204010,184791,143407,108355,105197,105033,104903,104809,104714,104620,104538,104437,103382,104246,104132,104055,103960,103906,103844,103806,103762,103725,112671,154139,179296,204082,234945,245044,258545,274783,255084,259959,272941,253205,261984,273981,254592,255698,239739,224785,167870,149426,124923,88809",5,1,3472,0,58,5,1033.9916666666666,4,3600,0,3152309,3686400,655360,,true,,,
21,A,basic,straight,,,0.10.0,8c22968e,4096,32768,512,3,4096,98,0,"0,0,0,1,3,3,3,3,5,5,5,5,5,5,5,5,5,5,5,5,5,5,5,5,5,5,5,5,5,5,5,5,3,5,5,5,5,5,5,5,5,5,5,6,7,7,7,7,7,7,5,5,5,5,5,5,5,5,5,0,0,0,0,0",20,56,0,44,63,93,2288,32768,"4,32,7",0,,,0,,16758,"4,32",2040,"6,32",71,6,157,2,10408938,3598,3554793,0,65536,1024,0,0,247,",,,65536,196608,196608,196608,196608,327680,327680,327680,327680,327680,327680,327680,327680,327680,327680,327680,327680,327680,327680,327680,327680,327680,327680,327680,327680,327680,327680,327680,327680,196608,327680,327680,327680,327680,327680,327680,327680,327680,327680,327680,393216,458752,458752,458752,458752,458752,458752,327680,327680,327680,327680,327680,327680,327680,327680,327680,,,,,",311,0,0,0,0,0,0,0,6,"0,0,0,1,1,1,1,1,1,1,1,1,1,1,1,1,1,1,1,1,1,1,1,1,1,1,1,1,1,1,1,1,1,1,1,1,1,1,1,1,1,1,1,1,1,1,1,1,1,1,1,1,1,1,1,1,1,1,1,0,0,0,0,0",",,0,9858,22651,47314,47750,48188,48617,49041,49462,49879,50305,50722,51073,51398,51720,52040,52358,52675,52989,53302,53612,53921,54687,54557,54252,53717,53511,53244,53307,54024,49380,57039,57500,58673,59689,60724,62410,63874,65231,67342,68726,70837,72660,74322,76371,77843,79785,80111,75818,75814,75805,75814,75809,75814,75818,75814,75805,,,,,",5,1,15733,0,2,5,1270.0908333333334,4,3600,0,3441044,3686400,196608,,false,,,
21,A,basic,distributed,,,0.10.0,9f1a5755,4096,32768,512,3,4096,95,0,"0,0,0,6,9,10,11,13,14,15,16,17,17,18,17,17,18,18,18,16,15,14,12,8,8,8,8,8,8,8,8,8,8,8,8,8,8,8,8,8,8,8,8,10,13,14,16,18,19,19,19,18,19,18,16,15,16,15,14,8,12,10,8,4",29,56,0,63,6,88,2474,32768,"4,32,13",0,,,0,,4912,"4,32",2983,"61,34",2085,1,79,5,676957,3593,1031774,2445787,65536,1024,0,0,449,",,,196608,589824,655360,720896,851968,917504,983040,1048576,557056,557056,589824,557056,557056,589824,589824,589824,524288,491520,458752,393216,262144,262144,262144,262144,262144,262144,262144,262144,262144,262144,262144,262144,262144,262144,262144,262144,262144,262144,262144,262144,218453,425984,458752,524288,589824,622592,622592,622592,589824,1245184,1179648,1048576,983040,1048576,983040,917504,262144,786432,655360,524288,262144",799,1155,0,0,1155,0,0,0,11,"0,0,0,2,1,1,1,1,1,1,1,2,2,2,2,2,2,2,2,2,2,2,2,2,2,2,2,2,2,2,2,2,2,2,2,2,2,2,2,2,2,2,2,3,2,2,2,2,2,2,2,2,1,1,1,1,1,1,1,2,1,1,1,1",",,,143144,126683,154799,174005,193594,225740,245367,265137,284550,311800,333736,352524,373588,392926,420799,444869,451035,442710,486067,571392,597635,599290,599340,599315,599352,599315,599340,599290,599375,598838,599315,599315,599375,599290,599340,599315,599352,599315,599340,599290,583643,508829,470435,438443,417675,398229,381747,347492,332120,318498,284091,270608,254808,229693,240648,221385,219928,159179,136319,111905,73110",5,1,3888,0,59,5,1035.8655555555556,4,3600,0,3249654,3686400,720896,,true,,,
21,A,basic,detour,,,0.10.0,f9afb0ee,4096,32768,512,3,4096,93,0,"0,0,0,7,9,10,10,12,13,14,14,15,15,15,15,15,15,15,15,14,13,11,10,7,5,5,5,5,5,5,5,5,5,5,5,5,5,5,5,5,5,5,6,9,10,12,14,15,16,16,16,16,16,17,16,16,16,15,14,8,12,10,9,4",36,56,0,63,6,85,2567,32768,"4,32,15",0,,,0,,4496,"4,32",3666,"60,34",1852,1,78,7,400499,6287,0,3436784,65536,1024,0,0,554,",,,458752,589824,655360,655360,786432,851968,917504,917504,983040,983040,983040,983040,983040,983040,983040,983040,917504,851968,720896,655360,458752,327680,327680,327680,327680,327680,327680,327680,327680,327680,327680,327680,327680,327680,327680,327680,327680,327680,327680,196608,589824,655360,786432,917504,983040,1048576,1048576,1048576,1048576,1048576,1114112,1048576,1048576,1048576,983040,917504,262144,786432,655360,589824,262144",727,8045,0,0,8045,0,0,0,14,"0,0,0,1,1,1,1,1,1,1,1,1,1,1,1,1,1,1,1,1,1,1,1,1,1,1,1,1,1,1,1,1,1,1,1,1,1,1,1,1,1,1,2,1,1,1,1,1,1,1,1,1,1,1,1,1,1,1,1,2,1,1,1,1",",,0,138424,136696,157464,170194,185666,216864,223295,217992,221873,246125,246431,229405,230491,255161,256876,237879,216523,204010,184791,143407,108355,105197,105033,104903,104809,104714,104620,104538,104437,103382,104246,104132,104055,103960,103906,103844,103806,103762,103725,112671,154139,179296,204082,234945,245044,258545,274783,255084,259959,272941,253205,261984,273981,254592,255698,239739,224785,167870,149426,124923,88809",5,1,3472,0,58,5,1033.9916666666666,4,3600,0,3152309,3686400,655360,,true,,,
22,A,basic,straight,,,0.10.0,54ee05d4,4096,32768,512,9,4096,98,0,"0,0,0,1,3,3,3,3,5,5,5,5,5,5,5,5,5,5,5,5,5,5,5,5,5,5,5,5,5,5,5,5,5,5,5,5,5,5,5,5,5,6,6,7,7,7,7,7,7,7,5,5,5,5,5,5,5,5,5,0,0,0,0,0",20,50,0,43,63,93,2288,32768,"4,32,7",0,,,0,,16758,"4,32",2040,"6,32",71,6,157,2,10408938,3598,3554931,0,65536,1024,0,0,248,",,,65536,196608,196608,196608,196608,327680,327680,327680,327680,327680,327680,327680,327680,327680,327680,327680,327680,327680,327680,327680,327680,327680,327680,327680,327680,327680,327680,327680,327680,327680,327680,327680,327680,327680,327680,327680,327680,327680,393216,393216,458752,458752,458752,458752,458752,458752,458752,327680,327680,327680,327680,327680,327680,327680,327680,327680,,,,,",313,0,0,0,0,0,0,0,6,"0,0,0,1,1,1,1,1,1,1,1,1,1,1,1,1,1,1,1,1,1,1,1,1,1,1,1,1,1,1,1,1,1,1,1,1,1,1,1,1,1,1,1,1,1,1,1,1,1,1,1,1,1,1,1,1,1,1,1,0,0,0,0,0",",,0,9858,22651,47314,47750,48188,48617,49041,49462,49879,50305,50722,51073,51398,51720,52040,52358,52675,52989,53302,53612,53921,54687,54557,54252,53717,53511,53244,53307,53527,53857,60964,61522,62248,63136,64152,65310,66903,68196,70005,71348,73224,74584,76475,77862,79747,81658,81968,77337,77314,77359,77322,77318,77320,77318,77322,77363,,,,,",5,1,15733,0,2,5,1270.0908333333334,4,3600,0,3440858,3686400,196608,,false,,,
22,A,basic,distributed,,,0.10.0,3ba18805,4096,32768,512,9,4096,95,0,"0,0,0,6,9,10,11,13,14,15,16,17,17,18,17,17,18,18,18,16,15,14,12,8,8,8,8,8,8,8,8,8,8,8,8,8,8,8,8,8,8,8,8,10,13,14,16,18,19,19,19,18,19,18,16,15,16,15,14,8,12,10,8,4",29,50,0,63,6,88,2474,32768,"4,32,13",0,,,0,,4912,"4,32",2983,"61,34",2085,1,79,5,676957,3593,1031774,2445787,65536,1024,0,0,449,",,,196608,589824,655360,720896,851968,917504,983040,1048576,557056,557056,589824,557056,557056,589824,589824,589824,524288,491520,458752,393216,262144,262144,262144,262144,262144,262144,262144,262144,262144,262144,262144,262144,262144,262144,262144,262144,262144,262144,262144,262144,218453,425984,458752,524288,589824,622592,622592,622592,589824,1245184,1179648,1048576,983040,1048576,983040,917504,262144,786432,655360,524288,262144",799,1155,0,0,1155,0,0,0,11,"0,0,0,2,1,1,1,1,1,1,1,2,2,2,2,2,2,2,2,2,2,2,2,2,2,2,2,2,2,2,2,2,2,2,2,2,2,2,2,2,2,2,2,3,2,2,2,2,2,2,2,2,1,1,1,1,1,1,1,2,1,1,1,1",",,,143144,126683,154799,174005,193594,225740,245367,265137,284550,311800,333736,352524,373588,392926,420799,444869,451035,442710,486067,571392,597635,599290,599340,599315,599352,599315,599340,599290,599375,599731,599315,599315,599375,599290,599340,599315,599352,599315,599340,599290,583643,508829,470435,438443,417675,398229,381747,347492,332120,318498,284091,270608,254808,229693,240648,221385,219928,159179,136319,111905,73110",5,1,3888,0,59,5,1035.8655555555556,4,3600,0,3249646,3686400,720896,,true,,,
22,A,basic,detour,,,0.10.0,f9afb0ee,4096,32768,512,9,4096,93,0,"0,0,0,7,9,10,10,12,13,14,14,15,15,15,15,15,15,15,15,14,13,11,10,7,5,5,5,5,5,5,5,5,5,5,5,5,5,5,5,5,5,5,6,9,10,12,14,15,16,16,16,16,16,17,16,16,16,15,14,8,12,10,9,4",36,50,0,63,6,85,2567,32768,"4,32,15",0,,,0,,4496,"4,32",3666,"60,34",1852,1,78,7,400499,6287,0,3436784,65536,1024,0,0,554,",,,458752,589824,655360,655360,786432,851968,917504,917504,983040,983040,983040,983040,983040,983040,983040,983040,917504,851968,720896,655360,458752,327680,327680,327680,327680,327680,327680,327680,327680,327680,327680,327680,327680,327680,327680,327680,327680,327680,327680,196608,589824,655360,786432,917504,983040,1048576,1048576,1048576,1048576,1048576,1114112,1048576,1048576,1048576,983040,917504,262144,786432,655360,589824,262144",727,8045,0,0,8045,0,0,0,14,"0,0,0,1,1,1,1,1,1,1,1,1,1,1,1,1,1,1,1,1,1,1,1,1,1,1,1,1,1,1,1,1,1,1,1,1,1,1,1,1,1,1,2,1,1,1,1,1,1,1,1,1,1,1,1,1,1,1,1,2,1,1,1,1",",,0,138424,136696,157464,170194,185666,216864,223295,217992,221873,246125,246431,229405,230491,255161,256876,237879,216523,204010,184791,143407,108355,105197,105033,104903,104809,104714,104620,104538,104437,103382,104246,104132,104055,103960,103906,103844,103806,103762,103725,112671,154139,179296,204082,234945,245044,258545,274783,255084,259959,272941,253205,261984,273981,254592,255698,239739,224785,167870,149426,124923,88809",5,1,3472,0,58,5,1033.9916666666666,4,3600,0,3152309,3686400,655360,,true,,,
23,A,basic,straight,,,0.10.0,54ee05d4,4096,32768,512,63,4096,98,0,"0,0,0,1,3,3,3,3,5,5,5,5,5,5,5,5,5,5,5,5,5,5,5,5,5,5,5,5,5,5,5,5,5,5,5,5,5,5,5,5,5,6,6,7,7,7,7,7,7,7,5,5,5,5,5,5,5,5,5,0,0,0,0,0",20,0,0,43,63,93,2288,32768,"4,32,7",0,,,0,,16758,"4,32",2040,"6,32",71,6,157,2,10408938,3598,3554931,0,65536,1024,0,0,248,",,,65536,196608,196608,196608,196608,327680,327680,327680,327680,327680,327680,327680,327680,327680,327680,327680,327680,327680,327680,327680,327680,327680,327680,327680,327680,327680,327680,327680,327680,327680,327680,327680,327680,327680,327680,327680,327680,327680,393216,393216,458752,458752,458752,458752,458752,458752,458752,327680,327680,327680,327680,327680,327680,327680,327680,327680,,,,,",313,0,0,0,0,0,0,0,6,"0,0,0,1,1,1,1,1,1,1,1,1,1,1,1,1,1,1,1,1,1,1,1,1,1,1,1,1,1,1,1,1,1,1,1,1,1,1,1,1,1,1,1,1,1,1,1,1,1,1,1,1,1,1,1,1,1,1,1,0,0,0,0,0",",,0,9858,22651,47314,47750,48188,48617,49041,49462,49879,50305,50722,51073,51398,51720,52040,52358,52675,52989,53302,53612,53921,54687,54557,54252,53717,53511,53244,53307,53527,53857,60964,61522,62248,63136,64152,65310,66903,68196,70005,71348,73224,74584,76475,77862,79747,81658,81968,77337,77314,77359,77322,77318,77320,77318,77322,77363,,,,,",5,1,15733,0,2,5,1270.0908333333334,4,3600,0,3440858,3686400,196608,,false,,,
23,A,basic,distributed,,,0.10.0,7827e81c,4096,32768,512,63,4096,95,0,"0,0,0,6,9,10,11,13,14,15,16,17,17,18,17,17,18,18,18,16,15,14,12,8,8,8,8,8,8,8,8,8,8,8,8,8,8,8,8,8,8,8,8,10,13,14,16,18,19,19,19,18,19,18,16,15,16,15,14,8,12,10,8,4",29,0,0,63,6,88,2474,32768,"4,32,13",0,,,0,,4912,"4,32",2983,"61,34",2086,1,79,5,676957,3593,1031774,2445787,65536,1024,0,0,449,",,,196608,589824,655360,720896,851968,917504,983040,1048576,557056,557056,589824,557056,557056,589824,589824,589824,524288,491520,458752,393216,262144,262144,262144,262144,262144,262144,262144,262144,262144,262144,262144,262144,262144,262144,262144,262144,262144,262144,262144,262144,218453,425984,458752,524288,589824,622592,622592,622592,589824,1245184,1179648,1048576,983040,1048576,983040,917504,262144,786432,655360,524288,262144",800,1155,0,0,1155,0,0,0,11,"0,0,0,2,1,1,1,1,1,1,1,2,2,2,2,2,2,2,2,2,2,2,2,2,2,2,2,2,2,2,2,2,2,2,2,2,2,2,2,2,2,2,2,3,2,2,2,2,2,2,2,2,1,1,1,1,1,1,1,2,1,1,1,1",",,,143144,126683,154799,174005,193594,225740,245367,265137,284550,311800,333736,352524,373588,392926,420799,444869,451035,442710,486067,571392,597635,599290,599340,599315,599352,599315,599340,599290,599375,599315,599315,599315,599375,599290,599340,599315,599352,599315,599340,599290,583643,508829,470435,438436,417664,398214,381725,347524,332122,318497,284091,270595,254798,229686,240654,221405,219870,159161,136309,111911,73130",5,1,3888,0,59,5,1035.8655555555556,4,3600,0,3249626,3686400,720896,,true,,,
23,A,basic,detour,,,0.10.0,f88c3804,4096,32768,512,63,4096,93,0,"0,0,0,7,9,10,10,12,13,14,14,15,15,15,15,15,15,15,15,14,13,11,10,7,5,5,5,5,5,5,5,5,5,5,5,5,5,5,5,5,5,5,6,9,10,12,14,15,16,16,16,16,16,17,16,16,16,15,14,8,12,10,9,4",36,0,0,63,6,85,2567,32768,"4,32,15",0,,,0,,4496,"4,32",3665,"60,34",1794,1,78,7,399510,6287,0,3436784,65536,1024,0,0,554,",,,458752,589824,655360,655360,786432,851968,917504,917504,983040,983040,983040,983040,983040,983040,983040,983040,917504,851968,720896,655360,458752,327680,327680,327680,327680,327680,327680,327680,327680,327680,327680,327680,327680,327680,327680,327680,327680,327680,327680,196608,589824,655360,786432,917504,983040,1048576,1048576,1048576,1048576,1048576,1114112,1048576,1048576,1048576,983040,917504,262144,786432,655360,589824,262144",729,8049,0,0,8049,0,0,0,14,"0,0,0,1,1,1,1,1,1,1,1,1,1,1,1,1,1,1,1,1,1,1,1,1,1,1,1,1,1,1,1,1,1,1,1,1,1,1,1,1,1,1,2,1,1,1,1,1,1,1,1,1,1,1,1,1,1,1,1,2,1,1,1,1",",,0,138424,136696,157464,170194,185666,216864,223295,217992,221873,246125,246431,229405,230491,255161,256876,237879,216523,204010,184791,143407,108355,105197,105033,104903,104809,104714,104620,104538,104437,104342,104246,104132,104055,103960,103906,103844,103806,103762,103725,112671,154139,179296,204082,234965,245034,258545,274783,255084,259959,272941,253205,261984,273981,254592,255698,239739,224785,167905,149466,125119,88088",5,1,3472,0,58,5,1033.9916666666666,4,3600,0,3152307,3686400,655360,,true,,,
24,A,basic,straight,,,0.10.0,ce84fb91,8192,32768,512,1,4096,71,0,"0,0,0,1,3,3,3,3,3,3,3,3,3,3,3,3,3,3,3,3,3,6,8,9,9,9,9,9,9,9,9,9,1,1,1,1,1,1,1,1,1,1,1,1,1,1,1,1,1,1,1,1,1,1,1,1,1,1,1,0,0,0,0,0",586,58,0,22,63,46,-1,32768,"4,32,17",0,,,0,,58647,"31,32",58647,"31,32",3600,22,3600,29,588863283,162994,1787776,0,65536,1024,0,0,2143,",,,65536,196608,196608,196608,196608,196608,196608,196608,196608,196608,196608,196608,196608,196608,196608,196608,196608,196608,393216,524288,589824,589824,589824,589824,589824,589824,589824,589824,589824,65536,65536,65536,65536,65536,65536,65536,65536,65536,65536,65536,65536,65536,65536,65536,65536,65536,65536,65536,65536,65536,65536,65536,65536,65536,65536,65536,,,,,",343,0,0,0,0,0,0,0,53,"0,0,0,1,1,1,1,1,1,1,1,1,1,1,1,1,1,1,1,1,1,1,1,1,1,1,1,1,1,1,1,1,1,1,1,1,1,1,1,1,1,1,1,1,1,1,1,1,1,1,1,1,1,1,1,1,1,1,1,0,0,0,0,0",",,0,9875,21962,47319,47756,48188,48617,49041,49420,49755,50088,50419,50747,51073,51398,51720,52040,52358,66777,99177,109483,112769,111275,107634,104220,103031,102374,101722,101741,101039,0,12102,16349,19310,21796,23791,25512,27923,29506,30928,32654,34159,35578,38098,39914,43281,44647,44879,43523,43723,43900,44099,44274,44471,44719,44865,45087,,,,,",5,1,16868,27,27,5,1268.6638888888888,4,3600,0,1731060,3686400,196608,,true,,,
24,A,basic,distributed,,,0.10.0,f9eba992,8192,32768,512,1,4096,94,0,"0,0,0,4,9,10,11,13,14,15,16,17,17,17,16,17,17,18,18,16,15,14,12,8,8,8,8,8,8,8,10,12,6,6,6,6,6,6,6,6,8,8,8,10,12,14,16,18,19,19,19,18,19,18,16,15,16,15,14,8,12,10,8,4",34,58,0,63,6,87,2483,45600,"4,32,66",0,,,0,,4984,"4,32",3422,"61,34",1433,1,66,6,738124,3593,999597,2471457,65536,1024,0,0,459,",,,131072,589824,655360,720896,851968,917504,983040,1048576,557056,557056,557056,524288,557056,557056,589824,589824,524288,491520,458752,393216,262144,262144,262144,262144,262144,262144,262144,327680,393216,196608,196608,196608,196608,196608,196608,196608,196608,262144,262144,262144,218453,393216,458752,524288,589824,622592,622592,622592,589824,1245184,1179648,1048576,983040,1048576,983040,917504,262144,786432,655360,524288,262144",805,0,0,0,0,0,0,0,12,"0,0,0,2,1,1,1,1,1,1,1,2,2,2,2,2,2,2,2,2,2,2,2,2,2,2,2,2,2,2,2,2,2,2,2,2,2,2,2,2,2,2,2,3,2,2,2,2,2,2,2,2,1,1,1,1,1,1,1,2,1,1,1,1",",,,146677,123073,152150,172012,191220,223423,243287,262946,282607,309146,330630,349209,370115,389417,416813,440608,446437,436470,479662,567168,593660,595245,595250,595087,595142,595037,596347,664133,633668,604360,606136,606033,606212,606121,606173,606149,606329,606228,606279,606177,591195,515383,476226,443602,422752,401121,385179,351220,335452,321942,288095,274166,256901,231692,242983,222810,223924,156919,133035,108346,73245",5,1,3960,0,59,5,1037.8355555555556,4,3600,0,3241412,3686400,720896,,false,,,
24,A,basic,detour,,,0.10.0,74730222,8192,32768,512,1,4096,93,0,"0,0,0,4,9,9,10,12,13,14,13,14,15,15,15,15,15,15,15,13,13,11,10,6,5,5,5,5,5,5,5,5,5,5,5,5,5,5,5,5,5,5,6,9,10,12,13,15,16,16,16,16,16,16,16,16,16,15,14,8,12,10,8,3",53,58,0,63,6,85,2574,44288,"60,34,2056",0,,,0,,5312,"60,34",5312,"60,34",2056,2,2056,7,1089136,6506,0,3438031,65536,1024,0,0,560,",,,131072,589824,589824,655360,786432,851968,917504,851968,917504,983040,983040,983040,983040,983040,983040,983040,851968,851968,720896,655360,393216,327680,327680,327680,327680,327680,327680,327680,327680,327680,327680,327680,327680,327680,327680,327680,327680,327680,327680,196608,589824,655360,786432,851968,983040,1048576,1048576,1048576,1048576,1048576,1048576,1048576,1048576,1048576,983040,917504,262144,786432,655360,524288,196608",722,12996,0,0,12996,0,0,0,14,"0,0,0,2,1,1,1,1,1,1,1,1,1,1,1,1,1,1,1,1,1,1,1,1,1,1,1,1,1,1,1,1,1,1,1,1,1,1,1,1,1,1,2,1,1,1,1,1,1,1,1,1,1,1,1,1,1,1,1,2,1,1,1,1",",,,139994,133516,154978,168471,182976,214027,220005,215766,219411,244059,243685,226959,227550,252677,254202,235418,214613,202321,182896,142085,108300,105463,105288,105182,105088,105012,104924,104828,104740,103758,104555,104456,104352,104269,104175,104078,103988,103891,103843,110461,151662,178163,203255,233633,243475,256028,272637,253018,257594,271021,251248,260077,272649,253581,255338,239911,222168,161331,142391,115911,77952",5,1,3524,58,58,5,1034.9822222222222,4,3600,0,3142798,3686400,655360,,true,,,
25,A,basic,straight,,,0.10.0,d3a43b51,8192,32768,512,3,4096,98,0,"0,0,0,1,3,3,3,3,5,5,5,5,5,5,5,5,5,5,5,5,5,5,5,5,5,5,5,5,5,5,5,5,3,5,5,5,5,5,5,5,5,5,5,5,6,7,7,7,7,7,5,5,5,5,5,5,5,5,5,0,0,0,0,0",20,56,0,45,63,93,2289,32768,"4,32,17",0,,,0,,17893,"4,32",2040,"6,32",55,6,160,2,11419693,3598,3553687,0,65536,1024,0,0,248,",,,65536,196608,196608,196608,196608,327680,327680,327680,327680,327680,327680,327680,327680,327680,327680,327680,327680,327680,327680,327680,327680,327680,327680,327680,327680,327680,327680,327680,327680,196608,327680,327680,327680,327680,327680,327680,327680,327680,327680,327680,327680,393216,458752,458752,458752,458752,458752,327680,327680,327680,327680,327680,327680,327680,327680,327680,,,,,",311,0,0,0,0,0,0,0,6,"0,0,0,1,1,1,1,1,1,1,1,1,1,1,1,1,1,1,1,1,1,1,1,1,1,1,1,1,1,1,1,1,1,1,1,1,1,1,1,1,1,1,1,1,1,1,1,1,1,1,1,1,1,1,1,1,1,1,1,0,0,0,0,0",",,0,9875,21962,47319,47756,48188,48617,49041,49420,49755,50088,50419,50747,51073,51398,51720,52040,52358,52675,52989,53302,53612,54385,54063,53766,53149,52758,52494,52567,53114,48791,56132,56439,57260,58564,59657,60713,62298,63876,65595,67300,68678,70818,72622,74275,76081,77809,78076,74154,74183,74154,74183,74154,74183,74154,74183,74154,,,,,",5,1,16868,0,2,5,1268.6638888888888,4,3600,0,3440112,3686400,196608,,false,,,
25,A,basic,distributed,,,0.10.0,49fc23d9,8192,32768,512,3,4096,95,0,"0,0,0,4,9,10,11,13,14,15,16,17,17,17,16,17,17,18,18,16,15,14,12,8,8,8,8,8,8,8,8,8,7,8,8,8,8,8,8,8,8,8,8,10,12,14,16,18,19,19,19,18,19,18,16,15,16,15,14,8,12,10,8,3",34,56,0,63,6,88,2477,45600,"4,32,66",0,,,0,,4984,"4,32",3414,"61,34",1394,1,66,5,738124,3593,1005695,2471457,65536,1024,0,0,452,",,,131072,589824,655360,720896,851968,917504,983040,1048576,557056,557056,557056,524288,557056,557056,589824,589824,524288,491520,458752,393216,262144,262144,262144,262144,262144,262144,262144,262144,262144,229376,262144,262144,262144,262144,262144,262144,262144,262144,262144,262144,218453,393216,458752,524288,589824,622592,622592,622592,589824,1245184,1179648,1048576,983040,1048576,983040,917504,262144,786432,655360,524288,196608",799,0,0,0,0,0,0,0,11,"0,0,0,2,1,1,1,1,1,1,1,2,2,2,2,2,2,2,2,2,2,2,2,2,2,2,2,2,2,2,2,2,2,2,2,2,2,2,2,2,2,2,2,3,2,2,2,2,2,2,2,2,1,1,1,1,1,1,1,2,1,1,1,1",",,,146677,123073,152150,172012,191220,223423,243287,262946,282607,309146,330630,349209,370115,389417,416813,440608,446437,436470,479662,567168,593660,595245,595250,595087,595142,595037,595080,594951,595130,594531,595068,594951,595130,595025,595080,595040,595219,595102,595157,595040,580263,505619,467367,435900,415586,394653,379043,345258,330235,316946,283017,269143,253585,227912,239628,221064,223022,156933,133066,108477,72611",5,1,3960,0,59,5,1037.8355555555556,4,3600,0,3247645,3686400,720896,,true,,,
25,A,basic,detour,,,0.10.0,74730222,8192,32768,512,3,4096,93,0,"0,0,0,4,9,9,10,12,13,14,13,14,15,15,15,15,15,15,15,13,13,11,10,6,5,5,5,5,5,5,5,5,5,5,5,5,5,5,5,5,5,5,6,9,10,12,13,15,16,16,16,16,16,16,16,16,16,15,14,8,12,10,8,3",53,56,0,63,6,85,2574,44288,"60,34,2056",0,,,0,,5312,"60,34",5312,"60,34",2056,2,2056,7,1089136,6506,0,3438031,65536,1024,0,0,560,",,,131072,589824,589824,655360,786432,851968,917504,851968,917504,983040,983040,983040,983040,983040,983040,983040,851968,851968,720896,655360,393216,327680,327680,327680,327680,327680,327680,327680,327680,327680,327680,327680,327680,327680,327680,327680,327680,327680,327680,196608,589824,655360,786432,851968,983040,1048576,1048576,1048576,1048576,1048576,1048576,1048576,1048576,1048576,983040,917504,262144,786432,655360,524288,196608",722,12996,0,0,12996,0,0,0,14,"0,0,0,2,1,1,1,1,1,1,1,1,1,1,1,1,1,1,1,1,1,1,1,1,1,1,1,1,1,1,1,1,1,1,1,1,1,1,1,1,1,1,2,1,1,1,1,1,1,1,1,1,1,1,1,1,1,1,1,2,1,1,1,1",",,,139994,133516,154978,168471,182976,214027,220005,215766,219411,244059,243685,226959,227550,252677,254202,235418,214613,202321,182896,142085,108300,105463,105288,105182,105088,105012,104924,104828,104740,103758,104555,104456,104352,104269,104175,104078,103988,103891,103843,110461,151662,178163,203255,233633,243475,256028,272637,253018,257594,271021,251248,260077,272649,253581,255338,239911,222168,161331,142391,115911,77952",5,1,3524,58,58,5,1034.9822222222222,4,3600,0,3142798,3686400,655360,,true,,,
26,A,basic,straight,,,0.10.0,624f8218,8192,32768,512,9,4096,98,0,"0,0,0,1,3,3,3,3,5,5,5,5,5,5,5,5,5,5,5,5,5,5,5,5,5,5,5,5,5,5,5,5,5,5,5,5,5,5,5,5,5,5,6,6,7,7,7,7,7,7,5,5,5,5,5,5,5,5,5,0,0,0,0,0",20,50,0,44,63,93,2289,32768,"4,32,17",0,,,0,,17893,"4,32",2040,"6,32",55,6,160,2,11419693,3598,3553818,0,65536,1024,0,0,249,",,,65536,196608,196608,196608,196608,327680,327680,327680,327680,327680,327680,327680,327680,327680,327680,327680,327680,327680,327680,327680,327680,327680,327680,327680,327680,327680,327680,327680,327680,327680,327680,327680,327680,327680,327680,327680,327680,327680,327680,393216,393216,458752,458752,458752,458752,458752,458752,327680,327680,327680,327680,327680,327680,327680,327680,327680,,,,,",313,0,0,0,0,0,0,0,6,"0,0,0,1,1,1,1,1,1,1,1,1,1,1,1,1,1,1,1,1,1,1,1,1,1,1,1,1,1,1,1,1,1,1,1,1,1,1,1,1,1,1,1,1,1,1,1,1,1,1,1,1,1,1,1,1,1,1,1,0,0,0,0,0",",,0,9875,21962,47319,47756,48188,48617,49041,49420,49755,50088,50419,50747,51073,51398,51720,52040,52358,52675,52989,53302,53612,54385,54063,53766,53149,52758,52494,52557,52764,53063,59309,59684,60790,62041,62845,63892,65020,66789,68079,69874,71202,73075,74502,76427,77752,79683,79983,75685,75662,75685,75662,75685,75662,75685,75662,75685,,,,,",5,1,16868,0,2,5,1268.6638888888888,4,3600,0,3440028,3686400,196608,,false,,,
26,A,basic,distributed,,,0.10.0,cfa06639,8192,32768,512,9,4096,95,0,"0,0,0,4,9,10,11,13,14,15,16,17,17,17,16,17,17,18,18,16,15,14,12,8,8,8,8,8,8,8,8,8,8,8,8,8,8,8,8,8,8,8,8,10,12,14,16,18,19,19,19,18,19,18,16,15,16,15,14,8,12,10,8,3",34,50,0,63,6,88,2477,45600,"4,32,66",0,,,0,,4984,"4,32",3414,"61,34",1394,1,66,5,738124,3593,1005695,2471457,65536,1024,0,0,452,",,,131072,589824,655360,720896,851968,917504,983040,1048576,557056,557056,557056,524288,557056,557056,589824,589824,524288,491520,458752,393216,262144,262144,262144,262144,262144,262144,262144,262144,262144,262144,262144,262144,262144,262144,262144,262144,262144,262144,262144,262144,218453,393216,458752,524288,589824,622592,622592,622592,589824,1245184,1179648,1048576,983040,1048576,983040,917504,262144,786432,655360,524288,196608",799,0,0,0,0,0,0,0,11,"0,0,0,2,1,1,1,1,1,1,1,2,2,2,2,2,2,2,2,2,2,2,2,2,2,2,2,2,2,2,2,2,2,2,2,2,2,2,2,2,2,2,2,3,2,2,2,2,2,2,2,2,1,1,1,1,1,1,1,2,1,1,1,1",",,,146677,123073,152150,172012,191220,223423,243287,262946,282607,309146,330630,349209,370115,389417,416813,440608,446437,436470,479662,567168,593660,595245,595250,595087,595142,595037,595080,594951,595130,595471,595068,594951,595130,595025,595080,595040,595219,595102,595157,595040,580263,505619,467367,435900,415586,394653,379043,345258,330235,316946,283017,269143,253585,227912,239628,221064,223022,156933,133066,108477,72611",5,1,3960,0,59,5,1037.8355555555556,4,3600,0,3247637,3686400,720896,,true,,,
26,A,basic,detour,,,0.10.0,74730222,8192,32768,512,9,4096,93,0,"0,0,0,4,9,9,10,12,13,14,13,14,15,15,15,15,15,15,15,13,13,11,10,6,5,5,5,5,5,5,5,5,5,5,5,5,5,5,5,5,5,5,6,9,10,12,13,15,16,16,16,16,16,16,16,16,16,15,14,8,12,10,8,3",53,50,0,63,6,85,2574,44288,"60,34,2056",0,,,0,,5312,"60,34",5312,"60,34",2056,2,2056,7,1089136,6506,0,3438031,65536,1024,0,0,560,",,,131072,589824,589824,655360,786432,851968,917504,851968,917504,983040,983040,983040,983040,983040,983040,983040,851968,851968,720896,655360,393216,327680,327680,327680,327680,327680,327680,327680,327680,327680,327680,327680,327680,327680,327680,327680,327680,327680,327680,196608,589824,655360,786432,851968,983040,1048576,1048576,1048576,1048576,1048576,1048576,1048576,1048576,1048576,983040,917504,262144,786432,655360,524288,196608",722,12996,0,0,12996,0,0,0,14,"0,0,0,2,1,1,1,1,1,1,1,1,1,1,1,1,1,1,1,1,1,1,1,1,1,1,1,1,1,1,1,1,1,1,1,1,1,1,1,1,1,1,2,1,1,1,1,1,1,1,1,1,1,1,1,1,1,1,1,2,1,1,1,1",",,,139994,133516,154978,168471,182976,214027,220005,215766,219411,244059,243685,226959,227550,252677,254202,235418,214613,202321,182896,142085,108300,105463,105288,105182,105088,105012,104924,104828,104740,103758,104555,104456,104352,104269,104175,104078,103988,103891,103843,110461,151662,178163,203255,233633,243475,256028,272637,253018,257594,271021,251248,260077,272649,253581,255338,239911,222168,161331,142391,115911,77952",5,1,3524,58,58,5,1034.9822222222222,4,3600,0,3142798,3686400,655360,,true,,,
27,A,basic,straight,,,0.10.0,624f8218,8192,32768,512,63,4096,98,0,"0,0,0,1,3,3,3,3,5,5,5,5,5,5,5,5,5,5,5,5,5,5,5,5,5,5,5,5,5,5,5,5,5,5,5,5,5,5,5,5,5,5,6,6,7,7,7,7,7,7,5,5,5,5,5,5,5,5,5,0,0,0,0,0",20,0,0,44,63,93,2289,32768,"4,32,17",0,,,0,,17893,"4,32",2040,"6,32",55,6,160,2,11419693,3598,3553818,0,65536,1024,0,0,249,",,,65536,196608,196608,196608,196608,327680,327680,327680,327680,327680,327680,327680,327680,327680,327680,327680,327680,327680,327680,327680,327680,327680,327680,327680,327680,327680,327680,327680,327680,327680,327680,327680,327680,327680,327680,327680,327680,327680,327680,393216,393216,458752,458752,458752,458752,458752,458752,327680,327680,327680,327680,327680,327680,327680,327680,327680,,,,,",313,0,0,0,0,0,0,0,6,"0,0,0,1,1,1,1,1,1,1,1,1,1,1,1,1,1,1,1,1,1,1,1,1,1,1,1,1,1,1,1,1,1,1,1,1,1,1,1,1,1,1,1,1,1,1,1,1,1,1,1,1,1,1,1,1,1,1,1,0,0,0,0,0",",,0,9875,21962,47319,47756,48188,48617,49041,49420,49755,50088,50419,50747,51073,51398,51720,52040,52358,52675,52989,53302,53612,54385,54063,53766,53149,52758,52494,52557,52764,53063,59309,59684,60790,62041,62845,63892,65020,66789,68079,69874,71202,73075,74502,76427,77752,79683,79983,75685,75662,75685,75662,75685,75662,75685,75662,75685,,,,,",5,1,16868,0,2,5,1268.6638888888888,4,3600,0,3440028,3686400,196608,,false,,,
27,A,basic,distributed,,,0.10.0,ade01f1e,8192,32768,512,63,4096,95,0,"0,0,0,4,9,10,11,13,14,15,16,17,17,17,16,17,17,18,18,16,15,14,12,8,8,8,8,8,8,8,8,8,8,8,8,8,8,8,8,8,8,8,8,10,12,14,16,18,19,19,19,18,19,18,16,15,16,15,14,8,12,10,8,3",34,0,0,63,6,88,2477,45600,"4,32,66",0,,,0,,4984,"4,32",3414,"61,34",1396,1,66,5,738124,3593,1005695,2471457,65536,1024,0,0,452,",,,131072,589824,655360,720896,851968,917504,983040,1048576,557056,557056,557056,524288,557056,557056,589824,589824,524288,491520,458752,393216,262144,262144,262144,262144,262144,262144,262144,262144,262144,262144,262144,262144,262144,262144,262144,262144,262144,262144,262144,262144,218453,393216,458752,524288,589824,622592,622592,622592,589824,1245184,1179648,1048576,983040,1048576,983040,917504,262144,786432,655360,524288,196608",800,0,0,0,0,0,0,0,11,"0,0,0,2,1,1,1,1,1,1,1,2,2,2,2,2,2,2,2,2,2,2,2,2,2,2,2,2,2,2,2,2,2,2,2,2,2,2,2,2,2,2,2,3,2,2,2,2,2,2,2,2,1,1,1,1,1,1,1,2,1,1,1,1",",,,146677,123073,152150,172012,191220,223423,243287,262946,282607,309146,330630,349209,370115,389417,416813,440608,446437,436470,479662,567168,593660,595245,595250,595087,595142,595037,595080,594951,595130,595025,595080,594951,595142,595025,595157,595040,595219,595102,595157,595040,580263,505619,467367,435900,415577,394666,379025,345265,330231,316957,283020,269162,253585,227912,239623,221077,223022,156939,133064,108460,72611",5,1,3960,0,59,5,1037.8355555555556,4,3600,0,3247618,3686400,720896,,true,,,
27,A,basic,detour,,,0.10.0,fe158056,8192,32768,512,63,4096,93,0,"0,0,0,4,9,9,10,12,13,14,13,14,15,15,15,15,15,15,15,13,13,11,10,6,5,5,5,5,5,5,5,5,5,5,5,5,5,5,5,5,5,5,6,9,10,12,13,15,16,16,16,16,16,16,16,16,16,15,14,8,12,10,8,3",53,0,0,63,6,85,2574,44288,"60,34,2056",0,,,0,,5312,"60,34",5312,"60,34",2056,2,2056,7,1089122,6506,0,3438031,65536,1024,0,0,560,",,,131072,589824,589824,655360,786432,851968,917504,851968,917504,983040,983040,983040,983040,983040,983040,983040,851968,851968,720896,655360,393216,327680,327680,327680,327680,327680,327680,327680,327680,327680,327680,327680,327680,327680,327680,327680,327680,327680,327680,196608,589824,655360,786432,851968,983040,1048576,1048576,1048576,1048576,1048576,1048576,1048576,1048576,1048576,983040,917504,262144,786432,655360,524288,196608",724,12995,0,0,12995,0,0,0,14,"0,0,0,2,1,1,1,1,1,1,1,1,1,1,1,1,1,1,1,1,1,1,1,1,1,1,1,1,1,1,1,1,1,1,1,1,1,1,1,1,1,1,2,1,1,1,1,1,1,1,1,1,1,1,1,1,1,1,1,2,1,1,1,1",",,,139994,133516,154978,168471,182976,214027,220005,215766,219411,244059,243685,226959,227550,252677,254202,235418,214613,202321,182896,142085,108300,105463,105288,105182,105088,105012,104924,104828,104740,104644,104545,104456,104352,104269,104175,104078,103988,103900,103843,110461,151662,178163,203255,233599,243457,256027,272630,253026,257592,271032,251254,260091,272660,253578,255336,239908,222149,161331,142391,115911,77952",5,1,3524,58,58,5,1034.9822222222222,4,3600,0,3142751,3686400,655360,,true,,,
28,A,basic,straight,,,0.10.0,389e0723,16384,32768,512,1,4096,71,0,"0,0,0,1,3,3,3,3,3,3,3,3,3,3,3,3,3,3,3,3,3,6,8,9,9,9,9,9,9,9,9,9,1,1,1,1,1,1,1,1,1,1,1,1,1,1,1,1,1,1,1,1,1,1,1,1,1,1,1,0,0,0,0,0",590,58,0,22,63,46,-1,32768,"4,32,56",0,,,0,,59019,"31,32",59019,"31,32",3599,22,3599,29,590711332,162793,1787812,0,65536,1024,0,0,2142,",,,65536,196608,196608,196608,196608,196608,196608,196608,196608,196608,196608,196608,196608,196608,196608,196608,196608,196608,393216,524288,589824,589824,589824,589824,589824,589824,589824,589824,589824,65536,65536,65536,65536,65536,65536,65536,65536,65536,65536,65536,65536,65536,65536,65536,65536,65536,65536,65536,65536,65536,65536,65536,65536,65536,65536,65536,,,,,",341,0,0,0,0,0,0,0,53,"0,0,0,1,1,1,1,1,1,1,1,1,1,1,1,1,1,1,1,1,1,1,1,1,1,1,1,1,1,1,1,1,1,1,1,1,1,1,1,1,1,1,1,1,1,1,1,1,1,1,1,1,1,1,1,1,1,1,1,0,0,0,0,0",",,0,9875,21657,47319,47756,48172,48548,48880,49227,49555,49897,50221,50559,50877,51142,51534,51660,51868,61182,89462,106642,111795,111006,107423,104049,102863,102186,101609,101659,100889,0,12089,16022,19004,21280,23353,24984,27335,28911,30243,31995,33512,34963,36588,39002,42383,43776,43997,42583,42776,42969,43160,43351,43541,43731,43996,44184,,,,,",5,1,17404,27,27,5,1268.445,4,3600,0,1731192,3686400,196608,,true,,,
28,A,basic,distributed,,,0.10.0,adce63f0,16384,32768,512,1,4096,94,0,"0,0,0,3,9,10,11,12,13,14,15,16,16,16,15,16,16,17,17,14,13,13,11,7,7,7,7,7,7,7,10,12,6,6,6,6,6,6,6,6,6,8,8,10,12,14,16,18,18,19,19,18,19,18,16,15,16,15,14,8,12,10,8,3",38,58,0,63,6,87,2486,55504,"4,32,64",0,,,0,,5016,"4,32",3841,"60,34",2483,1,64,6,839187,6117,984148,2486765,65536,1024,0,0,462,",,,98304,589824,655360,720896,786432,851968,917504,983040,524288,524288,524288,491520,524288,524288,557056,557056,458752,425984,425984,360448,229376,229376,229376,229376,229376,229376,229376,327680,393216,196608,196608,196608,196608,196608,196608,196608,196608,196608,262144,262144,218453,393216,458752,524288,589824,589824,622592,622592,589824,1245184,1179648,1048576,983040,1048576,983040,917504,262144,786432,655360,524288,196608",803,0,0,0,0,0,0,0,12,"0,0,0,2,1,1,1,1,1,1,1,2,2,2,2,2,2,2,2,2,2,2,2,2,2,2,2,2,2,2,2,2,2,2,2,2,2,2,2,2,2,2,2,3,2,2,2,2,2,2,2,2,1,1,1,1,1,1,1,2,1,1,1,1",",,,148979,121440,151417,171223,189963,222076,241836,261687,280861,307807,329105,347295,368310,386406,414104,438101,443407,432952,475475,564956,590500,592236,592166,592143,592071,592050,592359,663918,636002,601674,603340,603436,603354,603449,603367,603463,603381,603477,603395,603490,589137,513139,474671,441348,420510,398987,383404,350084,334078,320463,287066,273273,255928,231383,242493,222911,224319,154835,131062,106262,71946",5,1,3992,0,58,5,1038.82,4,3600,0,3238412,3686400,720896,,false,,,
28,A,basic,detour,,,0.10.0,1035f807,16384,32768,512,1,4096,93,0,"0,0,0,1,8,9,10,12,13,14,13,14,14,15,13,14,14,15,15,13,12,11,9,5,5,5,5,5,5,5,5,5,5,5,5,5,5,5,5,5,5,5,5,8,9,11,13,15,16,16,16,16,16,16,16,16,16,15,14,8,11,10,8,2",74,58,0,63,6,85,2570,50648,"60,34,1493",0,,,0,,7444,"60,34",7444,"60,34",1493,2,1493,7,2393749,9330,0,3438827,65536,1024,0,0,558,",,,65536,524288,589824,655360,786432,851968,917504,851968,917504,917504,983040,851968,917504,917504,983040,983040,851968,786432,720896,589824,327680,327680,327680,327680,327680,327680,327680,327680,327680,327680,327680,327680,327680,327680,327680,327680,327680,327680,327680,327680,524288,589824,720896,851968,983040,1048576,1048576,1048576,1048576,1048576,1048576,1048576,1048576,1048576,983040,917504,262144,720896,655360,524288,131072",718,5595,0,0,5595,0,0,0,14,"0,0,0,1,1,1,1,1,1,1,1,1,1,1,1,1,1,1,1,1,1,1,1,1,1,1,1,1,1,1,1,1,1,1,1,1,1,1,1,1,1,1,1,1,1,1,1,1,1,1,1,1,1,1,1,1,1,1,1,2,1,1,1,1",",,,146035,130644,153276,167305,181548,212249,218820,214732,218539,243081,242649,225940,226184,250964,252391,234065,213964,201475,181973,141401,108461,105704,105490,105384,105306,105219,105125,105033,104946,103978,104765,104676,104583,104496,104387,104281,104203,104115,104020,110401,150531,178024,202967,233120,243119,254985,271418,252172,256578,269914,250694,259271,271940,253039,255167,239604,218566,157307,140698,113946,79073",5,1,3552,58,58,5,1035.9669444444444,4,3600,0,3150563,3686400,655360,,true,,,
29,A,basic,straight,,,0.10.0,f943c596,16384,32768,512,3,4096,98,0,"0,0,0,1,3,3,3,3,5,5,5,5,5,5,5,5,5,5,5,5,5,5,5,5,5,5,5,5,5,5,5,5,3,5,5,5,5,5,5,5,5,5,5,5,5,6,7,7,7,7,5,5,5,5,5,5,5,5,5,0,0,0,0,0",20,56,0,46,63,93,2289,32768,"4,32,56",0,,,0,,18429,"4,32",2040,"6,32",50,7,158,2,11896349,3598,3553150,0,65536,1024,0,0,249,",,,65536,196608,196608,196608,196608,327680,327680,327680,327680,327680,327680,327680,327680,327680,327680,327680,327680,327680,327680,327680,327680,327680,327680,327680,327680,327680,327680,327680,327680,196608,327680,327680,327680,327680,327680,327680,327680,327680,327680,327680,327680,327680,393216,458752,458752,458752,458752,327680,327680,327680,327680,327680,327680,327680,327680,327680,,,,,",310,0,0,0,0,0,0,0,6,"0,0,0,1,1,1,1,1,1,1,1,1,1,1,1,1,1,1,1,1,1,1,1,1,1,1,1,1,1,1,1,1,1,1,1,1,1,1,1,1,1,1,1,1,1,1,1,1,1,1,1,1,1,1,1,1,1,1,1,0,0,0,0,0",",,0,9875,21657,47319,47756,48172,48548,48880,49227,49555,49897,50221,50559,50877,51142,51534,51660,51868,52053,52297,52649,52964,53741,53383,53045,52430,51988,51872,51905,52433,48512,54862,55944,56702,57615,58966,60090,61668,63202,64530,66170,67868,69564,71349,73078,74909,76931,77193,73222,73222,73219,73230,73235,73230,73222,73222,73222,,,,,",5,1,17404,0,2,5,1268.445,4,3600,0,3439674,3686400,196608,,false,,,
29,A,basic,distributed,,,0.10.0,34fd11f1,16384,32768,512,3,4096,95,0,"0,0,0,3,9,10,11,12,13,14,15,16,16,16,15,16,16,17,17,14,13,13,11,7,7,7,7,7,7,7,7,7,7,7,7,7,7,7,7,7,7,7,7,9,11,13,15,17,17,18,18,17,18,17,15,14,16,15,14,8,12,10,8,3",38,56,0,63,6,88,2480,55504,"4,32,64",0,,,0,,5016,"4,32",3812,"60,34",1992,1,64,5,830911,6105,990109,2486765,65536,1024,0,0,455,",,,98304,589824,655360,720896,786432,851968,917504,983040,524288,524288,524288,491520,524288,524288,557056,557056,458752,425984,425984,360448,229376,229376,229376,229376,229376,229376,229376,229376,229376,229376,229376,229376,229376,229376,229376,229376,229376,229376,229376,229376,196608,360448,425984,491520,557056,557056,589824,589824,557056,1179648,1114112,983040,917504,1048576,983040,917504,262144,786432,655360,524288,196608",799,0,0,0,0,0,0,0,11,"0,0,0,2,1,1,1,1,1,1,1,2,2,2,2,2,2,2,2,2,2,2,2,2,2,2,2,2,2,2,2,2,2,2,2,2,2,2,2,2,2,2,2,3,2,2,2,2,2,2,2,2,1,1,1,1,1,1,1,2,1,1,1,1",",,,148979,121440,151417,171223,189963,222076,241836,261687,280861,307807,329105,347295,368310,386406,414104,438101,443407,432952,475475,564956,590500,592236,592166,592143,592071,592050,591978,591992,591902,591520,591902,591992,591902,591992,591902,591992,591902,591992,591902,591992,577833,503082,465538,433650,413339,392523,377253,343907,328494,315499,281941,268146,252563,227704,239258,221190,223932,154948,131021,106303,72470",5,1,3992,0,58,5,1038.82,4,3600,0,3244743,3686400,720896,,true,,,
29,A,basic,detour,,,0.10.0,1035f807,16384,32768,512,3,4096,93,0,"0,0,0,1,8,9,10,12,13,14,13,14,14,15,13,14,14,15,15,13,12,11,9,5,5,5,5,5,5,5,5,5,5,5,5,5,5,5,5,5,5,5,5,8,9,11,13,15,16,16,16,16,16,16,16,16,16,15,14,8,11,10,8,2",74,56,0,63,6,85,2570,50648,"60,34,1493",0,,,0,,7444,"60,34",7444,"60,34",1493,2,1493,7,2393749,9330,0,3438827,65536,1024,0,0,558,",,,65536,524288,589824,655360,786432,851968,917504,851968,917504,917504,983040,851968,917504,917504,983040,983040,851968,786432,720896,589824,327680,327680,327680,327680,327680,327680,327680,327680,327680,327680,327680,327680,327680,327680,327680,327680,327680,327680,327680,327680,524288,589824,720896,851968,983040,1048576,1048576,1048576,1048576,1048576,1048576,1048576,1048576,1048576,983040,917504,262144,720896,655360,524288,131072",718,5595,0,0,5595,0,0,0,14,"0,0,0,1,1,1,1,1,1,1,1,1,1,1,1,1,1,1,1,1,1,1,1,1,1,1,1,1,1,1,1,1,1,1,1,1,1,1,1,1,1,1,1,1,1,1,1,1,1,1,1,1,1,1,1,1,1,1,1,2,1,1,1,1",",,,146035,130644,153276,167305,181548,212249,218820,214732,218539,243081,242649,225940,226184,250964,252391,234065,213964,201475,181973,141401,108461,105704,105490,105384,105306,105219,105125,105033,104946,103978,104765,104676,104583,104496,104387,104281,104203,104115,104020,110401,150531,178024,202967,233120,243119,254985,271418,252172,256578,269914,250694,259271,271940,253039,255167,239604,218566,157307,140698,113946,79073",5,1,3552,58,58,5,1035.9669444444444,4,3600,0,3150563,3686400,655360,,true,,,
30,A,basic,straight,,,0.10.0,d7be7436,16384,32768,512,9,4096,98,0,"0,0,0,1,3,3,3,3,5,5,5,5,5,5,5,5,5,5,5,5,5,5,5,5,5,5,5,5,5,5,5,5,5,5,5,5,5,5,5,5,5,5,5,6,6,7,7,7,7,7,5,5,5,5,5,5,5,5,5,0,0,0,0,0",20,50,0,45,63,93,2290,32768,"4,32,56",0,,,0,,18429,"4,32",2040,"6,32",50,7,158,2,11896349,3598,3553266,0,65536,1024,0,0,249,",,,65536,196608,196608,196608,196608,327680,327680,327680,327680,327680,327680,327680,327680,327680,327680,327680,327680,327680,327680,327680,327680,327680,327680,327680,327680,327680,327680,327680,327680,327680,327680,327680,327680,327680,327680,327680,327680,327680,327680,327680,393216,393216,458752,458752,458752,458752,458752,327680,327680,327680,327680,327680,327680,327680,327680,327680,,,,,",313,0,0,0,0,0,0,0,6,"0,0,0,1,1,1,1,1,1,1,1,1,1,1,1,1,1,1,1,1,1,1,1,1,1,1,1,1,1,1,1,1,1,1,1,1,1,1,1,1,1,1,1,1,1,1,1,1,1,1,1,1,1,1,1,1,1,1,1,0,0,0,0,0",",,0,9875,21657,47319,47756,48172,48548,48880,49227,49555,49897,50221,50559,50877,51142,51534,51660,51868,52053,52297,52649,52964,53741,53383,53045,52430,51988,51872,51905,52076,52472,58563,58992,59700,60516,62124,63136,64111,65576,67181,68372,70305,71588,73557,74924,76838,78538,78558,74691,74682,74655,74682,74655,74691,74691,74691,74682,,,,,",5,1,17404,0,2,5,1268.445,4,3600,0,3439611,3686400,196608,,false,,,
30,A,basic,distributed,,,0.10.0,82b8c1f1,16384,32768,512,9,4096,95,0,"0,0,0,3,9,10,11,12,13,14,15,16,16,16,15,16,16,17,17,14,13,13,11,7,7,7,7,7,7,7,7,7,7,7,7,7,7,7,7,7,7,7,7,9,11,13,15,17,17,18,18,17,18,17,15,14,16,15,14,8,12,10,8,3",38,50,0,63,6,88,2480,55504,"4,32,64",0,,,0,,5016,"4,32",3812,"60,34",1992,1,64,5,830911,6105,990109,2486765,65536,1024,0,0,455,",,,98304,589824,655360,720896,786432,851968,917504,983040,524288,524288,524288,491520,524288,524288,557056,557056,458752,425984,425984,360448,229376,229376,229376,229376,229376,229376,229376,229376,229376,229376,229376,229376,229376,229376,229376,229376,229376,229376,229376,229376,196608,360448,425984,491520,557056,557056,589824,589824,557056,1179648,1114112,983040,917504,1048576,983040,917504,262144,786432,655360,524288,196608",799,0,0,0,0,0,0,0,11,"0,0,0,2,1,1,1,1,1,1,1,2,2,2,2,2,2,2,2,2,2,2,2,2,2,2,2,2,2,2,2,2,2,2,2,2,2,2,2,2,2,2,2,3,2,2,2,2,2,2,2,2,1,1,1,1,1,1,1,2,1,1,1,1",",,,148979,121440,151417,171223,189963,222076,241836,261687,280861,307807,329105,347295,368310,386406,414104,438101,443407,432952,475475,564956,590500,592236,592166,592143,592071,592050,591978,591992,591902,592490,591902,591992,591902,591992,591902,591992,591902,591992,591902,591992,577833,503082,465538,433650,413339,392523,377253,343907,328494,315499,281941,268146,252563,227704,239258,221190,223932,154948,131021,106303,72470",5,1,3992,0,58,5,1038.82,4,3600,0,3244735,3686400,720896,,true,,,
30,A,basic,detour,,,0.10.0,1035f807,16384,32768,512,9,4096,93,0,"0,0,0,1,8,9,10,12,13,14,13,14,14,15,13,14,14,15,15,13,12,11,9,5,5,5,5,5,5,5,5,5,5,5,5,5,5,5,5,5,5,5,5,8,9,11,13,15,16,16,16,16,16,16,16,16,16,15,14,8,11,10,8,2",74,50,0,63,6,85,2570,50648,"60,34,1493",0,,,0,,7444,"60,34",7444,"60,34",1493,2,1493,7,2393749,9330,0,3438827,65536,1024,0,0,558,",,,65536,524288,589824,655360,786432,851968,917504,851968,917504,917504,983040,851968,917504,917504,983040,983040,851968,786432,720896,589824,327680,327680,327680,327680,327680,327680,327680,327680,327680,327680,327680,327680,327680,327680,327680,327680,327680,327680,327680,327680,524288,589824,720896,851968,983040,1048576,1048576,1048576,1048576,1048576,1048576,1048576,1048576,1048576,983040,917504,262144,720896,655360,524288,131072",718,5595,0,0,5595,0,0,0,14,"0,0,0,1,1,1,1,1,1,1,1,1,1,1,1,1,1,1,1,1,1,1,1,1,1,1,1,1,1,1,1,1,1,1,1,1,1,1,1,1,1,1,1,1,1,1,1,1,1,1,1,1,1,1,1,1,1,1,1,2,1,1,1,1",",,,146035,130644,153276,167305,181548,212249,218820,214732,218539,243081,242649,225940,226184,250964,252391,234065,213964,201475,181973,141401,108461,105704,105490,105384,105306,105219,105125,105033,104946,103978,104765,104676,104583,104496,104387,104281,104203,104115,104020,110401,150531,178024,202967,233120,243119,254985,271418,252172,256578,269914,250694,259271,271940,253039,255167,239604,218566,157307,140698,113946,79073",5,1,3552,58,58,5,1035.9669444444444,4,3600,0,3150563,3686400,655360,,true,,,
31,A,basic,straight,,,0.10.0,d7be7436,16384,32768,512,63,4096,98,0,"0,0,0,1,3,3,3,3,5,5,5,5,5,5,5,5,5,5,5,5,5,5,5,5,5,5,5,5,5,5,5,5,5,5,5,5,5,5,5,5,5,5,5,6,6,7,7,7,7,7,5,5,5,5,5,5,5,5,5,0,0,0,0,0",20,0,0,45,63,93,2290,32768,"4,32,56",0,,,0,,18429,"4,32",2040,"6,32",50,7,158,2,11896349,3598,3553266,0,65536,1024,0,0,249,",,,65536,196608,196608,196608,196608,327680,327680,327680,327680,327680,327680,327680,327680,327680,327680,327680,327680,327680,327680,327680,327680,327680,327680,327680,327680,327680,327680,327680,327680,327680,327680,327680,327680,327680,327680,327680,327680,327680,327680,327680,393216,393216,458752,458752,458752,458752,458752,327680,327680,327680,327680,327680,327680,327680,327680,327680,,,,,",313,0,0,0,0,0,0,0,6,"0,0,0,1,1,1,1,1,1,1,1,1,1,1,1,1,1,1,1,1,1,1,1,1,1,1,1,1,1,1,1,1,1,1,1,1,1,1,1,1,1,1,1,1,1,1,1,1,1,1,1,1,1,1,1,1,1,1,1,0,0,0,0,0",",,0,9875,21657,47319,47756,48172,48548,48880,49227,49555,49897,50221,50559,50877,51142,51534,51660,51868,52053,52297,52649,52964,53741,53383,53045,52430,51988,51872,51905,52076,52472,58563,58992,59700,60516,62124,63136,64111,65576,67181,68372,70305,71588,73557,74924,76838,78538,78558,74691,74682,74655,74682,74655,74691,74691,74691,74682,,,,,",5,1,17404,0,2,5,1268.445,4,3600,0,3439611,3686400,196608,,false,,,
31,A,basic,distributed,,,0.10.0,dbaacc40,16384,32768,512,63,4096,95,0,"0,0,0,3,9,10,11,12,13,14,15,16,16,16,15,16,16,17,17,14,13,13,11,7,7,7,7,7,7,7,7,7,7,7,7,7,7,7,7,7,7,7,7,9,11,13,15,17,17,18,18,17,18,17,15,14,16,15,14,8,12,10,8,3",38,0,0,63,6,88,2480,55504,"4,32,64",0,,,0,,5016,"4,32",3812,"60,34",1993,1,64,5,830880,6103,990109,2486765,65536,1024,0,0,455,",,,98304,589824,655360,720896,786432,851968,917504,983040,524288,524288,524288,491520,524288,524288,557056,557056,458752,425984,425984,360448,229376,229376,229376,229376,229376,229376,229376,229376,229376,229376,229376,229376,229376,229376,229376,229376,229376,229376,229376,229376,196608,360448,425984,491520,557056,557056,589824,589824,557056,1179648,1114112,983040,917504,1048576,983040,917504,262144,786432,655360,524288,196608",800,0,0,0,0,0,0,0,11,"0,0,0,2,1,1,1,1,1,1,1,2,2,2,2,2,2,2,2,2,2,2,2,2,2,2,2,2,2,2,2,2,2,2,2,2,2,2,2,2,2,2,2,3,2,2,2,2,2,2,2,2,1,1,1,1,1,1,1,2,1,1,1,1",",,,148979,121440,151417,171223,189963,222076,241836,261687,280861,307807,329105,347295,368310,386406,414104,438101,443407,432952,475475,564956,590500,592236,592166,592143,592071,592050,591978,591992,591902,591992,591902,591992,591902,591992,591902,591992,591902,591992,591902,591992,577833,503082,465538,433679,413331,392524,377232,343914,328525,315471,281951,268127,252577,227705,239258,221210,223907,154958,131017,106316,72470",5,1,3992,0,58,5,1038.82,4,3600,0,3244710,3686400,720896,,true,,,
31,A,basic,detour,,,0.10.0,f20ead49,16384,32768,512,63,4096,93,0,"0,0,0,1,8,9,10,12,13,14,13,14,14,15,13,14,14,15,15,13,12,11,9,5,5,5,5,5,5,5,5,5,5,5,5,5,5,5,5,5,5,5,5,8,9,11,13,15,16,16,16,16,16,16,16,16,16,15,14,8,11,10,8,2",74,0,0,63,6,85,2570,50648,"60,34,1493",0,,,0,,7444,"60,34",7444,"60,34",1493,2,1493,7,2393648,9329,0,3438827,65536,1024,0,0,558,",,,65536,524288,589824,655360,786432,851968,917504,851968,917504,917504,983040,851968,917504,917504,983040,983040,851968,786432,720896,589824,327680,327680,327680,327680,327680,327680,327680,327680,327680,327680,327680,327680,327680,327680,327680,327680,327680,327680,327680,327680,524288,589824,720896,851968,983040,1048576,1048576,1048576,1048576,1048576,1048576,1048576,1048576,1048576,983040,917504,262144,720896,655360,524288,131072",720,5596,0,0,5596,0,0,0,14,"0,0,0,1,1,1,1,1,1,1,1,1,1,1,1,1,1,1,1,1,1,1,1,1,1,1,1,1,1,1,1,1,1,1,1,1,1,1,1,1,1,1,1,1,1,1,1,1,1,1,1,1,1,1,1,1,1,1,1,2,1,1,1,1",",,,146035,130644,153276,167305,181548,212249,218820,214732,218539,243081,242649,225940,226184,250964,252391,234065,213964,201475,181973,141401,108461,105704,105490,105384,105306,105219,105125,105033,104946,104851,104765,104676,104583,104496,104387,104281,104203,104115,104020,110401,150531,178024,202967,233119,243146,254971,271436,252169,256565,269901,250700,259269,271946,253045,255181,239608,218585,157307,140698,113946,79073",5,1,3552,58,58,5,1035.9669444444444,4,3600,0,3150508,3686400,655360,,true,,,
32,A,basic,straight,,,0.10.0,91dc5c3c,2048,65536,512,1,4096,44,0,"9,11,12,13,13,15,15,15,15,15,15,15,15,15,15,15,15,15,16,16,16,16,15,16,16,15,15,15,15,15,15,15,1,3,3,3,3,3,3,4,4,4,4,4,4,4,4,4,5,5,5,5,5,5,5,5,5,5,5,0,0,0,0,0",40,58,0,63,6,44,-1,0,"4,32,3",0,,,0,,5097,"4,32",4090,"27,31",2001,1,1085,56,7913633,114035,1694404,0,65536,1024,0,0,1531,"589824,720896,786432,851968,851968,983040,983040,983040,983040,983040,983040,983040,983040,983040,983040,983040,983040,983040,1048576,1048576,1048576,1048576,983040,1048576,1048576,983040,983040,983040,983040,983040,983040,983040,65536,196608,196608,196608,196608,196608,196608,262144,262144,262144,262144,262144,262144,262144,262144,262144,327680,327680,327680,327680,327680,327680,327680,327680,327680,327680,327680,,,,,",660,1212836,0,1212836,0,0,32,0,22,"1,1,1,1,1,1,1,1,1,1,1,1,1,1,1,1,1,1,1,1,1,1,1,1,1,1,1,1,1,1,1,1,1,1,1,1,1,1,1,1,1,1,1,1,1,1,1,1,1,1,1,1,1,1,1,1,1,1,1,0,0,0,0,0","128505,149906,173684,192548,201766,210415,221063,220385,221138,222344,226717,231760,225838,232827,233512,232186,233949,233229,240927,236461,232671,234931,230587,240027,231629,229919,228217,228555,229178,230553,226972,237248,0,26059,30962,34147,36682,38877,40650,42396,43839,47429,49113,50910,53205,54673,56493,58119,60009,60144,58225,58292,58479,58545,58730,58828,59035,59057,59042,,,,,",5,1,3210,0,24,5,1023.1083333333333,4,3600,4626380,1635621,3686400,983040,,true,,,
32,A,basic,distributed,,,0.10.0,3c92794b,2048,65536,512,1,4096,94,0,"0,0,3,7,10,10,12,13,14,15,16,17,18,18,19,18,19,19,18,17,16,14,13,10,8,8,8,8,8,10,12,14,6,8,8,8,8,8,8,8,8,8,8,12,13,15,17,18,19,19,19,19,19,18,16,15,16,15,14,8,12,10,10,6",16,58,0,63,6,88,2469,0,"4,32,3",0,,,0,,4108,"4,32",1631,"31,31",452,1,50,6,0,0,1165071,2305198,65536,1024,0,0,443,",,196608,458752,655360,655360,786432,851968,917504,983040,1048576,557056,589824,589824,622592,589824,622592,622592,589824,557056,524288,458752,425984,327680,262144,262144,262144,262144,262144,327680,393216,458752,196608,262144,262144,262144,262144,262144,262144,262144,262144,262144,262144,393216,425984,491520,557056,589824,622592,622592,622592,622592,1245184,1179648,1048576,983040,1048576,983040,917504,262144,786432,655360,655360,393216",848,2776,0,0,2776,0,0,0,11,"0,0,1,1,1,1,1,1,1,1,1,2,2,2,2,2,2,2,2,2,2,2,2,2,2,2,2,2,2,2,2,2,2,2,2,2,2,2,2,2,2,2,2,2,2,2,2,2,2,2,2,2,1,1,1,1,1,1,1,2,1,1,1,1",",,54552,121590,146686,167977,185231,207158,238857,258371,278457,299206,326868,350190,371928,394500,415656,444170,471270,480574,478359,518097,592111,620101,622051,622130,622051,622088,622151,639769,650022,596063,625205,628254,627973,627719,627738,627405,627523,627143,627254,627169,626394,604939,526255,486417,455823,436902,420402,399137,364406,348167,332464,296354,282489,265924,242173,246841,223468,203048,170083,151041,131356,101167",5,1,3084,0,28,5,1023.1433333333333,4,3600,741483,3254469,3686400,786432,,false,,,
32,A,basic,detour,,,0.10.0,cf288f49,2048,65536,512,1,4096,91,0,"0,0,3,8,10,11,12,14,15,16,16,16,16,17,18,16,16,17,17,14,13,13,11,8,7,6,6,6,6,6,6,6,5,6,6,6,6,6,6,6,6,7,9,10,12,14,15,16,18,18,18,19,18,18,18,18,18,15,15,9,13,11,10,8",17,58,0,63,6,85,2574,0,"4,32,3",0,,,0,,4108,"4,32",1702,"60,34",1843,1,35,9,0,0,0,3428923,65536,1024,0,0,559,",,196608,524288,655360,720896,786432,917504,983040,1048576,1048576,1048576,1048576,1114112,1179648,1048576,1048576,1114112,1114112,917504,851968,851968,720896,524288,458752,393216,393216,393216,393216,393216,393216,393216,327680,393216,393216,393216,393216,393216,393216,393216,393216,458752,589824,655360,786432,917504,983040,1048576,1179648,1179648,1179648,1245184,1179648,1179648,589824,1179648,1179648,983040,983040,294912,851968,720896,655360,524288",768,14197,0,0,14197,0,0,0,14,"0,0,1,1,1,1,1,1,1,1,1,1,1,1,1,1,1,1,1,1,1,1,1,1,1,1,1,1,1,1,1,1,1,1,1,1,1,1,1,1,1,1,1,1,1,1,1,1,1,1,1,1,1,1,2,1,1,1,1,2,1,1,1,1",",,60298,123167,153204,170666,186434,206699,239002,244936,235053,239251,258994,262755,249507,249287,266800,271882,253216,227499,212528,194601,154294,111467,102710,102341,102237,102082,101970,101850,101829,101840,100338,101819,101819,101804,101828,101828,101811,101804,101811,103426,123487,160615,183613,210734,238641,254023,273871,285192,269253,274555,283196,267054,274253,282412,262361,256567,239524,202585,181868,165948,151300,129996",5,1,3080,0,58,5,1023.1444444444444,4,3600,1370221,3143496,3686400,786432,,true,,,
33,A,basic,straight,,,0.10.0,83ce15bb,2048,65536,512,3,4096,97,0,"0,1,3,3,3,5,5,5,5,5,5,5,5,5,5,5,5,5,5,5,5,5,5,5,5,5,5,5,5,5,5,7,3,6,6,6,7,7,7,7,7,7,7,7,7,7,7,7,7,7,5,5,5,5,5,5,5,5,5,0,0,0,0,0",18,56,0,63,63,93,2280,0,"4,32,3",0,,,0,,5028,"4,32",1867,"6,32",74,1,12,3,82895,1814,3564964,0,65536,1024,0,0,239,",65536,196608,196608,196608,327680,327680,327680,327680,327680,327680,327680,327680,327680,327680,327680,327680,327680,327680,327680,327680,327680,327680,327680,327680,327680,327680,327680,327680,327680,327680,458752,196608,393216,393216,393216,458752,458752,458752,458752,458752,458752,458752,458752,458752,458752,458752,458752,458752,458752,327680,327680,327680,327680,327680,327680,327680,327680,327680,,,,,",332,0,0,0,0,0,0,0,6,"0,1,1,1,1,1,1,1,1,1,1,1,1,1,1,1,1,1,1,1,1,1,1,1,1,1,1,1,1,1,1,1,1,1,1,1,1,1,1,1,1,1,1,1,1,1,1,1,1,1,1,1,1,1,1,1,1,1,1,0,0,0,0,0",",0,27662,42956,42532,49035,50662,51763,52931,53809,54443,55197,55783,56376,56962,57564,58195,58673,59235,59666,60150,60635,61106,61837,63153,63276,63599,63353,63463,63660,64386,71128,53273,65933,67712,68870,70832,72152,74201,76229,78222,80243,82190,84081,85932,87627,89409,91184,92668,92680,86545,86570,86570,86545,86557,86538,86570,86557,85782,,,,,",5,1,3142,0,2,5,1023.1272222222223,4,3600,1857261,3449173,3686400,327680,,false,,,
33,A,basic,distributed,,,0.10.0,b12b8803,2048,65536,512,3,4096,95,0,"0,0,3,7,10,11,12,13,14,15,17,17,18,18,19,18,19,19,18,17,16,14,13,10,8,8,8,8,8,8,8,8,8,8,8,8,8,8,8,8,8,8,8,12,13,15,17,19,19,19,19,19,19,18,16,16,16,15,14,8,12,11,10,7",15,56,0,63,6,88,2460,0,"4,32,3",0,,,0,,4108,"4,32",1556,"61,34",2214,1,50,5,0,0,1174187,2305198,65536,1024,0,0,432,",,196608,458752,655360,720896,786432,851968,917504,983040,1114112,557056,589824,589824,622592,589824,622592,622592,589824,557056,524288,458752,425984,327680,262144,262144,262144,262144,262144,262144,262144,262144,262144,262144,262144,262144,262144,262144,262144,262144,262144,262144,262144,393216,425984,491520,557056,622592,622592,622592,622592,622592,1245184,1179648,1048576,1048576,1048576,983040,917504,262144,786432,720896,655360,458752",838,2778,0,0,2778,0,0,0,11,"0,0,1,1,1,1,1,1,1,1,1,2,2,2,2,2,2,2,2,2,2,2,2,2,2,2,2,2,2,2,2,2,2,2,2,2,2,2,2,2,2,2,2,2,2,2,2,2,2,2,2,2,1,1,1,1,1,1,1,2,1,1,1,1",",,54552,121590,146686,167977,185231,207158,238857,258371,278457,299206,326868,350190,371928,394500,415656,444170,471270,480574,478359,518097,592111,620101,622051,622130,622051,622088,622151,622030,622109,622130,622050,622088,622093,622088,622109,622030,622151,622030,622151,622030,621560,600100,521700,482165,451861,433337,417286,396187,361646,345542,330284,293970,280207,264770,240731,246054,222957,202825,170058,151099,131704,101283",5,1,3084,0,59,5,1023.1433333333333,4,3600,381293,3263721,3686400,786432,,true,,,
33,A,basic,detour,,,0.10.0,cf288f49,2048,65536,512,3,4096,91,0,"0,0,3,8,10,11,12,14,15,16,16,16,16,17,18,16,16,17,17,14,13,13,11,8,7,6,6,6,6,6,6,6,5,6,6,6,6,6,6,6,6,7,9,10,12,14,15,16,18,18,18,19,18,18,18,18,18,15,15,9,13,11,10,8",17,56,0,63,6,85,2574,0,"4,32,3",0,,,0,,4108,"4,32",1702,"60,34",1843,1,35,9,0,0,0,3428923,65536,1024,0,0,559,",,196608,524288,655360,720896,786432,917504,983040,1048576,1048576,1048576,1048576,1114112,1179648,1048576,1048576,1114112,1114112,917504,851968,851968,720896,524288,458752,393216,393216,393216,393216,393216,393216,393216,327680,393216,393216,393216,393216,393216,393216,393216,393216,458752,589824,655360,786432,917504,983040,1048576,1179648,1179648,1179648,1245184,1179648,1179648,589824,1179648,1179648,983040,983040,294912,851968,720896,655360,524288",768,14197,0,0,14197,0,0,0,14,"0,0,1,1,1,1,1,1,1,1,1,1,1,1,1,1,1,1,1,1,1,1,1,1,1,1,1,1,1,1,1,1,1,1,1,1,1,1,1,1,1,1,1,1,1,1,1,1,1,1,1,1,1,1,2,1,1,1,1,2,1,1,1,1",",,60298,123167,153204,170666,186434,206699,239002,244936,235053,239251,258994,262755,249507,249287,266800,271882,253216,227499,212528,194601,154294,111467,102710,102341,102237,102082,101970,101850,101829,101840,100338,101819,101819,101804,101828,101828,101811,101804,101811,103426,123487,160615,183613,210734,238641,254023,273871,285192,269253,274555,283196,267054,274253,282412,262361,256567,239524,202585,181868,165948,151300,129996",5,1,3080,0,58,5,1023.1444444444444,4,3600,1370221,3143496,3686400,786432,,true,,,
34,A,basic,straight,,,0.10.0,be3c69a8,2048,65536,512,9,4096,97,0,"0,1,3,3,3,5,5,5,5,5,5,5,5,5,5,5,5,5,5,5,5,5,5,5,5,5,5,5,5,5,5,5,5,7,7,7,7,7,7,7,7,7,7,7,7,7,7,7,7,7,5,5,5,5,5,5,5,5,5,0,0,0,0,0",18,50,0,63,63,93,2280,0,"4,32,3",0,,,0,,5028,"4,32",1867,"6,32",74,1,12,3,82895,1814,3565632,0,65536,1024,0,0,239,",65536,196608,196608,196608,327680,327680,327680,327680,327680,327680,327680,327680,327680,327680,327680,327680,327680,327680,327680,327680,327680,327680,327680,327680,327680,327680,327680,327680,327680,327680,327680,327680,458752,458752,458752,458752,458752,458752,458752,458752,458752,458752,458752,458752,458752,458752,458752,458752,458752,327680,327680,327680,327680,327680,327680,327680,327680,327680,,,,,",334,0,0,0,0,0,0,0,6,"0,1,1,1,1,1,1,1,1,1,1,1,1,1,1,1,1,1,1,1,1,1,1,1,1,1,1,1,1,1,1,1,1,1,1,1,1,1,1,1,1,1,1,1,1,1,1,1,1,1,1,1,1,1,1,1,1,1,1,0,0,0,0,0",",0,27662,42956,42532,49035,50662,51763,52931,53809,54443,55197,55783,56376,56962,57564,58195,58673,59235,59666,60150,60635,61106,61837,63153,63276,63599,63353,63463,63660,63789,64234,65237,74785,75598,76422,77582,78774,79967,81360,82949,84524,86069,87657,89092,90567,91994,93337,94667,94814,88239,88229,88234,88239,88234,88234,88220,88234,87824,,,,,",5,1,3142,0,2,5,1023.1272222222223,4,3600,1740352,3449345,3686400,327680,,false,,,
34,A,basic,distributed,,,0.10.0,148b7643,2048,65536,512,9,4096,95,0,"0,0,3,7,10,11,12,13,14,15,17,17,18,18,19,18,19,19,18,17,16,14,13,10,8,8,8,8,8,8,8,8,8,8,8,8,8,8,8,8,8,8,8,12,13,15,17,19,19,19,19,19,19,18,16,16,16,15,14,8,12,11,10,7",15,50,0,63,6,88,2460,0,"4,32,3",0,,,0,,4108,"4,32",1556,"61,34",2214,1,50,5,0,0,1174187,2305198,65536,1024,0,0,432,",,196608,458752,655360,720896,786432,851968,917504,983040,1114112,557056,589824,589824,622592,589824,622592,622592,589824,557056,524288,458752,425984,327680,262144,262144,262144,262144,262144,262144,262144,262144,262144,262144,262144,262144,262144,262144,262144,262144,262144,262144,262144,393216,425984,491520,557056,622592,622592,622592,622592,622592,1245184,1179648,1048576,1048576,1048576,983040,917504,262144,786432,720896,655360,458752",838,2778,0,0,2778,0,0,0,11,"0,0,1,1,1,1,1,1,1,1,1,2,2,2,2,2,2,2,2,2,2,2,2,2,2,2,2,2,2,2,2,2,2,2,2,2,2,2,2,2,2,2,2,2,2,2,2,2,2,2,2,2,1,1,1,1,1,1,1,2,1,1,1,1",",,54552,121590,146686,167977,185231,207158,238857,258371,278457,299206,326868,350190,371928,394500,415656,444170,471270,480574,478359,518097,592111,620101,622051,622130,622051,622088,622151,622030,622109,622130,622684,622088,622093,622088,622109,622030,622151,622030,622151,622030,621560,600100,521700,482165,451861,433337,417286,396187,361646,345542,330284,293970,280207,264770,240731,246054,222957,202825,170058,151099,131704,101283",5,1,3084,0,59,5,1023.1433333333333,4,3600,381293,3263713,3686400,786432,,true,,,
34,A,basic,detour,,,0.10.0,cf288f49,2048,65536,512,9,4096,91,0,"0,0,3,8,10,11,12,14,15,16,16,16,16,17,18,16,16,17,17,14,13,13,11,8,7,6,6,6,6,6,6,6,5,6,6,6,6,6,6,6,6,7,9,10,12,14,15,16,18,18,18,19,18,18,18,18,18,15,15,9,13,11,10,8",17,50,0,63,6,85,2574,0,"4,32,3",0,,,0,,4108,"4,32",1702,"60,34",1843,1,35,9,0,0,0,3428923,65536,1024,0,0,559,",,196608,524288,655360,720896,786432,917504,983040,1048576,1048576,1048576,1048576,1114112,1179648,1048576,1048576,1114112,1114112,917504,851968,851968,720896,524288,458752,393216,393216,393216,393216,393216,393216,393216,327680,393216,393216,393216,393216,393216,393216,393216,393216,458752,589824,655360,786432,917504,983040,1048576,1179648,1179648,1179648,1245184,1179648,1179648,589824,1179648,1179648,983040,983040,294912,851968,720896,655360,524288",768,14197,0,0,14197,0,0,0,14,"0,0,1,1,1,1,1,1,1,1,1,1,1,1,1,1,1,1,1,1,1,1,1,1,1,1,1,1,1,1,1,1,1,1,1,1,1,1,1,1,1,1,1,1,1,1,1,1,1,1,1,1,1,1,2,1,1,1,1,2,1,1,1,1",",,60298,123167,153204,170666,186434,206699,239002,244936,235053,239251,258994,262755,249507,249287,266800,271882,253216,227499,212528,194601,154294,111467,102710,102341,102237,102082,101970,101850,101829,101840,100338,101819,101819,101804,101828,101828,101811,101804,101811,103426,123487,160615,183613,210734,238641,254023,273871,285192,269253,274555,283196,267054,274253,282412,262361,256567,239524,202585,181868,165948,151300,129996",5,1,3080,0,58,5,1023.1444444444444,4,3600,1370221,3143496,3686400,786432,,true,,,
35,A,basic,straight,,,0.10.0,be3c69a8,2048,65536,512,63,4096,97,0,"0,1,3,3,3,5,5,5,5,5,5,5,5,5,5,5,5,5,5,5,5,5,5,5,5,5,5,5,5,5,5,5,5,7,7,7,7,7,7,7,7,7,7,7,7,7,7,7,7,7,5,5,5,5,5,5,5,5,5,0,0,0,0,0",18,0,0,63,63,93,2280,0,"4,32,3",0,,,0,,5028,"4,32",1867,"6,32",74,1,12,3,82895,1814,3565632,0,65536,1024,0,0,239,",65536,196608,196608,196608,327680,327680,327680,327680,327680,327680,327680,327680,327680,327680,327680,327680,327680,327680,327680,327680,327680,327680,327680,327680,327680,327680,327680,327680,327680,327680,327680,327680,458752,458752,458752,458752,458752,458752,458752,458752,458752,458752,458752,458752,458752,458752,458752,458752,458752,327680,327680,327680,327680,327680,327680,327680,327680,327680,,,,,",334,0,0,0,0,0,0,0,6,"0,1,1,1,1,1,1,1,1,1,1,1,1,1,1,1,1,1,1,1,1,1,1,1,1,1,1,1,1,1,1,1,1,1,1,1,1,1,1,1,1,1,1,1,1,1,1,1,1,1,1,1,1,1,1,1,1,1,1,0,0,0,0,0",",0,27662,42956,42532,49035,50662,51763,52931,53809,54443,55197,55783,56376,56962,57564,58195,58673,59235,59666,60150,60635,61106,61837,63153,63276,63599,63353,63463,63660,63789,64234,65237,74785,75598,76422,77582,78774,79967,81360,82949,84524,86069,87657,89092,90567,91994,93337,94667,94814,88239,88229,88234,88239,88234,88234,88220,88234,87824,,,,,",5,1,3142,0,2,5,1023.1272222222223,4,3600,1740352,3449345,3686400,327680,,false,,,
35,A,basic,distributed,,,0.10.0,200e3ca0,2048,65536,512,63,4096,95,0,"0,0,3,7,10,11,12,13,14,15,17,17,18,18,19,18,19,19,18,17,16,14,13,10,8,8,8,8,8,8,8,8,8,8,8,8,8,8,8,8,8,8,8,12,13,15,17,19,19,19,19,19,19,18,16,16,16,15,14,8,12,11,10,7",15,0,0,63,6,88,2460,0,"4,32,3",0,,,0,,4108,"4,32",1556,"61,34",1428,1,50,5,0,0,1174187,2305198,65536,1024,0,0,432,",,196608,458752,655360,720896,786432,851968,917504,983040,1114112,557056,589824,589824,622592,589824,622592,622592,589824,557056,524288,458752,425984,327680,262144,262144,262144,262144,262144,262144,262144,262144,262144,262144,262144,262144,262144,262144,262144,262144,262144,262144,262144,393216,425984,491520,557056,622592,622592,622592,622592,622592,1245184,1179648,1048576,1048576,1048576,983040,917504,262144,786432,720896,655360,458752",840,2778,0,0,2778,0,0,0,11,"0,0,1,1,1,1,1,1,1,1,1,2,2,2,2,2,2,2,2,2,2,2,2,2,2,2,2,2,2,2,2,2,2,2,2,2,2,2,2,2,2,2,2,2,2,2,2,2,2,2,2,2,1,1,1,1,1,1,1,2,1,1,1,1",",,54552,121590,146686,167977,185231,207158,238857,258371,278457,299206,326868,350190,371928,394500,415656,444170,471270,480574,478359,518097,592111,620101,622051,622130,622051,622088,622151,622030,622109,622130,622051,622088,622093,622088,622109,622030,622151,622030,622151,622030,621560,600100,521706,482191,451837,433305,417277,396224,361646,345604,330252,293957,280188,264779,240711,245970,222973,202643,170056,151152,131814,101413",5,1,3084,0,59,5,1023.1433333333333,4,3600,381325,3263702,3686400,786432,,true,,,
35,A,basic,detour,,,0.10.0,6cb49b66,2048,65536,512,63,4096,91,0,"0,0,3,8,10,11,12,14,15,16,16,16,16,17,18,16,16,17,17,14,13,13,11,8,7,6,6,6,6,6,6,6,6,6,6,6,6,6,6,6,6,7,9,10,12,14,15,16,18,18,18,19,18,18,18,18,18,15,15,9,13,11,10,8",17,0,0,63,6,85,2574,0,"4,32,3",0,,,0,,4108,"4,32",1702,"60,34",2363,1,35,9,0,0,0,3428922,65536,1024,0,0,559,",,196608,524288,655360,720896,786432,917504,983040,1048576,1048576,1048576,1048576,1114112,1179648,1048576,1048576,1114112,1114112,917504,851968,851968,720896,524288,458752,393216,393216,393216,393216,393216,393216,393216,393216,393216,393216,393216,393216,393216,393216,393216,393216,458752,589824,655360,786432,917504,983040,1048576,1179648,1179648,1179648,1245184,1179648,1179648,589824,1179648,1179648,983040,983040,294912,851968,720896,655360,524288",770,14195,0,0,14195,0,0,0,14,"0,0,1,1,1,1,1,1,1,1,1,1,1,1,1,1,1,1,1,1,1,1,1,1,1,1,1,1,1,1,1,1,1,1,1,1,1,1,1,1,1,1,1,1,1,1,1,1,1,1,1,1,1,1,2,1,1,1,1,2,1,1,1,1",",,60298,123167,153204,170666,186434,206699,239002,244936,235053,239251,258994,262755,249507,249287,266800,271882,253216,227499,212528,194601,154294,111467,102710,102341,102237,102082,101970,101840,101829,101819,101845,101819,101828,101804,101811,101811,101811,101804,101811,103426,123487,160615,183654,210710,238660,254023,273853,285142,269224,274523,283193,267040,274227,282404,262383,256518,239518,202625,181825,165949,151202,129831",5,1,3080,0,58,5,1023.1444444444444,4,3600,1380132,3143450,3686400,786432,,true,,,
36,A,basic,straight,,,0.10.0,bd9a7b07,4096,65536,512,1,4096,46,0,"9,11,11,13,13,13,15,15,15,15,15,15,15,15,15,15,15,15,15,15,15,15,15,15,15,15,15,15,15,16,16,16,1,2,2,3,3,3,3,3,3,3,3,3,4,4,4,4,4,4,4,4,4,4,4,4,4,4,4,0,0,0,0,0",61,58,0,63,6,46,-1,0,"4,32,7",0,,,0,,11336,"4,32",6143,"28,31",3410,4,1901,54,127510977,438231,1787549,0,65536,1024,0,0,1977,"589824,720896,720896,851968,851968,851968,983040,983040,983040,983040,983040,983040,983040,983040,983040,983040,983040,983040,983040,983040,983040,983040,983040,983040,983040,983040,983040,983040,983040,1048576,1048576,1048576,65536,131072,131072,196608,196608,196608,196608,196608,196608,196608,196608,196608,262144,262144,262144,262144,262144,262144,262144,262144,262144,262144,262144,262144,262144,262144,262144,,,,,",641,539421,0,539421,0,0,14,0,38,"1,1,1,1,1,1,1,1,1,1,1,1,1,1,1,1,1,1,1,1,1,1,1,1,1,1,1,1,1,1,1,1,1,1,1,1,1,1,1,1,1,1,1,1,1,1,1,1,1,1,1,1,1,1,1,1,1,1,1,0,0,0,0,0","124781,143136,165326,178471,191369,198406,202489,205389,206237,215036,212222,214317,213750,215825,218316,222012,222524,224544,226489,228277,226621,224471,227439,225870,225626,229250,225830,229739,228785,234972,234364,233398,0,16967,21517,24829,27239,29713,31639,33333,35196,36688,38420,40799,44188,45982,47651,49239,51544,51815,50024,50189,50357,50522,50685,50848,51011,51173,51366,,,,,",5,1,3695,0,25,5,1025.6497222222222,4,3600,3065380,1730608,3686400,983040,,true,,,
36,A,basic,distributed,,,0.10.0,0470adc3,4096,65536,512,1,4096,94,0,"0,0,0,7,9,10,11,13,14,15,16,17,17,18,18,18,18,18,18,16,16,14,13,10,8,8,8,8,8,8,10,12,6,6,6,8,8,8,8,8,8,8,8,10,13,15,17,18,19,19,19,19,19,18,16,15,16,15,14,8,12,10,8,4",23,58,0,63,6,88,2476,0,"4,32,15",0,,,0,,4552,"4,32",2322,"61,34",1263,1,86,6,400882,3592,1077128,2394691,65536,1024,0,0,450,",,,458752,589824,655360,720896,851968,917504,983040,1048576,557056,557056,589824,589824,589824,589824,589824,589824,524288,524288,458752,425984,327680,262144,262144,262144,262144,262144,262144,327680,393216,196608,196608,196608,262144,262144,262144,262144,262144,262144,262144,262144,218453,425984,491520,557056,589824,622592,622592,622592,622592,1245184,1179648,1048576,983040,1048576,983040,917504,262144,786432,655360,524288,262144",818,2670,0,0,2670,0,0,0,11,"0,0,0,1,1,1,1,1,1,1,1,2,2,2,2,2,2,2,2,2,2,2,2,2,2,2,2,2,2,2,2,2,2,2,2,2,2,2,2,2,2,2,2,3,2,2,2,2,2,2,2,2,1,1,1,1,1,1,1,2,1,1,1,1",",,,133972,134316,159561,177759,197263,229757,249242,269519,289307,316543,338965,358868,380571,400256,429025,453840,460859,455053,497917,578394,605427,607342,607321,607381,607403,607342,611311,663500,619877,615259,617648,617662,617264,617270,617317,617323,617269,617337,617343,617310,599840,522158,482643,450538,430040,410721,391863,357080,341451,326964,291617,277900,260598,235913,244955,223136,214258,163476,142269,119787,84078",5,1,3528,0,59,5,1023.02,4,3600,59966,3247921,3686400,720896,,false,,,
36,A,basic,detour,,,0.10.0,623e2be0,4096,65536,512,1,4096,93,0,"0,0,0,7,9,10,12,13,14,14,15,15,15,15,16,16,16,16,15,14,13,12,10,7,5,5,5,5,5,5,5,5,5,5,5,5,5,5,5,5,5,5,7,9,11,12,14,16,16,17,18,16,16,17,16,16,16,15,14,8,12,11,10,6",26,58,0,63,6,85,2567,0,"4,32,18",0,,,0,,4224,"4,32",2657,"60,34",1297,1,58,7,107231,3587,0,3434852,65536,1024,0,0,554,",,,458752,589824,655360,786432,851968,917504,917504,983040,983040,983040,983040,1048576,1048576,1048576,1048576,983040,917504,851968,786432,655360,458752,327680,327680,327680,327680,327680,327680,327680,327680,327680,327680,327680,327680,327680,327680,327680,327680,327680,327680,229376,589824,720896,786432,917504,1048576,1048576,1114112,1179648,1048576,1048576,1114112,1048576,1048576,1048576,983040,917504,262144,786432,720896,655360,393216",741,9457,0,0,9457,0,0,0,14,"0,0,0,1,1,1,1,1,1,1,1,1,1,1,1,1,1,1,1,1,1,1,1,1,1,1,1,1,1,1,1,1,1,1,1,1,1,1,1,1,1,1,2,1,1,1,1,1,1,1,1,1,1,1,1,1,1,1,1,2,1,1,1,1",",,0,129798,142618,161479,174718,191414,223293,229031,222176,226414,249765,250862,234341,235560,259504,262619,242825,219676,206862,188770,146734,107903,104134,103995,103914,103854,103807,103752,103704,103656,102443,103534,103515,103447,103398,103361,103320,103271,103230,103151,115290,156538,179916,205129,236182,247072,263884,278901,258982,264702,276793,256694,265575,276598,256314,255236,239165,215766,172894,156534,136021,100214",5,1,3200,0,58,5,1023.1111111111111,4,3600,114143,3152161,3686400,786432,,true,,,
37,A,basic,straight,,,0.10.0,12a6db40,4096,65536,512,3,4096,97,0,"0,1,3,3,3,3,3,3,5,5,5,5,5,5,5,5,5,5,5,5,5,5,5,5,5,5,5,5,5,5,5,5,3,5,5,5,5,5,5,5,5,6,7,7,7,7,7,7,7,7,5,5,5,5,5,5,5,5,5,0,0,0,0,0",20,56,0,42,63,93,2284,0,"4,32,7",0,,,0,,11333,"4,32",2032,"6,32",78,4,119,3,6476009,3598,3559077,0,65536,1024,0,0,243,",65536,196608,196608,196608,196608,196608,196608,327680,327680,327680,327680,327680,327680,327680,327680,327680,327680,327680,327680,327680,327680,327680,327680,327680,327680,327680,327680,327680,327680,327680,327680,196608,327680,327680,327680,327680,327680,327680,327680,327680,393216,458752,458752,458752,458752,458752,458752,458752,458752,327680,327680,327680,327680,327680,327680,327680,327680,327680,,,,,",314,0,0,0,0,0,0,0,6,"0,1,1,1,1,1,1,1,1,1,1,1,1,1,1,1,1,1,1,1,1,1,1,1,1,1,1,1,1,1,1,1,1,1,1,1,1,1,1,1,1,1,1,1,1,1,1,1,1,1,1,1,1,1,1,1,1,1,1,0,0,0,0,0",",0,24279,42486,27160,47356,47877,48399,48921,49432,49874,50287,50698,51105,51509,51935,52333,52728,53120,53509,53844,54152,54458,54901,55885,55844,55776,55407,55275,55247,55465,56260,50783,59641,60206,61190,63040,64164,65499,67527,68940,71046,73157,74564,76602,78602,80267,81943,83826,84184,79207,79202,79207,79202,79207,79202,79207,79202,79241,,,,,",5,1,10309,0,2,5,1021.1391666666667,4,3600,28704,3444911,3686400,196608,,false,,,
37,A,basic,distributed,,,0.10.0,277fe6ed,4096,65536,512,3,4096,95,0,"0,0,0,7,9,10,11,13,14,15,16,17,17,18,18,18,18,18,18,16,16,14,13,10,8,8,8,8,8,8,8,8,8,8,8,8,8,8,8,8,8,8,8,10,13,15,17,18,19,19,19,19,19,18,16,15,16,15,14,8,12,10,8,4",23,56,0,63,6,88,2469,0,"4,32,15",0,,,0,,4552,"4,32",2321,"61,34",1317,1,86,5,400882,3592,1083993,2394691,65536,1024,0,0,442,",,,458752,589824,655360,720896,851968,917504,983040,1048576,557056,557056,589824,589824,589824,589824,589824,589824,524288,524288,458752,425984,327680,262144,262144,262144,262144,262144,262144,262144,262144,262144,262144,262144,262144,262144,262144,262144,262144,262144,262144,262144,218453,425984,491520,557056,589824,622592,622592,622592,622592,1245184,1179648,1048576,983040,1048576,983040,917504,262144,786432,655360,524288,262144",808,2667,0,0,2667,0,0,0,11,"0,0,0,1,1,1,1,1,1,1,1,2,2,2,2,2,2,2,2,2,2,2,2,2,2,2,2,2,2,2,2,2,2,2,2,2,2,2,2,2,2,2,2,3,2,2,2,2,2,2,2,2,1,1,1,1,1,1,1,2,1,1,1,1",",,,133972,134316,159561,177759,197263,229757,249242,269519,289307,316543,338965,358868,380571,400256,429025,453840,460859,455053,497917,578394,605427,607342,607321,607381,607403,607342,607381,607381,607342,606800,607381,607381,607342,607342,607381,607381,607321,607381,607381,607342,590029,513272,474511,443386,423359,404937,386429,351674,336479,322440,286923,273227,257049,232620,242467,221692,213814,163441,142258,119807,84143",5,1,3528,0,59,5,1023.02,4,3600,59959,3254976,3686400,720896,,true,,,
37,A,basic,detour,,,0.10.0,623e2be0,4096,65536,512,3,4096,93,0,"0,0,0,7,9,10,12,13,14,14,15,15,15,15,16,16,16,16,15,14,13,12,10,7,5,5,5,5,5,5,5,5,5,5,5,5,5,5,5,5,5,5,7,9,11,12,14,16,16,17,18,16,16,17,16,16,16,15,14,8,12,11,10,6",26,56,0,63,6,85,2567,0,"4,32,18",0,,,0,,4224,"4,32",2657,"60,34",1297,1,58,7,107231,3587,0,3434852,65536,1024,0,0,554,",,,458752,589824,655360,786432,851968,917504,917504,983040,983040,983040,983040,1048576,1048576,1048576,1048576,983040,917504,851968,786432,655360,458752,327680,327680,327680,327680,327680,327680,327680,327680,327680,327680,327680,327680,327680,327680,327680,327680,327680,327680,229376,589824,720896,786432,917504,1048576,1048576,1114112,1179648,1048576,1048576,1114112,1048576,1048576,1048576,983040,917504,262144,786432,720896,655360,393216",741,9457,0,0,9457,0,0,0,14,"0,0,0,1,1,1,1,1,1,1,1,1,1,1,1,1,1,1,1,1,1,1,1,1,1,1,1,1,1,1,1,1,1,1,1,1,1,1,1,1,1,1,2,1,1,1,1,1,1,1,1,1,1,1,1,1,1,1,1,2,1,1,1,1",",,0,129798,142618,161479,174718,191414,223293,229031,222176,226414,249765,250862,234341,235560,259504,262619,242825,219676,206862,188770,146734,107903,104134,103995,103914,103854,103807,103752,103704,103656,102443,103534,103515,103447,103398,103361,103320,103271,103230,103151,115290,156538,179916,205129,236182,247072,263884,278901,258982,264702,276793,256694,265575,276598,256314,255236,239165,215766,172894,156534,136021,100214",5,1,3200,0,58,5,1023.1111111111111,4,3600,114143,3152161,3686400,786432,,true,,,
38,A,basic,straight,,,0.10.0,03d4b574,4096,65536,512,9,4096,97,0,"0,1,3,3,3,3,3,3,5,5,5,5,5,5,5,5,5,5,5,5,5,5,5,5,5,5,5,5,5,5,5,5,5,5,5,5,5,5,6,6,6,7,7,7,7,7,7,7,7,7,5,5,5,5,5,5,5,5,5,0,0,0,0,0",20,50,0,41,63,93,2284,0,"4,32,7",0,,,0,,11333,"4,32",2032,"6,32",78,4,119,3,6476009,3598,3559247,0,65536,1024,0,0,244,",65536,196608,196608,196608,196608,196608,196608,327680,327680,327680,327680,327680,327680,327680,327680,327680,327680,327680,327680,327680,327680,327680,327680,327680,327680,327680,327680,327680,327680,327680,327680,327680,327680,327680,327680,327680,327680,393216,393216,393216,458752,458752,458752,458752,458752,458752,458752,458752,458752,327680,327680,327680,327680,327680,327680,327680,327680,327680,,,,,",316,0,0,0,0,0,0,0,6,"0,1,1,1,1,1,1,1,1,1,1,1,1,1,1,1,1,1,1,1,1,1,1,1,1,1,1,1,1,1,1,1,1,1,1,1,1,1,1,1,1,1,1,1,1,1,1,1,1,1,1,1,1,1,1,1,1,1,1,0,0,0,0,0",",0,24279,42486,27160,47356,47877,48399,48921,49432,49874,50287,50698,51105,51509,51935,52333,52728,53120,53509,53844,54152,54458,54901,55885,55844,55776,55407,55275,55247,55426,56121,56571,64341,64869,66089,66961,67968,69331,70880,72349,73905,75456,77082,78923,80439,82272,83927,85722,86089,80796,80817,80817,80817,80796,80817,80817,80817,80830,,,,,",5,1,10309,0,2,5,1021.1391666666667,4,3600,28704,3444785,3686400,196608,,false,,,
38,A,basic,distributed,,,0.10.0,d1f4e135,4096,65536,512,9,4096,95,0,"0,0,0,7,9,10,11,13,14,15,16,17,17,18,18,18,18,18,18,16,16,14,13,10,8,8,8,8,8,8,8,8,8,8,8,8,8,8,8,8,8,8,8,10,13,15,17,18,19,19,19,19,19,18,16,15,16,15,14,8,12,10,8,4",23,50,0,63,6,88,2469,0,"4,32,15",0,,,0,,4552,"4,32",2321,"61,34",1317,1,86,5,400882,3592,1083993,2394691,65536,1024,0,0,442,",,,458752,589824,655360,720896,851968,917504,983040,1048576,557056,557056,589824,589824,589824,589824,589824,589824,524288,524288,458752,425984,327680,262144,262144,262144,262144,262144,262144,262144,262144,262144,262144,262144,262144,262144,262144,262144,262144,262144,262144,262144,218453,425984,491520,557056,589824,622592,622592,622592,622592,1245184,1179648,1048576,983040,1048576,983040,917504,262144,786432,655360,524288,262144",808,2667,0,0,2667,0,0,0,11,"0,0,0,1,1,1,1,1,1,1,1,2,2,2,2,2,2,2,2,2,2,2,2,2,2,2,2,2,2,2,2,2,2,2,2,2,2,2,2,2,2,2,2,3,2,2,2,2,2,2,2,2,1,1,1,1,1,1,1,2,1,1,1,1",",,,133972,134316,159561,177759,197263,229757,249242,269519,289307,316543,338965,358868,380571,400256,429025,453840,460859,455053,497917,578394,605427,607342,607321,607381,607403,607342,607381,607381,607342,607599,607381,607381,607342,607342,607381,607381,607321,607381,607381,607342,590029,513272,474511,443386,423359,404937,386429,351674,336479,322440,286923,273227,257049,232620,242467,221692,213814,163441,142258,119807,84143",5,1,3528,0,59,5,1023.02,4,3600,59959,3254968,3686400,720896,,true,,,
38,A,basic,detour,,,0.10.0,623e2be0,4096,65536,512,9,4096,93,0,"0,0,0,7,9,10,12,13,14,14,15,15,15,15,16,16,16,16,15,14,13,12,10,7,5,5,5,5,5,5,5,5,5,5,5,5,5,5,5,5,5,5,7,9,11,12,14,16,16,17,18,16,16,17,16,16,16,15,14,8,12,11,10,6",26,50,0,63,6,85,2567,0,"4,32,18",0,,,0,,4224,"4,32",2657,"60,34",1297,1,58,7,107231,3587,0,3434852,65536,1024,0,0,554,",,,458752,589824,655360,786432,851968,917504,917504,983040,983040,983040,983040,1048576,1048576,1048576,1048576,983040,917504,851968,786432,655360,458752,327680,327680,327680,327680,327680,327680,327680,327680,327680,327680,327680,327680,327680,327680,327680,327680,327680,327680,229376,589824,720896,786432,917504,1048576,1048576,1114112,1179648,1048576,1048576,1114112,1048576,1048576,1048576,983040,917504,262144,786432,720896,655360,393216",741,9457,0,0,9457,0,0,0,14,"0,0,0,1,1,1,1,1,1,1,1,1,1,1,1,1,1,1,1,1,1,1,1,1,1,1,1,1,1,1,1,1,1,1,1,1,1,1,1,1,1,1,2,1,1,1,1,1,1,1,1,1,1,1,1,1,1,1,1,2,1,1,1,1",",,0,129798,142618,161479,174718,191414,223293,229031,222176,226414,249765,250862,234341,235560,259504,262619,242825,219676,206862,188770,146734,107903,104134,103995,103914,103854,103807,103752,103704,103656,102443,103534,103515,103447,103398,103361,103320,103271,103230,103151,115290,156538,179916,205129,236182,247072,263884,278901,258982,264702,276793,256694,265575,276598,256314,255236,239165,215766,172894,156534,136021,100214",5,1,3200,0,58,5,1023.1111111111111,4,3600,114143,3152161,3686400,786432,,true,,,
39,A,basic,straight,,,0.10.0,03d4b574,4096,65536,512,63,4096,97,0,"0,1,3,3,3,3,3,3,5,5,5,5,5,5,5,5,5,5,5,5,5,5,5,5,5,5,5,5,5,5,5,5,5,5,5,5,5,5,6,6,6,7,7,7,7,7,7,7,7,7,5,5,5,5,5,5,5,5,5,0,0,0,0,0",20,0,0,41,63,93,2284,0,"4,32,7",0,,,0,,11333,"4,32",2032,"6,32",78,4,119,3,6476009,3598,3559247,0,65536,1024,0,0,244,",65536,196608,196608,196608,196608,196608,196608,327680,327680,327680,327680,327680,327680,327680,327680,327680,327680,327680,327680,327680,327680,327680,327680,327680,327680,327680,327680,327680,327680,327680,327680,327680,327680,327680,327680,327680,327680,393216,393216,393216,458752,458752,458752,458752,458752,458752,458752,458752,458752,327680,327680,327680,327680,327680,327680,327680,327680,327680,,,,,",316,0,0,0,0,0,0,0,6,"0,1,1,1,1,1,1,1,1,1,1,1,1,1,1,1,1,1,1,1,1,1,1,1,1,1,1,1,1,1,1,1,1,1,1,1,1,1,1,1,1,1,1,1,1,1,1,1,1,1,1,1,1,1,1,1,1,1,1,0,0,0,0,0",",0,24279,42486,27160,47356,47877,48399,48921,49432,49874,50287,50698,51105,51509,51935,52333,52728,53120,53509,53844,54152,54458,54901,55885,55844,55776,55407,55275,55247,55426,56121,56571,64341,64869,66089,66961,67968,69331,70880,72349,73905,75456,77082,78923,80439,82272,83927,85722,86089,80796,80817,80817,80817,80796,80817,80817,80817,80830,,,,,",5,1,10309,0,2,5,1021.1391666666667,4,3600,28704,3444785,3686400,196608,,false,,,
39,A,basic,distributed,,,0.10.0,0d7e4771,4096,65536,512,63,4096,95,0,"0,0,0,7,9,10,11,13,14,15,16,17,17,18,18,18,18,18,18,16,16,14,13,10,8,8,8,8,8,8,8,8,8,8,8,8,8,8,8,8,8,8,8,10,13,15,17,18,19,19,19,19,19,18,16,15,16,15,14,8,12,10,8,4",23,0,0,63,6,88,2469,0,"4,32,15",0,,,0,,4552,"4,32",2321,"61,34",1316,1,86,5,400882,3592,1083993,2394691,65536,1024,0,0,442,",,,458752,589824,655360,720896,851968,917504,983040,1048576,557056,557056,589824,589824,589824,589824,589824,589824,524288,524288,458752,425984,327680,262144,262144,262144,262144,262144,262144,262144,262144,262144,262144,262144,262144,262144,262144,262144,262144,262144,262144,262144,218453,425984,491520,557056,589824,622592,622592,622592,622592,1245184,1179648,1048576,983040,1048576,983040,917504,262144,786432,655360,524288,262144",809,2666,0,0,2666,0,0,0,11,"0,0,0,1,1,1,1,1,1,1,1,2,2,2,2,2,2,2,2,2,2,2,2,2,2,2,2,2,2,2,2,2,2,2,2,2,2,2,2,2,2,2,2,3,2,2,2,2,2,2,2,2,1,1,1,1,1,1,1,2,1,1,1,1",",,,133972,134316,159561,177759,197263,229757,249242,269519,289307,316543,338965,358868,380571,400256,429025,453840,460859,455053,497917,578394,605427,607342,607321,607381,607403,607342,607381,607381,607342,607342,607381,607381,607342,607342,607381,607381,607321,607381,607381,607342,590029,513272,474510,443362,423402,404928,386444,351685,336489,322443,286923,273230,257049,232646,242431,221696,213814,163446,142240,119807,84107",5,1,3528,0,59,5,1023.02,4,3600,59955,3254954,3686400,720896,,true,,,
39,A,basic,detour,,,0.10.0,c99bdcdc,4096,65536,512,63,4096,93,0,"0,0,0,7,9,10,12,13,14,14,15,15,15,15,16,16,16,16,15,14,13,12,10,7,5,5,5,5,5,5,5,5,5,5,5,5,5,5,5,5,5,5,7,9,11,12,14,16,16,17,18,16,16,17,16,16,16,15,14,8,12,11,10,6",26,0,0,63,6,85,2567,0,"4,32,18",0,,,0,,4224,"4,32",2657,"60,34",1272,1,58,7,107231,3587,0,3434852,65536,1024,0,0,554,",,,458752,589824,655360,786432,851968,917504,917504,983040,983040,983040,983040,1048576,1048576,1048576,1048576,983040,917504,851968,786432,655360,458752,327680,327680,327680,327680,327680,327680,327680,327680,327680,327680,327680,327680,327680,327680,327680,327680,327680,327680,229376,589824,720896,786432,917504,1048576,1048576,1114112,1179648,1048576,1048576,1114112,1048576,1048576,1048576,983040,917504,262144,786432,720896,655360,393216",743,9471,0,0,9471,0,0,0,14,"0,0,0,1,1,1,1,1,1,1,1,1,1,1,1,1,1,1,1,1,1,1,1,1,1,1,1,1,1,1,1,1,1,1,1,1,1,1,1,1,1,1,2,1,1,1,1,1,1,1,1,1,1,1,1,1,1,1,1,2,1,1,1,1",",,0,129798,142618,161479,174718,191414,223293,229031,222176,226414,249765,250862,234341,235560,259504,262619,242825,219676,206862,188770,146734,107903,104134,103995,103914,103854,103807,103752,103704,103656,103613,103534,103515,103447,103398,103361,103320,103271,103230,103151,115290,156538,179916,205130,236191,247103,263790,278909,258993,264696,276810,256744,265588,276621,256315,255236,239186,215766,172898,156560,136067,100214",5,1,3200,0,58,5,1023.1111111111111,4,3600,114125,3152083,3686400,786432,,true,,,
40,A,basic,straight,,,0.10.0,f76b770d,8192,65536,512,1,4096,53,0,"0,0,1,3,3,3,7,9,11,11,13,13,13,15,15,15,15,15,15,15,15,15,15,15,15,15,15,15,15,15,15,15,1,1,2,2,2,2,2,3,3,3,3,3,3,3,3,3,4,4,4,4,4,4,4,4,4,4,4,0,0,0,0,0",101,58,0,13,7,46,-1,0,"4,32,17",0,,,0,,13476,"4,32",10121,"26,31",3320,5,136,47,304744627,534454,1787824,0,65536,1024,0,0,2143,",,65536,196608,196608,196608,458752,589824,720896,720896,851968,851968,851968,983040,983040,983040,983040,983040,983040,983040,983040,983040,983040,983040,983040,983040,983040,983040,983040,983040,983040,983040,65536,65536,131072,131072,131072,131072,131072,196608,196608,196608,196608,196608,196608,196608,196608,196608,262144,262144,262144,262144,262144,262144,262144,262144,262144,262144,262144,,,,,",546,0,0,0,0,0,0,0,53,"0,0,1,1,1,1,1,1,1,1,1,1,1,1,1,1,1,1,1,1,1,1,1,1,1,1,1,1,1,1,1,1,1,1,1,1,1,1,1,1,1,1,1,1,1,1,1,1,1,1,1,1,1,1,1,1,1,1,1,0,0,0,0,0",",0,24399,42451,25048,49930,85128,138620,156045,158311,169735,178402,187301,192498,197758,203233,204038,211686,210298,214375,216242,219549,219136,221128,219627,220956,220130,223613,223176,224091,224699,225456,0,13035,17421,20743,23129,25239,27946,29820,31278,32987,34494,35921,37514,39934,43345,45157,46670,46882,45652,45833,46013,46192,46370,46610,46787,46963,47140,,,,,",5,1,12451,0,23,5,1020.6130555555555,4,3600,1596588,1731099,3686400,458752,,true,,,
40,A,basic,distributed,,,0.10.0,3c01811e,8192,65536,512,1,4096,94,0,"0,0,0,6,9,10,11,13,14,15,16,17,17,18,17,17,18,18,18,16,15,14,12,8,8,8,8,8,8,8,10,12,6,6,6,6,6,6,6,8,8,8,8,10,13,14,16,18,19,19,19,18,19,18,16,15,16,15,14,8,12,10,8,4",29,58,0,63,6,87,2481,26360,"4,32,76",0,,,0,,4897,"4,32",2986,"61,34",1458,1,76,6,669808,3593,1025388,2445779,65536,1024,0,0,457,",,,196608,589824,655360,720896,851968,917504,983040,1048576,557056,557056,589824,557056,557056,589824,589824,589824,524288,491520,458752,393216,262144,262144,262144,262144,262144,262144,262144,327680,393216,196608,196608,196608,196608,196608,196608,196608,262144,262144,262144,262144,218453,425984,458752,524288,589824,622592,622592,622592,589824,1245184,1179648,1048576,983040,1048576,983040,917504,262144,786432,655360,524288,262144",805,1345,0,0,1345,0,0,0,11,"0,0,0,2,1,1,1,1,1,1,1,2,2,2,2,2,2,2,2,2,2,2,2,2,2,2,2,2,2,2,2,2,2,2,2,2,2,2,2,2,2,2,2,3,2,2,2,2,2,2,2,2,1,1,1,1,1,1,1,2,1,1,1,1",",,,142812,126758,154843,174024,193640,225808,245493,265222,284681,311946,333952,352673,373829,393147,421185,445110,451379,443073,486609,571633,597932,599646,599792,599558,599671,599621,601531,664941,629977,608300,610435,610354,610001,609981,610025,609994,610028,609984,610077,610021,594178,518247,478996,445893,424567,404519,387680,353457,337515,323445,289202,275514,258074,233414,243718,223074,220730,159195,136304,111882,73130",5,1,3873,0,59,5,1034.3769444444445,4,3600,14352,3242953,3686400,720896,,false,,,
40,A,basic,detour,,,0.10.0,afec107a,8192,65536,512,1,4096,93,0,"0,0,0,7,9,10,10,12,13,14,14,15,15,15,15,15,15,15,15,14,13,11,10,7,5,5,5,5,5,5,5,5,5,5,5,5,5,5,5,5,5,5,6,9,10,12,14,15,16,16,16,16,16,17,16,16,16,15,14,8,12,10,9,4",36,58,0,63,6,85,2567,29664,"4,32,46",0,,,0,,4484,"4,32",3665,"60,34",1776,1,46,7,392408,6287,0,3436759,65536,1024,0,0,554,",,,458752,589824,655360,655360,786432,851968,917504,917504,983040,983040,983040,983040,983040,983040,983040,983040,917504,851968,720896,655360,458752,327680,327680,327680,327680,327680,327680,327680,327680,327680,327680,327680,327680,327680,327680,327680,327680,327680,327680,196608,589824,655360,786432,917504,983040,1048576,1048576,1048576,1048576,1048576,1114112,1048576,1048576,1048576,983040,917504,262144,786432,655360,589824,262144",727,8051,0,0,8051,0,0,0,14,"0,0,0,1,1,1,1,1,1,1,1,1,1,1,1,1,1,1,1,1,1,1,1,1,1,1,1,1,1,1,1,1,1,1,1,1,1,1,1,1,1,1,2,1,1,1,1,1,1,1,1,1,1,1,1,1,1,1,1,2,1,1,1,1",",,0,137925,136704,157439,170103,185653,216577,223138,218023,222098,246363,246626,229411,230450,255135,256822,237820,216424,203957,184769,143418,108334,105180,105018,104900,104809,104718,104620,104528,104424,103374,104234,104135,104055,103977,103900,103865,103807,103771,103726,112686,153483,179333,204028,234984,244979,258545,274884,255174,259988,272913,253215,261961,274006,254597,255700,239749,224785,167908,149469,125003,88930",5,1,3460,0,58,5,1033.0055555555555,4,3600,14344,3152337,3686400,655360,,true,,,
41,A,basic,straight,,,0.10.0,acb56331,8192,65536,512,3,4096,98,0,"0,1,3,3,3,3,3,3,5,5,5,5,5,5,5,5,5,5,5,5,5,5,5,5,5,5,5,5,5,5,5,5,3,5,5,5,5,5,5,5,5,5,5,6,7,7,7,7,7,7,5,5,5,5,5,5,5,5,5,0,0,0,0,0",20,56,0,44,63,93,2286,0,"4,32,17",0,,,0,,13476,"4,32",2040,"6,32",61,5,136,2,8387504,3598,3557062,0,65536,1024,0,0,245,",65536,196608,196608,196608,196608,196608,196608,327680,327680,327680,327680,327680,327680,327680,327680,327680,327680,327680,327680,327680,327680,327680,327680,327680,327680,327680,327680,327680,327680,327680,327680,196608,327680,327680,327680,327680,327680,327680,327680,327680,327680,327680,393216,458752,458752,458752,458752,458752,458752,327680,327680,327680,327680,327680,327680,327680,327680,327680,,,,,",314,0,0,0,0,0,0,0,6,"0,1,1,1,1,1,1,1,1,1,1,1,1,1,1,1,1,1,1,1,1,1,1,1,1,1,1,1,1,1,1,1,1,1,1,1,1,1,1,1,1,1,1,1,1,1,1,1,1,1,1,1,1,1,1,1,1,1,1,0,0,0,0,0",",0,24399,42451,25048,47314,47750,48188,48617,49041,49462,49879,50305,50722,51073,51398,51720,52040,52358,52675,52989,53302,53612,53921,54687,54557,54252,53717,53467,53315,53307,53992,49405,57048,57473,58673,59689,60755,62415,63886,65224,67342,68726,70839,72649,74325,76380,77843,79800,80111,75805,75814,75809,75814,75818,75814,75805,75814,75809,,,,,",5,1,12451,0,2,5,1020.6130555555555,4,3600,14376,3443314,3686400,196608,,false,,,
41,A,basic,distributed,,,0.10.0,a82a9817,8192,65536,512,3,4096,95,0,"0,0,0,6,9,10,11,13,14,15,16,17,17,18,17,17,18,18,18,16,15,14,12,8,8,8,8,8,8,8,8,8,8,8,8,8,8,8,8,8,8,8,8,10,13,14,16,18,19,19,19,18,19,18,16,15,16,15,14,8,12,10,8,4",29,56,0,63,6,88,2475,26360,"4,32,76",0,,,0,,4897,"4,32",2983,"61,34",2085,1,76,5,669808,3593,1031705,2445779,65536,1024,0,0,449,",,,196608,589824,655360,720896,851968,917504,983040,1048576,557056,557056,589824,557056,557056,589824,589824,589824,524288,491520,458752,393216,262144,262144,262144,262144,262144,262144,262144,262144,262144,262144,262144,262144,262144,262144,262144,262144,262144,262144,262144,262144,218453,425984,458752,524288,589824,622592,622592,622592,589824,1245184,1179648,1048576,983040,1048576,983040,917504,262144,786432,655360,524288,262144",799,1155,0,0,1155,0,0,0,11,"0,0,0,2,1,1,1,1,1,1,1,2,2,2,2,2,2,2,2,2,2,2,2,2,2,2,2,2,2,2,2,2,2,2,2,2,2,2,2,2,2,2,2,3,2,2,2,2,2,2,2,2,1,1,1,1,1,1,1,2,1,1,1,1",",,,142812,126758,154843,174024,193640,225808,245493,265222,284681,311946,333952,352673,373829,393147,421185,445110,451379,443073,486609,571633,597932,599646,599792,599558,599671,599621,599818,599558,599646,599170,599818,599535,599671,599646,599792,599558,599671,599621,599818,599558,584001,509190,470888,438668,417929,398479,381991,347640,332286,318605,284176,270670,254823,229644,240684,221387,219928,159179,136319,111905,73110",5,1,3873,0,59,5,1034.3769444444445,4,3600,14352,3249514,3686400,720896,,true,,,
41,A,basic,detour,,,0.10.0,afec107a,8192,65536,512,3,4096,93,0,"0,0,0,7,9,10,10,12,13,14,14,15,15,15,15,15,15,15,15,14,13,11,10,7,5,5,5,5,5,5,5,5,5,5,5,5,5,5,5,5,5,5,6,9,10,12,14,15,16,16,16,16,16,17,16,16,16,15,14,8,12,10,9,4",36,56,0,63,6,85,2567,29664,"4,32,46",0,,,0,,4484,"4,32",3665,"60,34",1776,1,46,7,392408,6287,0,3436759,65536,1024,0,0,554,",,,458752,589824,655360,655360,786432,851968,917504,917504,983040,983040,983040,983040,983040,983040,983040,983040,917504,851968,720896,655360,458752,327680,327680,327680,327680,327680,327680,327680,327680,327680,327680,327680,327680,327680,327680,327680,327680,327680,327680,196608,589824,655360,786432,917504,983040,1048576,1048576,1048576,1048576,1048576,1114112,1048576,1048576,1048576,983040,917504,262144,786432,655360,589824,262144",727,8051,0,0,8051,0,0,0,14,"0,0,0,1,1,1,1,1,1,1,1,1,1,1,1,1,1,1,1,1,1,1,1,1,1,1,1,1,1,1,1,1,1,1,1,1,1,1,1,1,1,1,2,1,1,1,1,1,1,1,1,1,1,1,1,1,1,1,1,2,1,1,1,1",",,0,137925,136704,157439,170103,185653,216577,223138,218023,222098,246363,246626,229411,230450,255135,256822,237820,216424,203957,184769,143418,108334,105180,105018,104900,104809,104718,104620,104528,104424,103374,104234,104135,104055,103977,103900,103865,103807,103771,103726,112686,153483,179333,204028,234984,244979,258545,274884,255174,259988,272913,253215,261961,274006,254597,255700,239749,224785,167908,149469,125003,88930",5,1,3460,0,58,5,1033.0055555555555,4,3600,14344,3152337,3686400,655360,,true,,,
42,A,basic,straight,,,0.10.0,28293700,8192,65536,512,9,4096,98,0,"0,1,3,3,3,3,3,3,5,5,5,5,5,5,5,5,5,5,5,5,5,5,5,5,5,5,5,5,5,5,5,5,5,5,5,5,5,5,5,5,5,6,6,7,7,7,7,7,7,7,5,5,5,5,5,5,5,5,5,0,0,0,0,0",20,50,0,43,63,93,2286,0,"4,32,17",0,,,0,,13476,"4,32",2040,"6,32",61,5,136,2,8387504,3598,3557201,0,65536,1024,0,0,245,",65536,196608,196608,196608,196608,196608,196608,327680,327680,327680,327680,327680,327680,327680,327680,327680,327680,327680,327680,327680,327680,327680,327680,327680,327680,327680,327680,327680,327680,327680,327680,327680,327680,327680,327680,327680,327680,327680,327680,327680,393216,393216,458752,458752,458752,458752,458752,458752,458752,327680,327680,327680,327680,327680,327680,327680,327680,327680,,,,,",316,0,0,0,0,0,0,0,6,"0,1,1,1,1,1,1,1,1,1,1,1,1,1,1,1,1,1,1,1,1,1,1,1,1,1,1,1,1,1,1,1,1,1,1,1,1,1,1,1,1,1,1,1,1,1,1,1,1,1,1,1,1,1,1,1,1,1,1,0,0,0,0,0",",0,24399,42451,25048,47314,47750,48188,48617,49041,49462,49879,50305,50722,51073,51398,51720,52040,52358,52675,52989,53302,53612,53921,54687,54557,54252,53717,53467,53315,53307,53508,53847,60987,61472,62300,63131,64156,65312,66928,68152,70056,71338,73233,74600,76516,77823,79774,81642,81977,77339,77318,77322,77363,77314,77337,77336,77318,77322,,,,,",5,1,12451,0,2,5,1020.6130555555555,4,3600,14376,3443129,3686400,196608,,false,,,
42,A,basic,distributed,,,0.10.0,aee7f777,8192,65536,512,9,4096,95,0,"0,0,0,6,9,10,11,13,14,15,16,17,17,18,17,17,18,18,18,16,15,14,12,8,8,8,8,8,8,8,8,8,8,8,8,8,8,8,8,8,8,8,8,10,13,14,16,18,19,19,19,18,19,18,16,15,16,15,14,8,12,10,8,4",29,50,0,63,6,88,2475,26360,"4,32,76",0,,,0,,4897,"4,32",2983,"61,34",2085,1,76,5,669808,3593,1031705,2445779,65536,1024,0,0,449,",,,196608,589824,655360,720896,851968,917504,983040,1048576,557056,557056,589824,557056,557056,589824,589824,589824,524288,491520,458752,393216,262144,262144,262144,262144,262144,262144,262144,262144,262144,262144,262144,262144,262144,262144,262144,262144,262144,262144,262144,262144,218453,425984,458752,524288,589824,622592,622592,622592,589824,1245184,1179648,1048576,983040,1048576,983040,917504,262144,786432,655360,524288,262144",799,1155,0,0,1155,0,0,0,11,"0,0,0,2,1,1,1,1,1,1,1,2,2,2,2,2,2,2,2,2,2,2,2,2,2,2,2,2,2,2,2,2,2,2,2,2,2,2,2,2,2,2,2,3,2,2,2,2,2,2,2,2,1,1,1,1,1,1,1,2,1,1,1,1",",,,142812,126758,154843,174024,193640,225808,245493,265222,284681,311946,333952,352673,373829,393147,421185,445110,451379,443073,486609,571633,597932,599646,599792,599558,599671,599621,599818,599558,599646,600059,599818,599535,599671,599646,599792,599558,599671,599621,599818,599558,584001,509190,470888,438668,417929,398479,381991,347640,332286,318605,284176,270670,254823,229644,240684,221387,219928,159179,136319,111905,73110",5,1,3873,0,59,5,1034.3769444444445,4,3600,14352,3249506,3686400,720896,,true,,,
42,A,basic,detour,,,0.10.0,afec107a,8192,65536,512,9,4096,93,0,"0,0,0,7,9,10,10,12,13,14,14,15,15,15,15,15,15,15,15,14,13,11,10,7,5,5,5,5,5,5,5,5,5,5,5,5,5,5,5,5,5,5,6,9,10,12,14,15,16,16,16,16,16,17,16,16,16,15,14,8,12,10,9,4",36,50,0,63,6,85,2567,29664,"4,32,46",0,,,0,,4484,"4,32",3665,"60,34",1776,1,46,7,392408,6287,0,3436759,65536,1024,0,0,554,",,,458752,589824,655360,655360,786432,851968,917504,917504,983040,983040,983040,983040,983040,983040,983040,983040,917504,851968,720896,655360,458752,327680,327680,327680,327680,327680,327680,327680,327680,327680,327680,327680,327680,327680,327680,327680,327680,327680,327680,196608,589824,655360,786432,917504,983040,1048576,1048576,1048576,1048576,1048576,1114112,1048576,1048576,1048576,983040,917504,262144,786432,655360,589824,262144",727,8051,0,0,8051,0,0,0,14,"0,0,0,1,1,1,1,1,1,1,1,1,1,1,1,1,1,1,1,1,1,1,1,1,1,1,1,1,1,1,1,1,1,1,1,1,1,1,1,1,1,1,2,1,1,1,1,1,1,1,1,1,1,1,1,1,1,1,1,2,1,1,1,1",",,0,137925,136704,157439,170103,185653,216577,223138,218023,222098,246363,246626,229411,230450,255135,256822,237820,216424,203957,184769,143418,108334,105180,105018,104900,104809,104718,104620,104528,104424,103374,104234,104135,104055,103977,103900,103865,103807,103771,103726,112686,153483,179333,204028,234984,244979,258545,274884,255174,259988,272913,253215,261961,274006,254597,255700,239749,224785,167908,149469,125003,88930",5,1,3460,0,58,5,1033.0055555555555,4,3600,14344,3152337,3686400,655360,,true,,,
43,A,basic,straight,,,0.10.0,28293700,8192,65536,512,63,4096,98,0,"0,1,3,3,3,3,3,3,5,5,5,5,5,5,5,5,5,5,5,5,5,5,5,5,5,5,5,5,5,5,5,5,5,5,5,5,5,5,5,5,5,6,6,7,7,7,7,7,7,7,5,5,5,5,5,5,5,5,5,0,0,0,0,0",20,0,0,43,63,93,2286,0,"4,32,17",0,,,0,,13476,"4,32",2040,"6,32",61,5,136,2,8387504,3598,3557201,0,65536,1024,0,0,245,",65536,196608,196608,196608,196608,196608,196608,327680,327680,327680,327680,327680,327680,327680,327680,327680,327680,327680,327680,327680,327680,327680,327680,327680,327680,327680,327680,327680,327680,327680,327680,327680,327680,327680,327680,327680,327680,327680,327680,327680,393216,393216,458752,458752,458752,458752,458752,458752,458752,327680,327680,327680,327680,327680,327680,327680,327680,327680,,,,,",316,0,0,0,0,0,0,0,6,"0,1,1,1,1,1,1,1,1,1,1,1,1,1,1,1,1,1,1,1,1,1,1,1,1,1,1,1,1,1,1,1,1,1,1,1,1,1,1,1,1,1,1,1,1,1,1,1,1,1,1,1,1,1,1,1,1,1,1,0,0,0,0,0",",0,24399,42451,25048,47314,47750,48188,48617,49041,49462,49879,50305,50722,51073,51398,51720,52040,52358,52675,52989,53302,53612,53921,54687,54557,54252,53717,53467,53315,53307,53508,53847,60987,61472,62300,63131,64156,65312,66928,68152,70056,71338,73233,74600,76516,77823,79774,81642,81977,77339,77318,77322,77363,77314,77337,77336,77318,77322,,,,,",5,1,12451,0,2,5,1020.6130555555555,4,3600,14376,3443129,3686400,196608,,false,,,
43,A,basic,distributed,,,0.10.0,c43a89c2,8192,65536,512,63,4096,95,0,"0,0,0,6,9,10,11,13,14,15,16,17,17,18,17,17,18,18,18,16,15,14,12,8,8,8,8,8,8,8,8,8,8,8,8,8,8,8,8,8,8,8,8,10,13,14,16,18,19,19,19,18,19,18,16,15,16,15,14,8,12,10,8,4",29,0,0,63,6,88,2475,26360,"4,32,76",0,,,0,,4897,"4,32",2983,"61,34",2085,1,76,5,669808,3593,1031705,2445779,65536,1024,0,0,449,",,,196608,589824,655360,720896,851968,917504,983040,1048576,557056,557056,589824,557056,557056,589824,589824,589824,524288,491520,458752,393216,262144,262144,262144,262144,262144,262144,262144,262144,262144,262144,262144,262144,262144,262144,262144,262144,262144,262144,262144,262144,218453,425984,458752,524288,589824,622592,622592,622592,589824,1245184,1179648,1048576,983040,1048576,983040,917504,262144,786432,655360,524288,262144",800,1156,0,0,1156,0,0,0,11,"0,0,0,2,1,1,1,1,1,1,1,2,2,2,2,2,2,2,2,2,2,2,2,2,2,2,2,2,2,2,2,2,2,2,2,2,2,2,2,2,2,2,2,3,2,2,2,2,2,2,2,2,1,1,1,1,1,1,1,2,1,1,1,1",",,,142812,126758,154843,174024,193640,225808,245493,265222,284681,311946,333952,352673,373829,393147,421185,445110,451379,443073,486609,571633,597932,599646,599792,599558,599671,599621,599818,599558,599646,599646,599818,599535,599671,599646,599792,599558,599671,599621,599818,599558,584001,509190,470888,438668,417938,398480,381987,347645,332281,318576,284216,270661,254810,229634,240676,221409,219928,159179,136319,111905,73110",5,1,3873,0,59,5,1034.3769444444445,4,3600,14352,3249475,3686400,720896,,true,,,
43,A,basic,detour,,,0.10.0,7390bd48,8192,65536,512,63,4096,93,0,"0,0,0,7,9,10,10,12,13,14,14,15,15,15,15,15,15,15,15,14,13,11,10,7,5,5,5,5,5,5,5,5,5,5,5,5,5,5,5,5,5,5,6,9,10,12,14,15,16,16,16,16,16,17,16,16,16,15,14,8,12,10,9,4",36,0,0,63,6,85,2567,29664,"4,32,46",0,,,0,,4484,"4,32",3665,"60,34",1771,1,46,7,392406,6286,0,3436759,65536,1024,0,0,554,",,,458752,589824,655360,655360,786432,851968,917504,917504,983040,983040,983040,983040,983040,983040,983040,983040,917504,851968,720896,655360,458752,327680,327680,327680,327680,327680,327680,327680,327680,327680,327680,327680,327680,327680,327680,327680,327680,327680,327680,196608,589824,655360,786432,917504,983040,1048576,1048576,1048576,1048576,1048576,1114112,1048576,1048576,1048576,983040,917504,262144,786432,655360,589824,262144",729,8051,0,0,8051,0,0,0,14,"0,0,0,1,1,1,1,1,1,1,1,1,1,1,1,1,1,1,1,1,1,1,1,1,1,1,1,1,1,1,1,1,1,1,1,1,1,1,1,1,1,1,2,1,1,1,1,1,1,1,1,1,1,1,1,1,1,1,1,2,1,1,1,1",",,0,137925,136704,157439,170103,185653,216577,223138,218023,222098,246363,246626,229411,230450,255135,256822,237820,216424,203957,184769,143418,108334,105180,105018,104900,104809,104718,104620,104528,104424,104325,104234,104135,104055,103977,103900,103865,103807,103771,103726,112686,153483,179333,204028,234984,244979,258538,274891,255162,259992,272922,253222,261980,274003,254568,255697,239754,224745,167908,149462,124994,88930",5,1,3460,0,58,5,1033.0055555555555,4,3600,14344,3152285,3686400,655360,,true,,,
44,A,basic,straight,,,0.10.0,547c610a,16384,65536,512,1,4096,63,0,"0,0,1,3,3,3,3,3,3,3,3,3,3,3,4,8,9,11,12,13,13,13,13,13,14,14,14,15,15,15,15,15,1,1,1,1,2,2,2,2,2,2,2,2,2,2,2,2,2,2,2,2,2,2,2,2,3,3,3,0,0,0,0,0",174,58,0,15,16,46,-1,0,"31,32,445",0,,,0,,17475,"30,31",17475,"30,31",3299,6,3299,37,461887185,361954,1787778,0,65536,1024,0,0,2143,",,65536,196608,196608,196608,196608,196608,196608,196608,196608,196608,196608,196608,262144,524288,589824,720896,786432,851968,851968,851968,851968,851968,917504,917504,917504,983040,983040,983040,983040,983040,65536,65536,65536,65536,131072,131072,131072,131072,131072,131072,131072,131072,131072,131072,131072,131072,131072,131072,131072,131072,131072,131072,131072,131072,196608,196608,196608,,,,,",434,0,0,0,0,0,0,0,53,"0,0,1,1,1,1,1,1,1,1,1,1,1,1,1,1,1,1,1,1,1,1,1,1,1,1,1,1,1,1,1,1,1,1,1,1,1,1,1,1,1,1,1,1,1,1,1,1,1,1,1,1,1,1,1,1,1,1,1,0,0,0,0,0",",0,18723,33243,22958,47319,47756,48188,48617,49041,49420,49755,50088,51258,71742,126064,149130,147185,154129,162727,168838,172801,176397,179944,182686,185246,187527,189110,190839,192489,193437,193259,0,12102,16349,19310,21796,23791,25512,27923,29506,30928,32654,34159,35578,38098,39914,43281,44647,44879,43523,43723,43900,44099,44274,44471,44719,44865,45087,,,,,",5,1,15201,27,27,5,1146.3383333333334,4,3600,785054,1731062,3686400,196608,,true,,,
44,A,basic,distributed,,,0.10.0,f9eba992,16384,65536,512,1,4096,94,0,"0,0,0,4,9,10,11,13,14,15,16,17,17,17,16,17,17,18,18,16,15,14,12,8,8,8,8,8,8,8,10,12,6,6,6,6,6,6,6,6,8,8,8,10,12,14,16,18,19,19,19,18,19,18,16,15,16,15,14,8,12,10,8,4",34,58,0,63,6,87,2483,45600,"4,32,66",0,,,0,,4984,"4,32",3422,"61,34",1433,1,66,6,738124,3593,999597,2471457,65536,1024,0,0,459,",,,131072,589824,655360,720896,851968,917504,983040,1048576,557056,557056,557056,524288,557056,557056,589824,589824,524288,491520,458752,393216,262144,262144,262144,262144,262144,262144,262144,327680,393216,196608,196608,196608,196608,196608,196608,196608,196608,262144,262144,262144,218453,393216,458752,524288,589824,622592,622592,622592,589824,1245184,1179648,1048576,983040,1048576,983040,917504,262144,786432,655360,524288,262144",805,0,0,0,0,0,0,0,12,"0,0,0,2,1,1,1,1,1,1,1,2,2,2,2,2,2,2,2,2,2,2,2,2,2,2,2,2,2,2,2,2,2,2,2,2,2,2,2,2,2,2,2,3,2,2,2,2,2,2,2,2,1,1,1,1,1,1,1,2,1,1,1,1",",,,146677,123073,152150,172012,191220,223423,243287,262946,282607,309146,330630,349209,370115,389417,416813,440608,446437,436470,479662,567168,593660,595245,595250,595087,595142,595037,596347,664133,633668,604360,606136,606033,606212,606121,606173,606149,606329,606228,606279,606177,591195,515383,476226,443602,422752,401121,385179,351220,335452,321942,288095,274166,256901,231692,242983,222810,223924,156919,133035,108346,73245",5,1,3960,0,59,5,1037.8355555555556,4,3600,0,3241412,3686400,720896,,false,,,
44,A,basic,detour,,,0.10.0,74730222,16384,65536,512,1,4096,93,0,"0,0,0,4,9,9,10,12,13,14,13,14,15,15,15,15,15,15,15,13,13,11,10,6,5,5,5,5,5,5,5,5,5,5,5,5,5,5,5,5,5,5,6,9,10,12,13,15,16,16,16,16,16,16,16,16,16,15,14,8,12,10,8,3",53,58,0,63,6,85,2574,44288,"60,34,2056",0,,,0,,5312,"60,34",5312,"60,34",2056,2,2056,7,1089136,6506,0,3438031,65536,1024,0,0,560,",,,131072,589824,589824,655360,786432,851968,917504,851968,917504,983040,983040,983040,983040,983040,983040,983040,851968,851968,720896,655360,393216,327680,327680,327680,327680,327680,327680,327680,327680,327680,327680,327680,327680,327680,327680,327680,327680,327680,327680,196608,589824,655360,786432,851968,983040,1048576,1048576,1048576,1048576,1048576,1048576,1048576,1048576,1048576,983040,917504,262144,786432,655360,524288,196608",722,12996,0,0,12996,0,0,0,14,"0,0,0,2,1,1,1,1,1,1,1,1,1,1,1,1,1,1,1,1,1,1,1,1,1,1,1,1,1,1,1,1,1,1,1,1,1,1,1,1,1,1,2,1,1,1,1,1,1,1,1,1,1,1,1,1,1,1,1,2,1,1,1,1",",,,139994,133516,154978,168471,182976,214027,220005,215766,219411,244059,243685,226959,227550,252677,254202,235418,214613,202321,182896,142085,108300,105463,105288,105182,105088,105012,104924,104828,104740,103758,104555,104456,104352,104269,104175,104078,103988,103891,103843,110461,151662,178163,203255,233633,243475,256028,272637,253018,257594,271021,251248,260077,272649,253581,255338,239911,222168,161331,142391,115911,77952",5,1,3524,58,58,5,1034.9822222222222,4,3600,0,3142798,3686400,655360,,true,,,
45,A,basic,straight,,,0.10.0,ab9913a4,16384,65536,512,3,4096,98,0,"0,0,1,3,3,3,3,3,5,5,5,5,5,5,5,5,5,5,5,5,5,5,5,5,5,5,5,5,5,5,5,5,3,5,5,5,5,5,5,5,5,5,5,5,6,7,7,7,7,7,5,5,5,5,5,5,5,5,5,0,0,0,0,0",20,56,0,45,63,93,2288,636,"4,32,100",0,,,0,,16225,"4,32",2040,"6,32",55,6,100,2,10394481,3598,3554855,0,65536,1024,0,0,247,",,65536,196608,196608,196608,196608,196608,327680,327680,327680,327680,327680,327680,327680,327680,327680,327680,327680,327680,327680,327680,327680,327680,327680,327680,327680,327680,327680,327680,327680,327680,196608,327680,327680,327680,327680,327680,327680,327680,327680,327680,327680,327680,393216,458752,458752,458752,458752,458752,327680,327680,327680,327680,327680,327680,327680,327680,327680,,,,,",314,0,0,0,0,0,0,0,6,"0,0,1,1,1,1,1,1,1,1,1,1,1,1,1,1,1,1,1,1,1,1,1,1,1,1,1,1,1,1,1,1,1,1,1,1,1,1,1,1,1,1,1,1,1,1,1,1,1,1,1,1,1,1,1,1,1,1,1,0,0,0,0,0",",0,18723,33243,22958,47319,47756,48188,48617,49041,49420,49755,50088,50419,50747,51073,51398,51720,52040,52358,52675,52989,53302,53612,54385,54085,53744,53133,52765,52493,52564,53127,48792,56111,56404,57294,58568,59647,60712,62281,63891,65562,67328,68685,70832,72590,74277,76062,77799,78073,74183,74154,74183,74154,74183,74154,74183,74154,74183,,,,,",5,1,15201,0,2,5,1146.3383333333334,4,3600,14336,3441279,3686400,196608,,false,,,
45,A,basic,distributed,,,0.10.0,49fc23d9,16384,65536,512,3,4096,95,0,"0,0,0,4,9,10,11,13,14,15,16,17,17,17,16,17,17,18,18,16,15,14,12,8,8,8,8,8,8,8,8,8,7,8,8,8,8,8,8,8,8,8,8,10,12,14,16,18,19,19,19,18,19,18,16,15,16,15,14,8,12,10,8,3",34,56,0,63,6,88,2477,45600,"4,32,66",0,,,0,,4984,"4,32",3414,"61,34",1394,1,66,5,738124,3593,1005695,2471457,65536,1024,0,0,452,",,,131072,589824,655360,720896,851968,917504,983040,1048576,557056,557056,557056,524288,557056,557056,589824,589824,524288,491520,458752,393216,262144,262144,262144,262144,262144,262144,262144,262144,262144,229376,262144,262144,262144,262144,262144,262144,262144,262144,262144,262144,218453,393216,458752,524288,589824,622592,622592,622592,589824,1245184,1179648,1048576,983040,1048576,983040,917504,262144,786432,655360,524288,196608",799,0,0,0,0,0,0,0,11,"0,0,0,2,1,1,1,1,1,1,1,2,2,2,2,2,2,2,2,2,2,2,2,2,2,2,2,2,2,2,2,2,2,2,2,2,2,2,2,2,2,2,2,3,2,2,2,2,2,2,2,2,1,1,1,1,1,1,1,2,1,1,1,1",",,,146677,123073,152150,172012,191220,223423,243287,262946,282607,309146,330630,349209,370115,389417,416813,440608,446437,436470,479662,567168,593660,595245,595250,595087,595142,595037,595080,594951,595130,594531,595068,594951,595130,595025,595080,595040,595219,595102,595157,595040,580263,505619,467367,435900,415586,394653,379043,345258,330235,316946,283017,269143,253585,227912,239628,221064,223022,156933,133066,108477,72611",5,1,3960,0,59,5,1037.8355555555556,4,3600,0,3247645,3686400,720896,,true,,,
45,A,basic,detour,,,0.10.0,74730222,16384,65536,512,3,4096,93,0,"0,0,0,4,9,9,10,12,13,14,13,14,15,15,15,15,15,15,15,13,13,11,10,6,5,5,5,5,5,5,5,5,5,5,5,5,5,5,5,5,5,5,6,9,10,12,13,15,16,16,16,16,16,16,16,16,16,15,14,8,12,10,8,3",53,56,0,63,6,85,2574,44288,"60,34,2056",0,,,0,,5312,"60,34",5312,"60,34",2056,2,2056,7,1089136,6506,0,3438031,65536,1024,0,0,560,",,,131072,589824,589824,655360,786432,851968,917504,851968,917504,983040,983040,983040,983040,983040,983040,983040,851968,851968,720896,655360,393216,327680,327680,327680,327680,327680,327680,327680,327680,327680,327680,327680,327680,327680,327680,327680,327680,327680,327680,196608,589824,655360,786432,851968,983040,1048576,1048576,1048576,1048576,1048576,1048576,1048576,1048576,1048576,983040,917504,262144,786432,655360,524288,196608",722,12996,0,0,12996,0,0,0,14,"0,0,0,2,1,1,1,1,1,1,1,1,1,1,1,1,1,1,1,1,1,1,1,1,1,1,1,1,1,1,1,1,1,1,1,1,1,1,1,1,1,1,2,1,1,1,1,1,1,1,1,1,1,1,1,1,1,1,1,2,1,1,1,1",",,,139994,133516,154978,168471,182976,214027,220005,215766,219411,244059,243685,226959,227550,252677,254202,235418,214613,202321,182896,142085,108300,105463,105288,105182,105088,105012,104924,104828,104740,103758,104555,104456,104352,104269,104175,104078,103988,103891,103843,110461,151662,178163,203255,233633,243475,256028,272637,253018,257594,271021,251248,260077,272649,253581,255338,239911,222168,161331,142391,115911,77952",5,1,3524,58,58,5,1034.9822222222222,4,3600,0,3142798,3686400,655360,,true,,,
46,A,basic,straight,,,0.10.0,05b77e57,16384,65536,512,9,4096,98,0,"0,0,1,3,3,3,3,3,5,5,5,5,5,5,5,5,5,5,5,5,5,5,5,5,5,5,5,5,5,5,5,5,5,5,5,5,5,5,5,5,5,5,6,6,7,7,7,7,7,7,5,5,5,5,5,5,5,5,5,0,0,0,0,0",20,50,0,44,63,93,2288,636,"4,32,100",0,,,0,,16225,"4,32",2040,"6,32",55,6,100,2,10394481,3598,3554986,0,65536,1024,0,0,247,",,65536,196608,196608,196608,196608,196608,327680,327680,327680,327680,327680,327680,327680,327680,327680,327680,327680,327680,327680,327680,327680,327680,327680,327680,327680,327680,327680,327680,327680,327680,327680,327680,327680,327680,327680,327680,327680,327680,327680,327680,393216,393216,458752,458752,458752,458752,458752,458752,327680,327680,327680,327680,327680,327680,327680,327680,327680,,,,,",316,0,0,0,0,0,0,0,6,"0,0,1,1,1,1,1,1,1,1,1,1,1,1,1,1,1,1,1,1,1,1,1,1,1,1,1,1,1,1,1,1,1,1,1,1,1,1,1,1,1,1,1,1,1,1,1,1,1,1,1,1,1,1,1,1,1,1,1,0,0,0,0,0",",0,18723,33243,22958,47319,47756,48188,48617,49041,49420,49755,50088,50419,50747,51073,51398,51720,52040,52358,52675,52989,53302,53612,54385,54085,53744,53133,52765,52493,52553,52734,53053,59320,59672,60799,62036,62849,63888,65022,66791,68075,69880,71193,73087,74517,76415,77737,79676,79977,75662,75685,75662,75685,75662,75685,75662,75685,75662,,,,,",5,1,15201,0,2,5,1146.3383333333334,4,3600,14336,3441196,3686400,196608,,false,,,
46,A,basic,distributed,,,0.10.0,cfa06639,16384,65536,512,9,4096,95,0,"0,0,0,4,9,10,11,13,14,15,16,17,17,17,16,17,17,18,18,16,15,14,12,8,8,8,8,8,8,8,8,8,8,8,8,8,8,8,8,8,8,8,8,10,12,14,16,18,19,19,19,18,19,18,16,15,16,15,14,8,12,10,8,3",34,50,0,63,6,88,2477,45600,"4,32,66",0,,,0,,4984,"4,32",3414,"61,34",1394,1,66,5,738124,3593,1005695,2471457,65536,1024,0,0,452,",,,131072,589824,655360,720896,851968,917504,983040,1048576,557056,557056,557056,524288,557056,557056,589824,589824,524288,491520,458752,393216,262144,262144,262144,262144,262144,262144,262144,262144,262144,262144,262144,262144,262144,262144,262144,262144,262144,262144,262144,262144,218453,393216,458752,524288,589824,622592,622592,622592,589824,1245184,1179648,1048576,983040,1048576,983040,917504,262144,786432,655360,524288,196608",799,0,0,0,0,0,0,0,11,"0,0,0,2,1,1,1,1,1,1,1,2,2,2,2,2,2,2,2,2,2,2,2,2,2,2,2,2,2,2,2,2,2,2,2,2,2,2,2,2,2,2,2,3,2,2,2,2,2,2,2,2,1,1,1,1,1,1,1,2,1,1,1,1",",,,146677,123073,152150,172012,191220,223423,243287,262946,282607,309146,330630,349209,370115,389417,416813,440608,446437,436470,479662,567168,593660,595245,595250,595087,595142,595037,595080,594951,595130,595471,595068,594951,595130,595025,595080,595040,595219,595102,595157,595040,580263,505619,467367,435900,415586,394653,379043,345258,330235,316946,283017,269143,253585,227912,239628,221064,223022,156933,133066,108477,72611",5,1,3960,0,59,5,1037.8355555555556,4,3600,0,3247637,3686400,720896,,true,,,
46,A,basic,detour,,,0.10.0,74730222,16384,65536,512,9,4096,93,0,"0,0,0,4,9,9,10,12,13,14,13,14,15,15,15,15,15,15,15,13,13,11,10,6,5,5,5,5,5,5,5,5,5,5,5,5,5,5,5,5,5,5,6,9,10,12,13,15,16,16,16,16,16,16,16,16,16,15,14,8,12,10,8,3",53,50,0,63,6,85,2574,44288,"60,34,2056",0,,,0,,5312,"60,34",5312,"60,34",2056,2,2056,7,1089136,6506,0,3438031,65536,1024,0,0,560,",,,131072,589824,589824,655360,786432,851968,917504,851968,917504,983040,983040,983040,983040,983040,983040,983040,851968,851968,720896,655360,393216,327680,327680,327680,327680,327680,327680,327680,327680,327680,327680,327680,327680,327680,327680,327680,327680,327680,327680,196608,589824,655360,786432,851968,983040,1048576,1048576,1048576,1048576,1048576,1048576,1048576,1048576,1048576,983040,917504,262144,786432,655360,524288,196608",722,12996,0,0,12996,0,0,0,14,"0,0,0,2,1,1,1,1,1,1,1,1,1,1,1,1,1,1,1,1,1,1,1,1,1,1,1,1,1,1,1,1,1,1,1,1,1,1,1,1,1,1,2,1,1,1,1,1,1,1,1,1,1,1,1,1,1,1,1,2,1,1,1,1",",,,139994,133516,154978,168471,182976,214027,220005,215766,219411,244059,243685,226959,227550,252677,254202,235418,214613,202321,182896,142085,108300,105463,105288,105182,105088,105012,104924,104828,104740,103758,104555,104456,104352,104269,104175,104078,103988,103891,103843,110461,151662,178163,203255,233633,243475,256028,272637,253018,257594,271021,251248,260077,272649,253581,255338,239911,222168,161331,142391,115911,77952",5,1,3524,58,58,5,1034.9822222222222,4,3600,0,3142798,3686400,655360,,true,,,
47,A,basic,straight,,,0.10.0,05b77e57,16384,65536,512,63,4096,98,0,"0,0,1,3,3,3,3,3,5,5,5,5,5,5,5,5,5,5,5,5,5,5,5,5,5,5,5,5,5,5,5,5,5,5,5,5,5,5,5,5,5,5,6,6,7,7,7,7,7,7,5,5,5,5,5,5,5,5,5,0,0,0,0,0",20,0,0,44,63,93,2288,636,"4,32,100",0,,,0,,16225,"4,32",2040,"6,32",55,6,100,2,10394481,3598,3554986,0,65536,1024,0,0,247,",,65536,196608,196608,196608,196608,196608,327680,327680,327680,327680,327680,327680,327680,327680,327680,327680,327680,327680,327680,327680,327680,327680,327680,327680,327680,327680,327680,327680,327680,327680,327680,327680,327680,327680,327680,327680,327680,327680,327680,327680,393216,393216,458752,458752,458752,458752,458752,458752,327680,327680,327680,327680,327680,327680,327680,327680,327680,,,,,",316,0,0,0,0,0,0,0,6,"0,0,1,1,1,1,1,1,1,1,1,1,1,1,1,1,1,1,1,1,1,1,1,1,1,1,1,1,1,1,1,1,1,1,1,1,1,1,1,1,1,1,1,1,1,1,1,1,1,1,1,1,1,1,1,1,1,1,1,0,0,0,0,0",",0,18723,33243,22958,47319,47756,48188,48617,49041,49420,49755,50088,50419,50747,51073,51398,51720,52040,52358,52675,52989,53302,53612,54385,54085,53744,53133,52765,52493,52553,52734,53053,59320,59672,60799,62036,62849,63888,65022,66791,68075,69880,71193,73087,74517,76415,77737,79676,79977,75662,75685,75662,75685,75662,75685,75662,75685,75662,,,,,",5,1,15201,0,2,5,1146.3383333333334,4,3600,14336,3441196,3686400,196608,,false,,,
47,A,basic,distributed,,,0.10.0,ade01f1e,16384,65536,512,63,4096,95,0,"0,0,0,4,9,10,11,13,14,15,16,17,17,17,16,17,17,18,18,16,15,14,12,8,8,8,8,8,8,8,8,8,8,8,8,8,8,8,8,8,8,8,8,10,12,14,16,18,19,19,19,18,19,18,16,15,16,15,14,8,12,10,8,3",34,0,0,63,6,88,2477,45600,"4,32,66",0,,,0,,4984,"4,32",3414,"61,34",1396,1,66,5,738124,3593,1005695,2471457,65536,1024,0,0,452,",,,131072,589824,655360,720896,851968,917504,983040,1048576,557056,557056,557056,524288,557056,557056,589824,589824,524288,491520,458752,393216,262144,262144,262144,262144,262144,262144,262144,262144,262144,262144,262144,262144,262144,262144,262144,262144,262144,262144,262144,262144,218453,393216,458752,524288,589824,622592,622592,622592,589824,1245184,1179648,1048576,983040,1048576,983040,917504,262144,786432,655360,524288,196608",800,0,0,0,0,0,0,0,11,"0,0,0,2,1,1,1,1,1,1,1,2,2,2,2,2,2,2,2,2,2,2,2,2,2,2,2,2,2,2,2,2,2,2,2,2,2,2,2,2,2,2,2,3,2,2,2,2,2,2,2,2,1,1,1,1,1,1,1,2,1,1,1,1",",,,146677,123073,152150,172012,191220,223423,243287,262946,282607,309146,330630,349209,370115,389417,416813,440608,446437,436470,479662,567168,593660,595245,595250,595087,595142,595037,595080,594951,595130,595025,595080,594951,595142,595025,595157,595040,595219,595102,595157,595040,580263,505619,467367,435900,415577,394666,379025,345265,330231,316957,283020,269162,253585,227912,239623,221077,223022,156939,133064,108460,72611",5,1,3960,0,59,5,1037.8355555555556,4,3600,0,3247618,3686400,720896,,true,,,
47,A,basic,detour,,,0.10.0,fe158056,16384,65536,512,63,4096,93,0,"0,0,0,4,9,9,10,12,13,14,13,14,15,15,15,15,15,15,15,13,13,11,10,6,5,5,5,5,5,5,5,5,5,5,5,5,5,5,5,5,5,5,6,9,10,12,13,15,16,16,16,16,16,16,16,16,16,15,14,8,12,10,8,3",53,0,0,63,6,85,2574,44288,"60,34,2056",0,,,0,,5312,"60,34",5312,"60,34",2056,2,2056,7,1089122,6506,0,3438031,65536,1024,0,0,560,",,,131072,589824,589824,655360,786432,851968,917504,851968,917504,983040,983040,983040,983040,983040,983040,983040,851968,851968,720896,655360,393216,327680,327680,327680,327680,327680,327680,327680,327680,327680,327680,327680,327680,327680,327680,327680,327680,327680,327680,196608,589824,655360,786432,851968,983040,1048576,1048576,1048576,1048576,1048576,1048576,1048576,1048576,1048576,983040,917504,262144,786432,655360,524288,196608",724,12995,0,0,12995,0,0,0,14,"0,0,0,2,1,1,1,1,1,1,1,1,1,1,1,1,1,1,1,1,1,1,1,1,1,1,1,1,1,1,1,1,1,1,1,1,1,1,1,1,1,1,2,1,1,1,1,1,1,1,1,1,1,1,1,1,1,1,1,2,1,1,1,1",",,,139994,133516,154978,168471,182976,214027,220005,215766,219411,244059,243685,226959,227550,252677,254202,235418,214613,202321,182896,142085,108300,105463,105288,105182,105088,105012,104924,104828,104740,104644,104545,104456,104352,104269,104175,104078,103988,103900,103843,110461,151662,178163,203255,233599,243457,256027,272630,253026,257592,271032,251254,260091,272660,253578,255336,239908,222149,161331,142391,115911,77952",5,1,3524,58,58,5,1034.9822222222222,4,3600,0,3142751,3686400,655360,,true,,,
