pointIndex,mode,runKind,inputName,perturbationPercent,perturbationIndex,engineVersion,stateHash,param.congestionReference,param.congestionWeight,param.corridorBlocksOutOfField,param.corridorWidth,param.edgeFluxMax,param.gapWidth,param.restoreWeight,measurement.advectionShare,measurement.backflowEvents,measurement.bandCells,measurement.bandThreshold,measurement.blockedCellCount,measurement.blockedFrontDensityMax,measurement.blockedFrontDensityMaxCell,measurement.blockedFrontDensityPeak,measurement.blockedFrontDensityPeakCell,measurement.capacityLimitedAmount,measurement.coherenceLength,measurement.coherenceLengthSigma,measurement.completionRatio,measurement.completionStep,measurement.conductanceMin,measurement.conductanceMinCell,measurement.corridorEdgeDensityMax,measurement.corridorEdgeDensityMaxCell,measurement.corridorEdgeDensityMean,measurement.corridorEdgeDensityPeak,measurement.corridorEdgeDensityPeakCell,measurement.densityMax,measurement.densityMaxCell,measurement.densityMaxExSource,measurement.densityMaxExSourceCell,measurement.densityMaxExSourceStep,measurement.densityMaxRatio,measurement.densityMaxStep,measurement.diffusionShare,measurement.fieldEdgeDensityMax,measurement.fieldEdgeDensityMaxCell,measurement.fieldEdgeDensityPeak,measurement.fieldEdgeDensityPeakCell,measurement.fluxLimitedAmount,measurement.fluxLimitedEvents,measurement.gapThroughput.central,measurement.gapThroughput.detour,measurement.guideMagnitudeMax,measurement.injectionBase,measurement.injectionRemainder,measurement.maxStagnation,measurement.meanResidency,measurement.meanSegmentWidth,measurement.occupiedCellsPeak,measurement.outOfField,measurement.outOfFieldByEdge.bottom,measurement.outOfFieldByEdge.left,measurement.outOfFieldByEdge.right,measurement.outOfFieldByEdge.top,measurement.outOfFieldRatio,measurement.outsideCorridorCells,measurement.remainingRatio,measurement.segmentCount,measurement.sigmaProfile,measurement.sinkCellCount,measurement.sourceCellCount,measurement.sourceDensityFinal,measurement.sourceDistance.densityMax,measurement.sourceDistance.densityMaxExSource,measurement.sourceExclusionCellCount,measurement.sourceOutflowAverage,measurement.sourcePositiveScoreDirections,measurement.sourcePositiveScoreDirectionsStep,measurement.throttledEdgeCount,measurement.totalCompleted,measurement.totalInjected,measurement.w0,sensitivityBasisPoints,criterion4Dominated,criterion2MedianTwiceBasisPoints,criterion3Median3TwiceBasisPoints,criterion3Median10TwiceBasisPoints
0,A,basic,straight,,,0.11.0,806db743,2048,0,true,1,512,1,0,72,0,"0,0,0,1,3,3,3,3,3,3,3,3,3,5,7,7,7,7,7,7,7,7,7,7,7,7,7,7,7,7,7,7,1,1,1,1,1,1,1,1,1,1,1,1,1,1,1,1,1,1,1,1,1,1,1,1,1,1,1,0,0,0,0,0",684,58,68507,"31,31",68499,"31,31,3600",0,14,18,46,-1,65536,,20858,"30,29",2757,21576,"31,29,3600",68499,"31,31",68499,"31,31",3600,26,3600,28,0,,0,,616957597,170166,1787850,0,65536,1024,0,0,2144,",,,65536,196608,196608,196608,196608,196608,196608,196608,196608,196608,327680,458752,458752,458752,458752,458752,458752,458752,458752,458752,458752,458752,458752,458752,458752,458752,458752,458752,458752,65536,65536,65536,65536,65536,65536,65536,65536,65536,65536,65536,65536,65536,65536,65536,65536,65536,65536,65536,65536,65536,65536,65536,65536,65536,65536,65536,,,,,",346,0,0,0,0,0,0,0,53,"0,0,0,1,1,1,1,1,1,1,1,1,1,1,1,1,1,1,1,1,1,1,1,1,1,1,1,1,1,1,1,1,1,1,1,1,1,1,1,1,1,1,1,1,1,1,1,1,1,1,1,1,1,1,1,1,1,1,1,0,0,0,0,0",",,0,99956,37253,80690,84570,88057,91913,96047,100967,104235,108857,113152,116939,121239,125299,129234,132654,135821,138726,139329,139577,129078,124727,117984,110557,107648,105025,102315,101247,100673,0,11385,15272,21244,25458,27025,29553,33307,33175,36497,36072,38789,39061,42303,43053,45583,45720,47889,45534,46687,45273,46625,45254,46136,45295,45314,44992,0,31578,,,",5,1,17965,28,28,5,1271.1727777777778,4,3600,0,1730723,3686400,196608,,true,,,
0,A,basic,distributed,,,0.11.0,c436056f,2048,0,true,1,512,1,0,83,0,"0,0,0,5,8,9,10,12,14,15,16,18,18,18,17,18,18,18,17,16,15,14,12,12,12,12,12,12,12,12,12,12,6,8,9,10,11,11,11,11,11,11,11,12,15,17,18,18,19,19,18,19,19,17,16,15,13,13,12,5,9,7,0,0",20,58,1262,"31,30",1461,"31,30,3239",0,63,6,87,2514,65536,,1927,"18,9",473,2044,"61,31,2460",5036,"4,32",2044,"61,31",2460,1,60,17,0,,0,,781376,3594,968105,2472050,65536,1024,0,0,492,",,,163840,524288,589824,655360,786432,917504,983040,1048576,1179648,589824,589824,557056,589824,589824,589824,557056,524288,491520,458752,393216,393216,393216,393216,393216,393216,393216,393216,393216,393216,196608,174762,196608,327680,360448,360448,360448,360448,360448,360448,360448,262144,491520,557056,589824,589824,622592,622592,589824,622592,1245184,1114112,1048576,983040,851968,851968,786432,163840,589824,458752,,",798,0,0,0,0,0,0,0,12,"0,0,0,2,1,1,1,1,1,1,1,1,2,2,2,2,2,2,2,2,2,2,2,2,2,2,2,2,2,2,2,2,2,3,3,2,2,2,2,2,2,2,2,3,2,2,2,2,2,2,2,2,1,1,1,1,1,1,1,2,1,1,0,0",",,,124020,112757,143451,164501,198757,218551,239844,263364,299520,320296,341904,369069,400070,426467,448578,483897,504490,513738,559102,642499,648857,648609,658799,660783,671082,677266,675132,681308,684457,606399,591859,594879,591953,604007,602187,599495,605448,606688,609276,602285,602096,541581,502864,473782,451100,422550,410066,373361,357818,342061,304549,280592,271162,234370,250905,225617,224693,162499,127461,,",5,1,4012,0,58,5,1038.8227777777777,4,3600,0,3208407,3686400,655360,,false,,,
0,A,basic,detour,,,0.11.0,6f486892,2048,0,true,1,512,1,0,82,0,"0,0,0,5,8,9,9,12,13,13,12,13,13,13,12,13,13,13,12,11,10,9,7,7,7,7,7,7,7,7,7,7,5,7,7,7,7,7,7,7,7,7,8,9,10,12,13,13,14,14,13,14,14,13,14,14,13,13,12,5,9,7,0,0",31,58,1818,"31,9",1858,"31,9,3123",0,63,6,85,2577,65536,,2260,"61,29",891,3156,"19,9,1246",4592,"4,32",3156,"19,9",1246,1,53,18,0,,0,,407091,4489,0,3424750,65536,1024,0,0,570,",,,163840,524288,589824,589824,786432,851968,851968,786432,851968,851968,851968,786432,851968,851968,851968,786432,720896,655360,589824,458752,458752,458752,458752,458752,458752,458752,458752,458752,458752,327680,458752,458752,458752,458752,458752,458752,458752,458752,458752,524288,589824,655360,786432,851968,851968,917504,917504,851968,917504,917504,851968,917504,917504,851968,851968,786432,163840,589824,458752,,",587,0,0,0,0,0,0,0,14,"0,0,0,2,1,1,1,1,1,1,1,1,1,1,1,1,1,1,1,1,1,1,1,1,1,1,1,1,1,1,1,1,1,1,1,1,1,1,1,1,1,1,1,1,1,1,1,1,1,1,1,1,1,1,1,1,1,1,1,2,1,1,0,0",",,,117274,116619,143741,159666,187292,214668,232300,220243,238631,244072,249433,224879,241658,248447,255662,235890,215171,195683,179631,139494,135561,136634,132740,136627,132103,138538,132304,131745,137463,102364,120586,118709,121471,118497,120280,118619,117924,120580,117222,129077,149755,185499,226948,234624,238425,255435,258384,239433,259591,260335,245891,264621,272709,249887,259080,242332,219042,162062,129862,,",5,1,3568,0,38,5,1035.9658333333334,4,3600,0,3144794,3686400,589824,,true,,,
1,A,basic,straight,,,0.11.0,e7d136de,2048,0,true,1,512,3,0,95,0,"0,0,0,1,3,3,3,3,3,3,3,5,5,5,5,5,5,5,5,5,5,5,5,5,5,5,5,5,5,5,5,5,3,7,7,7,7,7,7,7,7,7,7,7,7,7,7,7,7,7,7,7,7,7,7,7,7,7,7,2,7,5,0,0",20,56,1347,"32,31",1348,"32,31,315",0,33,59,93,2299,65536,,344,"46,29",87,374,"46,29,1238",18989,"4,32",2072,"27,32",253,7,164,5,0,,0,,12386763,3598,3552689,0,65536,1024,0,0,259,",,,65536,196608,196608,196608,196608,196608,196608,196608,327680,327680,327680,327680,327680,327680,327680,327680,327680,327680,327680,327680,327680,327680,327680,327680,327680,327680,327680,327680,327680,196608,458752,458752,458752,458752,458752,458752,458752,458752,458752,458752,458752,458752,458752,458752,458752,458752,458752,458752,458752,458752,458752,458752,458752,458752,458752,458752,65536,458752,327680,,",343,0,0,0,0,0,0,0,6,"0,0,0,1,1,1,1,1,1,1,1,1,1,1,1,1,1,1,1,1,1,1,1,1,1,1,1,1,1,1,1,1,1,1,1,1,1,1,1,1,1,1,1,1,1,1,1,1,1,1,1,1,1,1,1,1,1,1,1,2,1,1,0,0",",,0,8091,21335,47007,47130,47447,47796,47918,48229,48572,48693,48998,49336,49456,49755,50088,50207,50500,50829,50947,51235,51559,52425,52049,51599,51148,50971,50907,51075,51573,48140,66498,71109,70734,72091,77277,74866,77044,83832,81680,85594,89400,91631,92838,93946,94377,94494,93180,88552,92129,86028,84498,87893,82938,84814,80324,80673,196399,121806,91653,,",5,1,17964,0,23,5,1271.1730555555555,4,3600,0,3429357,3686400,196608,,false,,,
1,A,basic,distributed,,,0.11.0,d2c0c1ca,2048,0,true,1,512,3,0,84,0,"0,0,0,5,8,9,10,12,13,14,15,17,17,17,16,17,17,17,16,15,14,13,11,11,11,11,11,11,11,11,11,11,7,10,10,11,10,10,11,10,11,11,11,12,15,17,18,18,19,19,18,19,19,17,16,15,13,13,12,5,9,7,0,0",20,56,1211,"32,10",1264,"31,9,2389",0,63,6,87,2501,65536,,1917,"18,9",455,2042,"61,31,1926",5036,"4,32",2042,"61,31",1926,1,60,16,0,,0,,781376,3594,1008688,2451304,65536,1024,0,0,479,",,,163840,524288,589824,655360,786432,851968,917504,983040,1114112,557056,557056,524288,557056,557056,557056,524288,491520,458752,425984,360448,360448,360448,360448,360448,360448,360448,360448,360448,360448,229376,327680,327680,360448,327680,327680,360448,327680,360448,360448,360448,262144,491520,557056,589824,589824,622592,622592,589824,622592,1245184,1114112,1048576,983040,851968,851968,786432,163840,589824,458752,,",774,0,0,0,0,0,0,0,12,"0,0,0,2,1,1,1,1,1,1,1,1,2,2,2,2,2,2,2,2,2,2,2,2,2,2,2,2,2,2,2,2,2,2,2,2,2,2,2,2,2,2,2,3,2,2,2,2,2,2,2,2,1,1,1,1,1,1,1,2,1,1,0,0",",,,124020,112757,143524,163782,197811,216850,238387,261480,297230,317010,337355,355182,394430,409200,425485,463716,466112,486247,513562,602329,590149,590185,593475,594924,590852,592403,579783,595625,589896,599593,615644,617135,617542,616246,619121,617055,619585,616294,616853,618931,607729,549773,516261,476425,450269,426086,400243,369029,346618,332578,291016,274808,262416,229258,242032,232265,203641,164104,132791,,",5,1,4012,0,58,5,1038.8227777777777,4,3600,0,3222942,3686400,655360,,true,,,
1,A,basic,detour,,,0.11.0,6f486892,2048,0,true,1,512,3,0,82,0,"0,0,0,5,8,9,9,12,13,13,12,13,13,13,12,13,13,13,12,11,10,9,7,7,7,7,7,7,7,7,7,7,5,7,7,7,7,7,7,7,7,7,8,9,10,12,13,13,14,14,13,14,14,13,14,14,13,13,12,5,9,7,0,0",31,56,1818,"31,9",1858,"31,9,3123",0,63,6,85,2577,65536,,2260,"61,29",891,3156,"19,9,1246",4592,"4,32",3156,"19,9",1246,1,53,18,0,,0,,407091,4489,0,3424750,65536,1024,0,0,570,",,,163840,524288,589824,589824,786432,851968,851968,786432,851968,851968,851968,786432,851968,851968,851968,786432,720896,655360,589824,458752,458752,458752,458752,458752,458752,458752,458752,458752,458752,327680,458752,458752,458752,458752,458752,458752,458752,458752,458752,524288,589824,655360,786432,851968,851968,917504,917504,851968,917504,917504,851968,917504,917504,851968,851968,786432,163840,589824,458752,,",587,0,0,0,0,0,0,0,14,"0,0,0,2,1,1,1,1,1,1,1,1,1,1,1,1,1,1,1,1,1,1,1,1,1,1,1,1,1,1,1,1,1,1,1,1,1,1,1,1,1,1,1,1,1,1,1,1,1,1,1,1,1,1,1,1,1,1,1,2,1,1,0,0",",,,117274,116619,143741,159666,187292,214668,232300,220243,238631,244072,249433,224879,241658,248447,255662,235890,215171,195683,179631,139494,135561,136634,132740,136627,132103,138538,132304,131745,137463,102364,120586,118709,121471,118497,120280,118619,117924,120580,117222,129077,149755,185499,226948,234624,238425,255435,258384,239433,259591,260335,245891,264621,272709,249887,259080,242332,219042,162062,129862,,",5,1,3568,0,38,5,1035.9658333333334,4,3600,0,3144794,3686400,589824,,true,,,
2,A,basic,straight,,,0.11.0,811d7d53,2048,0,true,1,512,5,0,94,0,"0,0,0,1,3,3,3,3,3,3,3,5,5,5,5,5,5,5,5,5,5,5,5,5,5,5,5,5,5,5,5,5,5,7,7,7,7,7,7,7,7,7,7,7,7,7,7,7,7,7,7,7,7,7,7,7,7,7,7,2,7,5,0,0",20,54,131,"33,29",215,"33,29,2846",0,33,59,93,2300,65536,,377,"45,29",97,418,"47,29,1121",18989,"4,32",2072,"27,32",253,7,164,6,0,,0,,12386763,3598,3552788,0,65536,1024,0,0,260,",,,65536,196608,196608,196608,196608,196608,196608,196608,327680,327680,327680,327680,327680,327680,327680,327680,327680,327680,327680,327680,327680,327680,327680,327680,327680,327680,327680,327680,327680,327680,458752,458752,458752,458752,458752,458752,458752,458752,458752,458752,458752,458752,458752,458752,458752,458752,458752,458752,458752,458752,458752,458752,458752,458752,458752,458752,65536,458752,327680,,",345,0,0,0,0,0,0,0,6,"0,0,0,1,1,1,1,1,1,1,1,1,1,1,1,1,1,1,1,1,1,1,1,1,1,1,1,1,1,1,1,1,1,1,1,1,1,1,1,1,1,1,1,1,1,1,1,1,1,1,1,1,1,1,1,1,1,1,1,2,1,1,0,0",",,0,8091,21335,47007,47130,47447,47796,47918,48229,48572,48693,48998,49336,49456,49755,50088,50207,50500,50829,50947,51235,51559,52425,52049,51599,51148,50971,50907,51075,51346,51508,70658,76564,74175,79190,76129,82581,81832,88065,85794,88931,92473,90514,98201,93955,99188,93907,98033,90812,90850,86801,88543,86162,84239,86049,82117,81726,196473,121001,92631,,",5,1,17964,0,23,5,1271.1730555555555,4,3600,0,3428506,3686400,196608,,false,,,
2,A,basic,distributed,,,0.11.0,30cde9a5,2048,0,true,1,512,5,0,84,0,"0,0,0,5,8,9,10,12,13,14,15,17,17,17,16,17,17,17,16,15,14,13,11,11,11,11,11,11,11,11,11,11,9,10,10,10,11,11,11,11,11,10,11,11,15,17,17,18,19,19,18,19,19,17,16,15,13,13,12,5,9,7,0,0",20,54,1208,"32,10",1270,"31,9,1699",0,63,6,87,2503,65536,,1916,"18,9",457,2012,"61,31,1248",5036,"4,32",2012,"61,31",1248,1,60,16,0,,0,,781376,3594,1069727,2462707,65536,1024,0,0,478,",,,163840,524288,589824,655360,786432,851968,917504,983040,1114112,557056,557056,524288,557056,557056,557056,524288,491520,458752,425984,360448,360448,360448,360448,360448,360448,360448,360448,360448,360448,294912,327680,327680,327680,360448,360448,360448,360448,360448,327680,360448,360448,491520,557056,557056,589824,622592,622592,589824,622592,1245184,1114112,1048576,983040,851968,851968,786432,163840,589824,458752,,",780,0,0,0,0,0,0,0,12,"0,0,0,2,1,1,1,1,1,1,1,1,2,2,2,2,2,2,2,2,2,2,2,2,2,2,2,2,2,2,2,2,2,2,2,2,2,2,2,2,2,2,2,2,2,2,2,2,2,2,2,2,1,1,1,1,1,1,1,2,1,1,0,0",",,,124020,112757,143369,163739,198616,218015,238765,260107,297613,315323,336271,362580,388849,414033,431942,464141,466521,487446,513093,590784,593151,589974,590248,586363,591003,577635,587214,574210,585078,619472,601080,601392,606672,606545,610126,610375,615370,606118,615684,605882,609853,544767,511162,473044,454690,419154,404678,367260,351859,332670,289726,275484,264265,231256,244587,231820,215722,165058,128992,,",5,1,4012,0,58,5,1038.8227777777777,4,3600,0,3222443,3686400,655360,,true,,,
2,A,basic,detour,,,0.11.0,6f486892,2048,0,true,1,512,5,0,82,0,"0,0,0,5,8,9,9,12,13,13,12,13,13,13,12,13,13,13,12,11,10,9,7,7,7,7,7,7,7,7,7,7,5,7,7,7,7,7,7,7,7,7,8,9,10,12,13,13,14,14,13,14,14,13,14,14,13,13,12,5,9,7,0,0",31,54,1818,"31,9",1858,"31,9,3123",0,63,6,85,2577,65536,,2260,"61,29",891,3156,"19,9,1246",4592,"4,32",3156,"19,9",1246,1,53,18,0,,0,,407091,4489,0,3424750,65536,1024,0,0,570,",,,163840,524288,589824,589824,786432,851968,851968,786432,851968,851968,851968,786432,851968,851968,851968,786432,720896,655360,589824,458752,458752,458752,458752,458752,458752,458752,458752,458752,458752,327680,458752,458752,458752,458752,458752,458752,458752,458752,458752,524288,589824,655360,786432,851968,851968,917504,917504,851968,917504,917504,851968,917504,917504,851968,851968,786432,163840,589824,458752,,",587,0,0,0,0,0,0,0,14,"0,0,0,2,1,1,1,1,1,1,1,1,1,1,1,1,1,1,1,1,1,1,1,1,1,1,1,1,1,1,1,1,1,1,1,1,1,1,1,1,1,1,1,1,1,1,1,1,1,1,1,1,1,1,1,1,1,1,1,2,1,1,0,0",",,,117274,116619,143741,159666,187292,214668,232300,220243,238631,244072,249433,224879,241658,248447,255662,235890,215171,195683,179631,139494,135561,136634,132740,136627,132103,138538,132304,131745,137463,102364,120586,118709,121471,118497,120280,118619,117924,120580,117222,129077,149755,185499,226948,234624,238425,255435,258384,239433,259591,260335,245891,264621,272709,249887,259080,242332,219042,162062,129862,,",5,1,3568,0,38,5,1035.9658333333334,4,3600,0,3144794,3686400,589824,,true,,,
3,A,basic,straight,,,0.11.0,f25145ae,2048,0,true,1,512,9,0,94,0,"0,0,0,1,3,3,3,3,4,5,6,6,6,7,7,7,7,7,7,7,7,7,7,7,7,7,7,7,7,7,7,7,7,7,7,7,7,7,7,7,7,7,7,7,7,7,7,7,7,7,7,7,7,7,7,7,7,7,7,2,7,5,0,0",20,50,0,,0,,0,13,59,92,2303,65536,,356,"45,29",110,391,"47,29,2415",18989,"4,32",2076,"27,32",927,7,164,6,0,,0,,12386762,3598,3601182,0,65536,1024,0,0,262,",,,65536,196608,196608,196608,196608,131072,327680,393216,393216,393216,458752,458752,458752,458752,458752,458752,458752,458752,458752,458752,458752,458752,458752,458752,458752,458752,458752,458752,458752,458752,458752,458752,458752,458752,458752,458752,458752,458752,458752,458752,458752,458752,458752,458752,458752,458752,458752,458752,458752,458752,458752,458752,458752,458752,458752,458752,65536,458752,327680,,",407,0,0,0,0,0,0,0,7,"0,0,0,1,1,1,1,1,2,1,1,1,1,1,1,1,1,1,1,1,1,1,1,1,1,1,1,1,1,1,1,1,1,1,1,1,1,1,1,1,1,1,1,1,1,1,1,1,1,1,1,1,1,1,1,1,1,1,1,2,1,1,0,0",",,0,30158,22014,49344,49888,50766,51640,51446,52648,52969,53319,53855,54340,55167,55837,55897,56732,57175,57760,58291,59028,59655,60684,60360,60426,60167,60570,60831,62209,62931,66985,69919,75018,73533,79046,77407,83248,81129,87424,84886,91230,88349,91081,93806,94326,94475,94355,93741,91036,90037,89226,86314,84861,85801,84445,81308,82557,195857,120968,91569,,",5,1,17965,0,23,5,1271.1727777777778,4,3600,0,3425980,3686400,196608,,false,,,
3,A,basic,distributed,,,0.11.0,30cde9a5,2048,0,true,1,512,9,0,84,0,"0,0,0,5,8,9,10,12,13,14,15,17,17,17,16,17,17,17,16,15,14,13,11,11,11,11,11,11,11,11,11,11,9,10,10,10,11,11,11,11,11,10,11,11,15,17,17,18,19,19,18,19,19,17,16,15,13,13,12,5,9,7,0,0",20,50,1208,"32,10",1270,"31,9,1699",0,63,6,87,2503,65536,,1916,"18,9",457,2012,"61,31,1248",5036,"4,32",2012,"61,31",1248,1,60,16,0,,0,,781376,3594,1069727,2462707,65536,1024,0,0,478,",,,163840,524288,589824,655360,786432,851968,917504,983040,1114112,557056,557056,524288,557056,557056,557056,524288,491520,458752,425984,360448,360448,360448,360448,360448,360448,360448,360448,360448,360448,294912,327680,327680,327680,360448,360448,360448,360448,360448,327680,360448,360448,491520,557056,557056,589824,622592,622592,589824,622592,1245184,1114112,1048576,983040,851968,851968,786432,163840,589824,458752,,",780,0,0,0,0,0,0,0,12,"0,0,0,2,1,1,1,1,1,1,1,1,2,2,2,2,2,2,2,2,2,2,2,2,2,2,2,2,2,2,2,2,2,2,2,2,2,2,2,2,2,2,2,2,2,2,2,2,2,2,2,2,1,1,1,1,1,1,1,2,1,1,0,0",",,,124020,112757,143369,163739,198616,218015,238765,260107,297613,315323,336271,362580,388849,414033,431942,464141,466521,487446,513093,590784,593151,589974,590248,586363,591003,577635,587214,574210,585078,619472,601080,601392,606672,606545,610126,610375,615370,606118,615684,605882,609853,544767,511162,473044,454690,419154,404678,367260,351859,332670,289726,275484,264265,231256,244587,231820,215722,165058,128992,,",5,1,4012,0,58,5,1038.8227777777777,4,3600,0,3222443,3686400,655360,,true,,,
3,A,basic,detour,,,0.11.0,6f486892,2048,0,true,1,512,9,0,82,0,"0,0,0,5,8,9,9,12,13,13,12,13,13,13,12,13,13,13,12,11,10,9,7,7,7,7,7,7,7,7,7,7,5,7,7,7,7,7,7,7,7,7,8,9,10,12,13,13,14,14,13,14,14,13,14,14,13,13,12,5,9,7,0,0",31,50,1818,"31,9",1858,"31,9,3123",0,63,6,85,2577,65536,,2260,"61,29",891,3156,"19,9,1246",4592,"4,32",3156,"19,9",1246,1,53,18,0,,0,,407091,4489,0,3424750,65536,1024,0,0,570,",,,163840,524288,589824,589824,786432,851968,851968,786432,851968,851968,851968,786432,851968,851968,851968,786432,720896,655360,589824,458752,458752,458752,458752,458752,458752,458752,458752,458752,458752,327680,458752,458752,458752,458752,458752,458752,458752,458752,458752,524288,589824,655360,786432,851968,851968,917504,917504,851968,917504,917504,851968,917504,917504,851968,851968,786432,163840,589824,458752,,",587,0,0,0,0,0,0,0,14,"0,0,0,2,1,1,1,1,1,1,1,1,1,1,1,1,1,1,1,1,1,1,1,1,1,1,1,1,1,1,1,1,1,1,1,1,1,1,1,1,1,1,1,1,1,1,1,1,1,1,1,1,1,1,1,1,1,1,1,2,1,1,0,0",",,,117274,116619,143741,159666,187292,214668,232300,220243,238631,244072,249433,224879,241658,248447,255662,235890,215171,195683,179631,139494,135561,136634,132740,136627,132103,138538,132304,131745,137463,102364,120586,118709,121471,118497,120280,118619,117924,120580,117222,129077,149755,185499,226948,234624,238425,255435,258384,239433,259591,260335,245891,264621,272709,249887,259080,242332,219042,162062,129862,,",5,1,3568,0,38,5,1035.9658333333334,4,3600,0,3144794,3686400,589824,,true,,,
4,A,basic,straight,,,0.11.0,94f7a8a2,2048,65536,true,1,512,1,0,17,0,"0,0,5,7,7,7,7,7,7,7,7,7,7,7,7,7,7,7,7,7,7,7,7,7,7,7,7,7,7,7,7,7,1,2,2,2,2,2,2,2,2,3,3,3,3,3,3,3,4,3,3,3,3,3,3,3,3,3,3,0,0,0,0,0",211,58,2837,"31,29",3856,"31,34,3407",0,63,13,44,-1,0,"4,32,3",21059,"2,32",5020,21059,"2,32,3545",23055,"4,32",21104,"3,31",3539,8,3535,83,0,,0,,157736400,319900,1705221,0,65536,1024,0,0,2364,",,327680,458752,458752,458752,458752,458752,458752,458752,458752,458752,458752,458752,458752,458752,458752,458752,458752,458752,458752,458752,458752,458752,458752,458752,458752,458752,458752,458752,458752,458752,65536,131072,131072,131072,131072,131072,131072,131072,131072,196608,196608,196608,196608,196608,196608,196608,262144,196608,196608,196608,196608,196608,196608,196608,196608,196608,196608,,,,,",377,0,0,0,0,0,0,0,55,"0,0,1,1,1,1,1,1,1,1,1,1,1,1,1,1,1,1,1,1,1,1,1,1,1,1,1,1,1,1,1,1,1,1,1,1,1,1,1,1,1,1,1,1,1,1,1,1,1,1,1,1,1,1,1,1,1,1,1,0,0,0,0,0",",,92367,128311,128851,129489,128653,129700,128784,129896,128770,130208,129109,131247,129237,131698,129223,132037,128777,131960,127763,131718,127222,131875,127078,132264,127320,132584,127650,133373,129967,133532,0,35335,39272,42686,47708,48916,54069,54390,59179,59283,64188,63784,68387,66724,70830,69400,72913,69821,71348,68014,69633,66348,67674,65030,64594,64334,63244,0,107848,91649,,",5,1,20960,0,2,5,1225.8455555555556,2,3600,2718222,1641530,3686400,458752,,true,,,
4,A,basic,distributed,,,0.11.0,13320480,2048,65536,true,1,512,1,0,83,0,"0,0,1,6,8,9,11,13,14,15,16,18,18,18,17,18,18,18,17,16,15,14,12,12,12,12,12,12,12,12,12,12,6,11,11,11,11,11,11,11,11,11,11,13,15,17,18,18,19,19,18,19,19,17,16,15,13,13,12,5,9,7,0,0",18,58,1482,"31,34",1810,"31,31,2593",0,63,6,87,2498,0,"4,32,3",1482,"31,34",455,1763,"31,30,1521",4108,"4,32",1810,"31,31",2593,1,221,17,0,,0,,0,0,1163798,2280225,65536,1024,0,0,477,",,65536,393216,524288,589824,720896,851968,917504,983040,1048576,1179648,589824,589824,557056,589824,589824,589824,557056,524288,491520,458752,393216,393216,393216,393216,393216,393216,393216,393216,393216,393216,196608,360448,360448,360448,360448,360448,360448,360448,360448,360448,360448,283989,491520,557056,589824,589824,622592,622592,589824,622592,1245184,1114112,1048576,983040,851968,851968,786432,163840,589824,458752,,",806,0,0,0,0,0,0,0,12,"0,0,1,1,1,1,1,1,1,1,1,1,2,2,2,2,2,2,2,2,2,2,2,2,2,2,2,2,2,2,2,2,2,2,2,2,2,2,2,2,2,2,2,3,2,2,2,2,2,2,2,2,1,1,1,1,1,1,1,2,1,1,0,0",",,108485,113005,128425,155647,180461,217580,238916,262241,282060,319040,338041,366965,392602,434237,448261,482234,518976,536433,553926,589911,656430,667168,661643,676700,669541,677889,679720,681540,662896,670318,635785,637815,637068,638714,641653,641282,644853,646685,643867,648630,646383,639509,571876,528695,500509,478572,448904,431540,391705,371519,356649,317944,294961,279677,238151,239336,229289,206064,165989,124544,,",5,1,3083,0,28,5,1023.1436111111111,4,3600,628575,3226164,3686400,720896,,false,,,
4,A,basic,detour,,,0.11.0,e5a574f1,2048,65536,true,1,512,1,0,83,0,"0,0,0,6,8,9,10,13,13,13,12,13,13,13,12,13,13,13,12,11,10,9,7,7,7,7,7,7,7,7,7,7,5,7,7,7,7,7,7,7,7,7,8,9,10,12,13,13,14,14,13,14,14,13,14,14,13,13,12,5,9,7,0,0",20,58,1363,"32,10",1473,"33,9,2932",0,63,6,85,2561,0,"4,32,3",1905,"18,9",815,2090,"19,9,362",4108,"4,32",2090,"19,9",362,1,35,17,0,,0,,0,0,0,3427808,65536,1024,0,0,552,",,,393216,524288,589824,655360,851968,851968,851968,786432,851968,851968,851968,786432,851968,851968,851968,786432,720896,655360,589824,458752,458752,458752,458752,458752,458752,458752,458752,458752,458752,327680,458752,458752,458752,458752,458752,458752,458752,458752,458752,524288,589824,655360,786432,851968,851968,917504,917504,851968,917504,917504,851968,917504,917504,851968,851968,786432,163840,589824,458752,,",597,0,0,0,0,0,0,0,14,"0,0,0,1,1,1,1,1,1,1,1,1,1,1,1,1,1,1,1,1,1,1,1,1,1,1,1,1,1,1,1,1,1,1,1,1,1,1,1,1,1,1,1,1,1,1,1,1,1,1,1,1,1,1,1,1,1,1,1,2,1,1,0,0",",,111463,110466,134340,155599,174721,214256,233592,244234,225990,244207,242983,245687,227111,245088,246478,248408,236530,212009,192004,179029,133612,137690,131664,132519,136049,130962,132543,136125,136506,133572,100111,122389,127967,121953,124651,123361,119968,124156,123933,120691,137250,164619,188478,224791,244707,241514,264795,268589,246082,262885,267745,244618,264743,266593,247979,243072,237102,197087,168074,125945,,",5,1,3081,0,38,5,1023.1441666666667,4,3600,1236411,3162352,3686400,655360,,true,,,
5,A,basic,straight,,,0.11.0,49324659,2048,65536,true,1,512,3,0,90,0,"0,0,5,7,7,7,7,7,7,7,7,7,7,7,7,7,7,7,7,7,7,7,7,7,7,7,7,7,7,7,7,7,3,7,7,7,7,7,7,7,7,7,7,7,7,7,7,7,7,7,7,7,7,7,7,7,7,7,7,2,7,5,0,0",18,56,1544,"32,31",1556,"32,31,3275",0,63,59,92,2310,0,"4,32,3",714,"42,29",247,758,"44,29,3314",5028,"4,32",1854,"6,32",40,1,12,10,0,,0,,98375,2056,3556017,0,65536,1024,0,0,269,",,327680,458752,458752,458752,458752,458752,458752,458752,458752,458752,458752,458752,458752,458752,458752,458752,458752,458752,458752,458752,458752,458752,458752,458752,458752,458752,458752,458752,458752,458752,196608,458752,458752,458752,458752,458752,458752,458752,458752,458752,458752,458752,458752,458752,458752,458752,458752,458752,458752,458752,458752,458752,458752,458752,458752,458752,458752,65536,458752,327680,,",407,0,0,0,0,0,0,0,7,"0,0,1,1,1,1,1,1,1,1,1,1,1,1,1,1,1,1,1,1,1,1,1,1,1,1,1,1,1,1,1,1,1,1,1,1,1,1,1,1,1,1,1,1,1,1,1,1,1,1,1,1,1,1,1,1,1,1,1,2,1,1,0,0",",,88489,87563,61045,69786,70591,71340,70911,74322,71388,75992,74050,77998,75502,79932,77146,78795,80815,81134,82065,79994,85590,82298,84931,85720,83544,88976,85042,90099,85398,86622,53497,92354,92877,98631,102284,103750,103428,109478,110463,109247,114872,114826,112250,116078,115714,114909,112651,108117,108877,103057,103806,101027,99992,97801,96581,94056,92278,185779,112538,92506,,",5,1,3141,0,2,5,1023.1275,4,3600,1810912,3418701,3686400,458752,,false,,,
5,A,basic,distributed,,,0.11.0,848ebe8a,2048,65536,true,1,512,3,0,85,0,"0,0,3,6,8,9,10,12,13,14,15,17,17,17,16,17,17,17,16,15,14,13,11,11,11,11,11,11,11,11,11,11,8,11,11,11,11,11,11,11,11,11,11,14,15,17,18,18,19,19,18,19,19,17,16,15,13,13,12,5,9,7,0,0",14,56,967,"32,10",1037,"31,9,1008",0,63,6,88,2479,0,"4,32,3",1334,"20,9",421,1473,"19,9,1560",4108,"4,32",1473,"19,9",1560,1,221,15,0,,0,,0,0,1204629,2264959,65536,1024,0,0,453,",,196608,393216,524288,589824,655360,786432,851968,917504,983040,1114112,557056,557056,524288,557056,557056,557056,524288,491520,458752,425984,360448,360448,360448,360448,360448,360448,360448,360448,360448,360448,262144,360448,360448,360448,360448,360448,360448,360448,360448,360448,360448,458752,491520,557056,589824,589824,622592,622592,589824,622592,1245184,1114112,1048576,983040,851968,851968,786432,163840,589824,458752,,",782,0,0,0,0,0,0,0,11,"0,0,1,1,1,1,1,1,1,1,1,1,2,2,2,2,2,2,2,2,2,2,2,2,2,2,2,2,2,2,2,2,2,2,2,2,2,2,2,2,2,2,2,2,2,2,2,2,2,2,2,2,1,1,1,1,1,1,1,2,1,1,0,0",",,106744,112904,128395,155708,178571,213783,235209,256629,277338,312978,329449,354206,379817,414966,429237,458726,489633,506485,520396,551065,627139,622663,616150,628776,619706,626164,616666,625807,622629,617187,634353,664121,658101,656886,665722,658736,664364,657228,660236,663638,659564,649403,593102,547086,518673,490080,457950,437653,396438,369212,352699,312322,293999,281029,238922,237825,223211,207345,168488,129330,,",5,1,3083,0,38,5,1023.1436111111111,4,3600,265239,3244574,3686400,655360,,true,,,
5,A,basic,detour,,,0.11.0,e5a574f1,2048,65536,true,1,512,3,0,83,0,"0,0,0,6,8,9,10,13,13,13,12,13,13,13,12,13,13,13,12,11,10,9,7,7,7,7,7,7,7,7,7,7,5,7,7,7,7,7,7,7,7,7,8,9,10,12,13,13,14,14,13,14,14,13,14,14,13,13,12,5,9,7,0,0",20,56,1363,"32,10",1473,"33,9,2932",0,63,6,85,2561,0,"4,32,3",1905,"18,9",815,2090,"19,9,362",4108,"4,32",2090,"19,9",362,1,35,17,0,,0,,0,0,0,3427808,65536,1024,0,0,552,",,,393216,524288,589824,655360,851968,851968,851968,786432,851968,851968,851968,786432,851968,851968,851968,786432,720896,655360,589824,458752,458752,458752,458752,458752,458752,458752,458752,458752,458752,327680,458752,458752,458752,458752,458752,458752,458752,458752,458752,524288,589824,655360,786432,851968,851968,917504,917504,851968,917504,917504,851968,917504,917504,851968,851968,786432,163840,589824,458752,,",597,0,0,0,0,0,0,0,14,"0,0,0,1,1,1,1,1,1,1,1,1,1,1,1,1,1,1,1,1,1,1,1,1,1,1,1,1,1,1,1,1,1,1,1,1,1,1,1,1,1,1,1,1,1,1,1,1,1,1,1,1,1,1,1,1,1,1,1,2,1,1,0,0",",,111463,110466,134340,155599,174721,214256,233592,244234,225990,244207,242983,245687,227111,245088,246478,248408,236530,212009,192004,179029,133612,137690,131664,132519,136049,130962,132543,136125,136506,133572,100111,122389,127967,121953,124651,123361,119968,124156,123933,120691,137250,164619,188478,224791,244707,241514,264795,268589,246082,262885,267745,244618,264743,266593,247979,243072,237102,197087,168074,125945,,",5,1,3081,0,38,5,1023.1441666666667,4,3600,1236411,3162352,3686400,655360,,true,,,
6,A,basic,straight,,,0.11.0,6610c8db,2048,65536,true,1,512,5,0,91,0,"0,0,5,5,5,5,5,5,5,5,5,5,5,5,5,5,5,5,5,5,5,5,5,5,5,5,5,5,5,5,5,5,5,7,7,7,7,7,7,7,7,7,7,7,7,7,7,7,7,7,7,7,7,7,7,7,7,7,7,2,7,5,0,0",18,54,460,"33,29",593,"33,29,3407",0,63,59,93,2299,0,"4,32,3",676,"47,29",206,779,"47,29,2578",5028,"4,32",1854,"6,32",40,1,12,9,0,,0,,102265,2122,3565429,0,65536,1024,0,0,259,",,327680,327680,327680,327680,327680,327680,327680,327680,327680,327680,327680,327680,327680,327680,327680,327680,327680,327680,327680,327680,327680,327680,327680,327680,327680,327680,327680,327680,327680,327680,327680,458752,458752,458752,458752,458752,458752,458752,458752,458752,458752,458752,458752,458752,458752,458752,458752,458752,458752,458752,458752,458752,458752,458752,458752,458752,458752,65536,458752,327680,,",351,0,0,0,0,0,0,0,6,"0,0,1,1,1,1,1,1,1,1,1,1,1,1,1,1,1,1,1,1,1,1,1,1,1,1,1,1,1,1,1,1,1,1,1,1,1,1,1,1,1,1,1,1,1,1,1,1,1,1,1,1,1,1,1,1,1,1,1,2,1,1,0,0",",,81945,68277,48775,55992,57172,58016,58875,59626,60331,60911,61532,62119,62649,63255,63776,64097,64386,64595,64851,65154,65408,65850,66881,66820,66976,66602,66331,66166,66095,66260,66404,101854,100529,108117,104053,110420,105612,112299,107363,110179,112976,115115,116386,117573,114384,117556,117801,116147,112144,112689,111850,106342,108208,106508,103163,103512,101316,195172,119457,91175,,",5,1,3229,0,2,5,1023.1030555555556,4,3600,1658305,3429587,3686400,327680,,false,,,
6,A,basic,distributed,,,0.11.0,b5feb755,2048,65536,true,1,512,5,0,84,0,"0,0,2,6,8,9,11,13,14,15,16,18,18,18,17,18,18,18,17,16,15,14,12,12,12,12,12,12,12,12,12,12,10,11,11,11,11,11,11,11,11,11,11,14,15,17,18,18,19,19,18,19,19,17,16,15,13,13,12,5,9,7,0,0",14,54,1003,"31,9",1038,"31,9,2230",0,63,6,88,2481,0,"4,32,3",1322,"20,9",423,1479,"19,9,3111",4108,"4,32",1479,"19,9",3111,1,221,16,0,,0,,0,0,1296510,2265789,65536,1024,0,0,456,",,131072,393216,524288,589824,720896,851968,917504,983040,1048576,1179648,589824,589824,557056,589824,589824,589824,557056,524288,491520,458752,393216,393216,393216,393216,393216,393216,393216,393216,393216,393216,327680,360448,360448,360448,360448,360448,360448,360448,360448,360448,360448,458752,491520,557056,589824,589824,622592,622592,589824,622592,1245184,1114112,1048576,983040,851968,851968,786432,163840,589824,458752,,",810,0,0,0,0,0,0,0,11,"0,0,1,1,1,1,1,1,1,1,1,1,2,2,2,2,2,2,2,2,2,2,2,2,2,2,2,2,2,2,2,2,2,2,2,2,2,2,2,2,2,2,2,2,2,2,2,2,2,2,2,2,1,1,1,1,1,1,1,2,1,1,0,0",",,108485,113153,128429,155668,179381,215019,237013,258210,279303,315053,333744,358296,384117,421278,442236,462184,498926,513590,525349,556712,635017,626873,629046,628546,625872,634564,633136,627942,631808,630877,654364,652710,654253,648841,658131,652968,658031,653883,659150,654650,659178,647797,588775,534782,519998,481190,458179,428367,395947,369755,356516,310744,295180,279326,239467,242023,220585,213878,164964,128412,,",5,1,3084,0,38,5,1023.1433333333333,4,3600,263369,3244194,3686400,720896,,true,,,
6,A,basic,detour,,,0.11.0,e5a574f1,2048,65536,true,1,512,5,0,83,0,"0,0,0,6,8,9,10,13,13,13,12,13,13,13,12,13,13,13,12,11,10,9,7,7,7,7,7,7,7,7,7,7,5,7,7,7,7,7,7,7,7,7,8,9,10,12,13,13,14,14,13,14,14,13,14,14,13,13,12,5,9,7,0,0",20,54,1363,"32,10",1473,"33,9,2932",0,63,6,85,2561,0,"4,32,3",1905,"18,9",815,2090,"19,9,362",4108,"4,32",2090,"19,9",362,1,35,17,0,,0,,0,0,0,3427808,65536,1024,0,0,552,",,,393216,524288,589824,655360,851968,851968,851968,786432,851968,851968,851968,786432,851968,851968,851968,786432,720896,655360,589824,458752,458752,458752,458752,458752,458752,458752,458752,458752,458752,327680,458752,458752,458752,458752,458752,458752,458752,458752,458752,524288,589824,655360,786432,851968,851968,917504,917504,851968,917504,917504,851968,917504,917504,851968,851968,786432,163840,589824,458752,,",597,0,0,0,0,0,0,0,14,"0,0,0,1,1,1,1,1,1,1,1,1,1,1,1,1,1,1,1,1,1,1,1,1,1,1,1,1,1,1,1,1,1,1,1,1,1,1,1,1,1,1,1,1,1,1,1,1,1,1,1,1,1,1,1,1,1,1,1,2,1,1,0,0",",,111463,110466,134340,155599,174721,214256,233592,244234,225990,244207,242983,245687,227111,245088,246478,248408,236530,212009,192004,179029,133612,137690,131664,132519,136049,130962,132543,136125,136506,133572,100111,122389,127967,121953,124651,123361,119968,124156,123933,120691,137250,164619,188478,224791,244707,241514,264795,268589,246082,262885,267745,244618,264743,266593,247979,243072,237102,197087,168074,125945,,",5,1,3081,0,38,5,1023.1441666666667,4,3600,1236411,3162352,3686400,655360,,true,,,
7,A,basic,straight,,,0.11.0,44365df5,2048,65536,true,1,512,9,0,89,0,"0,0,5,7,7,7,7,7,7,7,7,7,7,7,7,7,7,7,7,7,7,7,7,7,7,7,7,7,7,7,7,7,7,7,7,7,7,7,7,7,7,7,7,7,7,7,7,7,7,7,7,7,7,7,7,7,7,7,7,2,7,5,0,0",18,50,0,,0,,0,63,59,92,2304,0,"4,32,3",692,"44,29",250,729,"47,29,2432",5028,"4,32",1854,"6,32",40,1,12,11,0,,0,,102265,2122,3690522,0,65536,1024,0,0,264,",,327680,458752,458752,458752,458752,458752,458752,458752,458752,458752,458752,458752,458752,458752,458752,458752,458752,458752,458752,458752,458752,458752,458752,458752,458752,458752,458752,458752,458752,458752,458752,458752,458752,458752,458752,458752,458752,458752,458752,458752,458752,458752,458752,458752,458752,458752,458752,458752,458752,458752,458752,458752,458752,458752,458752,458752,458752,65536,458752,327680,,",411,0,0,0,0,0,0,0,7,"0,0,1,1,1,1,1,1,1,1,1,1,1,1,1,1,1,1,1,1,1,1,1,1,1,1,1,1,1,1,1,1,1,1,1,1,1,1,1,1,1,1,1,1,1,1,1,1,1,1,1,1,1,1,1,1,1,1,1,2,1,1,0,0",",,81945,83516,57675,63542,66711,66301,68918,67177,70365,68907,71544,69611,73329,72177,75468,73800,75542,76754,75414,80288,77922,82429,80296,82197,83741,81459,87323,83833,86194,89085,91694,92421,98193,101231,98721,107064,103459,110618,106830,110124,113602,110969,119509,114765,121100,115358,117521,117356,111065,112026,111347,105554,108349,105935,102853,101675,103728,194753,123545,91448,,",5,1,3229,0,2,5,1023.1030555555556,4,3600,1654961,3424492,3686400,458752,,false,,,
7,A,basic,distributed,,,0.11.0,b5feb755,2048,65536,true,1,512,9,0,84,0,"0,0,2,6,8,9,11,13,14,15,16,18,18,18,17,18,18,18,17,16,15,14,12,12,12,12,12,12,12,12,12,12,10,11,11,11,11,11,11,11,11,11,11,14,15,17,18,18,19,19,18,19,19,17,16,15,13,13,12,5,9,7,0,0",14,50,1003,"31,9",1038,"31,9,2230",0,63,6,88,2481,0,"4,32,3",1322,"20,9",423,1479,"19,9,3111",4108,"4,32",1479,"19,9",3111,1,221,16,0,,0,,0,0,1296510,2265789,65536,1024,0,0,456,",,131072,393216,524288,589824,720896,851968,917504,983040,1048576,1179648,589824,589824,557056,589824,589824,589824,557056,524288,491520,458752,393216,393216,393216,393216,393216,393216,393216,393216,393216,393216,327680,360448,360448,360448,360448,360448,360448,360448,360448,360448,360448,458752,491520,557056,589824,589824,622592,622592,589824,622592,1245184,1114112,1048576,983040,851968,851968,786432,163840,589824,458752,,",810,0,0,0,0,0,0,0,11,"0,0,1,1,1,1,1,1,1,1,1,1,2,2,2,2,2,2,2,2,2,2,2,2,2,2,2,2,2,2,2,2,2,2,2,2,2,2,2,2,2,2,2,2,2,2,2,2,2,2,2,2,1,1,1,1,1,1,1,2,1,1,0,0",",,108485,113153,128429,155668,179381,215019,237013,258210,279303,315053,333744,358296,384117,421278,442236,462184,498926,513590,525349,556712,635017,626873,629046,628546,625872,634564,633136,627942,631808,630877,654364,652710,654253,648841,658131,652968,658031,653883,659150,654650,659178,647797,588775,534782,519998,481190,458179,428367,395947,369755,356516,310744,295180,279326,239467,242023,220585,213878,164964,128412,,",5,1,3084,0,38,5,1023.1433333333333,4,3600,263369,3244194,3686400,720896,,true,,,
7,A,basic,detour,,,0.11.0,e5a574f1,2048,65536,true,1,512,9,0,83,0,"0,0,0,6,8,9,10,13,13,13,12,13,13,13,12,13,13,13,12,11,10,9,7,7,7,7,7,7,7,7,7,7,5,7,7,7,7,7,7,7,7,7,8,9,10,12,13,13,14,14,13,14,14,13,14,14,13,13,12,5,9,7,0,0",20,50,1363,"32,10",1473,"33,9,2932",0,63,6,85,2561,0,"4,32,3",1905,"18,9",815,2090,"19,9,362",4108,"4,32",2090,"19,9",362,1,35,17,0,,0,,0,0,0,3427808,65536,1024,0,0,552,",,,393216,524288,589824,655360,851968,851968,851968,786432,851968,851968,851968,786432,851968,851968,851968,786432,720896,655360,589824,458752,458752,458752,458752,458752,458752,458752,458752,458752,458752,327680,458752,458752,458752,458752,458752,458752,458752,458752,458752,524288,589824,655360,786432,851968,851968,917504,917504,851968,917504,917504,851968,917504,917504,851968,851968,786432,163840,589824,458752,,",597,0,0,0,0,0,0,0,14,"0,0,0,1,1,1,1,1,1,1,1,1,1,1,1,1,1,1,1,1,1,1,1,1,1,1,1,1,1,1,1,1,1,1,1,1,1,1,1,1,1,1,1,1,1,1,1,1,1,1,1,1,1,1,1,1,1,1,1,2,1,1,0,0",",,111463,110466,134340,155599,174721,214256,233592,244234,225990,244207,242983,245687,227111,245088,246478,248408,236530,212009,192004,179029,133612,137690,131664,132519,136049,130962,132543,136125,136506,133572,100111,122389,127967,121953,124651,123361,119968,124156,123933,120691,137250,164619,188478,224791,244707,241514,264795,268589,246082,262885,267745,244618,264743,266593,247979,243072,237102,197087,168074,125945,,",5,1,3081,0,38,5,1023.1441666666667,4,3600,1236411,3162352,3686400,655360,,true,,,
8,A,basic,straight,,,0.11.0,8108cbcd,2048,0,true,2,512,1,0,59,0,"0,0,1,4,8,9,9,9,9,9,9,9,9,9,9,9,9,9,9,9,9,9,9,9,9,9,9,9,9,9,9,9,1,1,1,1,1,1,1,1,1,1,1,1,1,1,1,1,1,1,1,1,1,1,1,1,1,1,1,0,0,0,0,0",515,58,51512,"31,31",51502,"31,31,3600",0,63,6,46,-1,65536,,15663,"31,28",2428,15714,"31,28,3568",51502,"31,31",51502,"31,31",3600,19,3600,41,0,,0,,487929582,274773,1787850,0,65536,1024,0,0,2145,",,65536,87381,262144,589824,589824,589824,589824,589824,589824,589824,589824,589824,589824,589824,589824,589824,589824,589824,589824,589824,589824,589824,589824,589824,589824,589824,589824,589824,589824,589824,65536,65536,65536,65536,65536,65536,65536,65536,65536,65536,65536,65536,65536,65536,65536,65536,65536,65536,65536,65536,65536,65536,65536,65536,65536,65536,65536,,,,,",450,0,0,0,0,0,0,0,53,"0,0,1,3,2,1,1,1,1,1,1,1,1,1,1,1,1,1,1,1,1,1,1,1,1,1,1,1,1,1,1,1,1,1,1,1,1,1,1,1,1,1,1,1,1,1,1,1,1,1,1,1,1,1,1,1,1,1,1,0,0,0,0,0",",93673,142926,178765,84253,153034,151003,163020,161066,167501,170439,176248,174961,179105,178349,180489,183818,182364,186469,184676,186840,176207,163843,159727,149859,146419,139337,138071,136262,134846,129976,131178,0,20617,26361,29884,32161,33952,38085,37555,41457,42324,45723,43680,47925,47151,50671,53289,53136,52362,54595,52139,52649,51645,51273,49372,50480,49806,48367,31625,54544,30943,,",5,1,18074,28,28,5,1272.5030555555556,4,3600,0,1730200,3686400,589824,,true,,,
8,A,basic,distributed,,,0.11.0,aa0ac4df,2048,0,true,2,512,1,0,68,0,"0,6,9,11,12,13,15,15,16,17,19,20,21,22,23,22,22,22,22,20,19,18,17,16,16,16,16,16,16,16,16,16,6,16,16,16,16,16,16,16,16,16,17,18,20,21,22,23,23,23,24,22,21,20,18,17,16,15,14,8,11,9,7,0",20,58,1352,"31,31",1871,"31,30,1176",0,63,6,83,2646,65536,,1558,"20,8",527,2060,"19,8,1111",5136,"4,32",2060,"19,8",1111,1,3478,32,0,,0,,823420,3594,1013549,2351407,65536,1024,0,0,639,",393216,589824,720896,786432,851968,983040,983040,1048576,1114112,1245184,1310720,1376256,1441792,753664,720896,720896,720896,720896,655360,622592,589824,557056,524288,524288,524288,524288,524288,524288,524288,524288,524288,196608,524288,524288,524288,524288,524288,524288,524288,524288,524288,557056,589824,655360,688128,720896,753664,753664,753664,1572864,1441792,1376256,1310720,1179648,1114112,1048576,983040,917504,262144,720896,589824,458752,",1044,0,0,0,0,0,0,0,16,"0,1,1,1,1,1,1,1,1,1,1,1,1,1,2,2,2,2,2,2,2,2,2,2,2,2,2,2,2,2,2,2,2,2,2,2,2,2,2,2,2,2,2,2,2,2,2,2,2,2,1,1,1,1,1,1,1,1,1,2,1,1,1,0",",112158,155918,174693,138839,165545,203916,223806,240788,265054,305937,330768,353271,383465,425213,449318,478392,510228,534873,557849,579325,614180,647796,665369,677155,677119,687621,689291,682461,694090,681252,684512,620006,597925,596135,601711,606477,610913,606883,620722,620321,627892,623754,611739,572796,548930,535782,507837,496308,472505,457374,420098,408432,380938,345554,328759,309102,282517,267263,273502,197068,170202,126946,",5,1,4103,0,39,5,1046.556111111111,4,3600,0,3071492,3686400,983040,,false,,,
8,A,basic,detour,,,0.11.0,abf0adc0,2048,0,true,2,512,1,0,66,0,"0,6,9,11,12,13,15,15,15,15,16,15,15,15,16,15,15,15,15,13,12,11,10,9,9,9,9,9,9,9,9,9,5,9,9,9,9,9,9,9,9,9,10,11,13,14,15,16,16,16,17,16,16,17,16,16,16,15,14,8,11,9,7,0",29,58,1624,"32,10",1923,"31,9,1635",0,63,6,80,2740,65536,,1990,"62,31",957,2985,"19,8,1902",5647,"4,32",2985,"19,8",1902,2,2898,34,0,,0,,1134662,7016,0,3347676,65536,1024,0,0,762,",393216,589824,720896,786432,851968,983040,983040,983040,983040,1048576,983040,983040,983040,1048576,983040,983040,983040,983040,851968,786432,720896,655360,589824,589824,589824,589824,589824,589824,589824,589824,589824,327680,589824,589824,589824,589824,589824,589824,589824,589824,589824,655360,720896,851968,917504,983040,1048576,1048576,1048576,1114112,1048576,1048576,1114112,1048576,1048576,1048576,983040,917504,262144,720896,589824,458752,",750,0,0,0,0,0,0,0,19,"0,1,1,1,1,1,1,1,1,1,1,1,1,1,1,1,1,1,1,1,1,1,1,1,1,1,1,1,1,1,1,1,1,1,1,1,1,1,1,1,1,1,1,1,1,1,1,1,1,1,1,1,1,1,1,1,1,1,1,2,1,1,1,0",",109200,166757,193015,153364,171814,218511,237164,246978,263924,295378,282814,276197,288414,311921,290202,290970,298115,292543,252250,227660,219843,199297,180065,170797,174024,173287,169544,170512,170968,171879,167936,103998,158315,158527,152975,157350,159008,158531,159337,157586,160211,180288,200345,245338,269845,278011,298965,301567,300377,323608,304732,309781,336335,315722,314120,316277,303648,271680,287478,205024,165208,127177,",5,1,4618,0,39,5,1059.4888888888888,4,3600,0,2977254,3686400,983040,,true,,,
9,A,basic,straight,,,0.11.0,6223e395,2048,0,true,2,512,3,0,92,0,"0,0,0,1,3,3,3,3,3,3,3,5,5,5,5,5,5,5,5,5,5,5,5,5,5,5,5,5,5,5,5,5,3,9,9,9,9,9,9,9,9,9,9,9,9,9,9,9,9,9,9,9,9,9,9,9,9,9,9,4,9,7,5,0",20,56,1347,"32,31",1348,"32,31,315",0,33,59,92,2310,65536,,325,"41,28",83,440,"45,28,1420",18989,"4,32",2072,"27,32",253,7,164,8,0,,0,,12386763,3598,3552689,0,65536,1024,0,0,270,",,,65536,196608,196608,196608,196608,196608,196608,196608,327680,327680,327680,327680,327680,327680,327680,327680,327680,327680,327680,327680,327680,327680,327680,327680,327680,327680,327680,327680,327680,196608,589824,589824,589824,589824,589824,589824,589824,589824,589824,589824,589824,589824,589824,589824,589824,589824,589824,589824,589824,589824,589824,589824,589824,589824,589824,589824,131072,589824,458752,327680,",406,0,0,0,0,0,0,0,7,"0,0,0,1,1,1,1,1,1,1,1,1,1,1,1,1,1,1,1,1,1,1,1,1,1,1,1,1,1,1,1,1,1,1,1,1,1,1,1,1,1,1,1,1,1,1,1,1,1,1,1,1,1,1,1,1,1,1,1,2,1,1,1,0",",,0,8091,21335,47007,47130,47447,47796,47918,48229,48572,48693,48998,49336,49456,49755,50088,50207,50500,50829,50947,51235,51559,52425,52049,51599,51148,50971,50907,51075,51573,48140,89147,94127,96468,101096,100402,105616,108393,108284,116676,113276,115965,116537,115450,119198,118138,120581,114317,116170,114107,112631,111499,107144,101857,101717,100261,95116,230309,176421,128735,92071,",5,1,17964,0,23,5,1271.1730555555555,4,3600,0,3418555,3686400,196608,,false,,,
9,A,basic,distributed,,,0.11.0,de224a55,2048,0,true,2,512,3,0,69,0,"0,6,9,11,12,13,15,15,16,17,19,20,21,22,23,22,22,22,22,20,19,18,17,16,16,16,16,16,16,16,16,16,8,16,16,16,16,16,16,16,16,16,17,18,20,21,22,23,23,23,24,22,21,20,18,17,16,15,14,8,11,9,7,0",20,56,1048,"32,10",1315,"31,8,1907",0,63,6,84,2619,65536,,1607,"62,30",497,2042,"19,8,1432",5122,"4,32",2042,"19,8",1432,1,1866,31,0,,0,,821662,3594,1094324,2311434,65536,1024,0,0,608,",393216,589824,720896,786432,851968,983040,983040,1048576,1114112,1245184,1310720,1376256,1441792,753664,720896,720896,720896,720896,655360,622592,589824,557056,524288,524288,524288,524288,524288,524288,524288,524288,524288,262144,524288,524288,524288,524288,524288,524288,524288,524288,524288,557056,589824,655360,688128,720896,753664,753664,753664,1572864,1441792,1376256,1310720,1179648,1114112,1048576,983040,917504,262144,720896,589824,458752,",1046,0,0,0,0,0,0,0,15,"0,1,1,1,1,1,1,1,1,1,1,1,1,1,2,2,2,2,2,2,2,2,2,2,2,2,2,2,2,2,2,2,2,2,2,2,2,2,2,2,2,2,2,2,2,2,2,2,2,2,1,1,1,1,1,1,1,1,1,2,1,1,1,0",",107303,148150,168131,139493,165502,204394,217252,242258,258756,301348,323851,348990,366758,412018,427421,452329,467346,491708,509310,528283,551856,576483,607137,600948,593883,601200,591248,609668,590952,596405,603397,611374,629898,624841,632752,632583,634282,631395,634069,634835,645075,632098,625934,580598,561898,546878,511453,488163,467317,451583,407761,394618,375559,335868,324504,302091,282131,260395,272646,203448,163921,130448,",5,1,4095,0,39,5,1046.2066666666667,4,3600,0,3103073,3686400,983040,,true,,,
9,A,basic,detour,,,0.11.0,abf0adc0,2048,0,true,2,512,3,0,66,0,"0,6,9,11,12,13,15,15,15,15,16,15,15,15,16,15,15,15,15,13,12,11,10,9,9,9,9,9,9,9,9,9,5,9,9,9,9,9,9,9,9,9,10,11,13,14,15,16,16,16,17,16,16,17,16,16,16,15,14,8,11,9,7,0",29,56,1624,"32,10",1923,"31,9,1635",0,63,6,80,2740,65536,,1990,"62,31",957,2985,"19,8,1902",5647,"4,32",2985,"19,8",1902,2,2898,34,0,,0,,1134662,7016,0,3347676,65536,1024,0,0,762,",393216,589824,720896,786432,851968,983040,983040,983040,983040,1048576,983040,983040,983040,1048576,983040,983040,983040,983040,851968,786432,720896,655360,589824,589824,589824,589824,589824,589824,589824,589824,589824,327680,589824,589824,589824,589824,589824,589824,589824,589824,589824,655360,720896,851968,917504,983040,1048576,1048576,1048576,1114112,1048576,1048576,1114112,1048576,1048576,1048576,983040,917504,262144,720896,589824,458752,",750,0,0,0,0,0,0,0,19,"0,1,1,1,1,1,1,1,1,1,1,1,1,1,1,1,1,1,1,1,1,1,1,1,1,1,1,1,1,1,1,1,1,1,1,1,1,1,1,1,1,1,1,1,1,1,1,1,1,1,1,1,1,1,1,1,1,1,1,2,1,1,1,0",",109200,166757,193015,153364,171814,218511,237164,246978,263924,295378,282814,276197,288414,311921,290202,290970,298115,292543,252250,227660,219843,199297,180065,170797,174024,173287,169544,170512,170968,171879,167936,103998,158315,158527,152975,157350,159008,158531,159337,157586,160211,180288,200345,245338,269845,278011,298965,301567,300377,323608,304732,309781,336335,315722,314120,316277,303648,271680,287478,205024,165208,127177,",5,1,4618,0,39,5,1059.4888888888888,4,3600,0,2977254,3686400,983040,,true,,,
10,A,basic,straight,,,0.11.0,a4d7ba07,2048,0,true,2,512,5,0,91,0,"0,0,0,1,3,3,3,3,3,3,3,5,5,5,5,5,5,5,5,5,5,5,5,5,5,5,5,5,5,5,5,5,5,9,9,9,9,9,9,9,9,9,9,9,9,9,9,9,9,9,9,9,9,9,9,9,9,9,9,4,9,7,5,0",20,54,205,"33,28",279,"33,29,1391",0,33,59,92,2313,65536,,370,"48,28",97,489,"44,28,3249",18989,"4,32",2072,"27,32",253,7,164,9,0,,0,,12386763,3598,3552788,0,65536,1024,0,0,272,",,,65536,196608,196608,196608,196608,196608,196608,196608,327680,327680,327680,327680,327680,327680,327680,327680,327680,327680,327680,327680,327680,327680,327680,327680,327680,327680,327680,327680,327680,327680,589824,589824,589824,589824,589824,589824,589824,589824,589824,589824,589824,589824,589824,589824,589824,589824,589824,589824,589824,589824,589824,589824,589824,589824,589824,589824,131072,589824,458752,327680,",408,0,0,0,0,0,0,0,7,"0,0,0,1,1,1,1,1,1,1,1,1,1,1,1,1,1,1,1,1,1,1,1,1,1,1,1,1,1,1,1,1,1,1,1,1,1,1,1,1,1,1,1,1,1,1,1,1,1,1,1,1,1,1,1,1,1,1,1,2,1,1,1,0",",,0,8091,21335,47007,47130,47447,47796,47918,48229,48572,48693,48998,49336,49456,49755,50088,50207,50500,50829,50947,51235,51559,52425,52049,51599,51148,50971,50907,51075,51346,51508,98933,101152,105701,105336,111127,110227,116156,115683,119674,115661,118909,121672,125149,119093,124009,125304,119956,121485,118902,113586,117017,108841,110370,102675,105443,98713,230873,167174,127887,90971,",5,1,17964,0,23,5,1271.1730555555555,4,3600,0,3415724,3686400,196608,,false,,,
10,A,basic,distributed,,,0.11.0,2421cc5d,2048,0,true,2,512,5,0,69,0,"0,6,9,11,12,13,15,15,16,17,19,20,21,22,23,22,22,22,22,20,19,18,17,16,16,16,16,16,16,16,16,16,10,16,16,16,16,16,16,16,16,16,17,18,20,21,22,23,23,23,24,22,21,20,18,17,16,15,14,8,11,9,7,0",20,54,1126,"32,10",1234,"31,8,2010",0,63,6,84,2621,65536,,1325,"58,36",492,2004,"20,8,1349",5124,"4,32",2004,"20,8",1349,1,2695,31,0,,0,,822002,3594,1190802,2311558,65536,1024,0,0,611,",393216,589824,720896,786432,851968,983040,983040,1048576,1114112,1245184,1310720,1376256,1441792,753664,720896,720896,720896,720896,655360,622592,589824,557056,524288,524288,524288,524288,524288,524288,524288,524288,524288,327680,524288,524288,524288,524288,524288,524288,524288,524288,524288,557056,589824,655360,688128,720896,753664,753664,753664,1572864,1441792,1376256,1310720,1179648,1114112,1048576,983040,917504,262144,720896,589824,458752,",1048,0,0,0,0,0,0,0,15,"0,1,1,1,1,1,1,1,1,1,1,1,1,1,2,2,2,2,2,2,2,2,2,2,2,2,2,2,2,2,2,2,2,2,2,2,2,2,2,2,2,2,2,2,2,2,2,2,2,2,1,1,1,1,1,1,1,1,1,2,1,1,1,0",",107775,154386,169179,138896,163802,203019,222461,238436,262492,301286,326331,349871,365909,414282,429507,447665,469440,495547,515563,525298,560366,576905,596929,612138,595140,596493,603964,609612,604300,591907,606174,633032,631410,629300,631028,628244,627784,634381,626018,641468,639319,632563,630623,581734,567008,545644,515903,496239,467826,454863,408695,391570,376002,338751,324135,302628,279720,263598,267988,200077,166578,124987,",5,1,4096,0,40,5,1046.2875,4,3600,0,3099989,3686400,983040,,true,,,
10,A,basic,detour,,,0.11.0,abf0adc0,2048,0,true,2,512,5,0,66,0,"0,6,9,11,12,13,15,15,15,15,16,15,15,15,16,15,15,15,15,13,12,11,10,9,9,9,9,9,9,9,9,9,5,9,9,9,9,9,9,9,9,9,10,11,13,14,15,16,16,16,17,16,16,17,16,16,16,15,14,8,11,9,7,0",29,54,1624,"32,10",1923,"31,9,1635",0,63,6,80,2740,65536,,1990,"62,31",957,2985,"19,8,1902",5647,"4,32",2985,"19,8",1902,2,2898,34,0,,0,,1134662,7016,0,3347676,65536,1024,0,0,762,",393216,589824,720896,786432,851968,983040,983040,983040,983040,1048576,983040,983040,983040,1048576,983040,983040,983040,983040,851968,786432,720896,655360,589824,589824,589824,589824,589824,589824,589824,589824,589824,327680,589824,589824,589824,589824,589824,589824,589824,589824,589824,655360,720896,851968,917504,983040,1048576,1048576,1048576,1114112,1048576,1048576,1114112,1048576,1048576,1048576,983040,917504,262144,720896,589824,458752,",750,0,0,0,0,0,0,0,19,"0,1,1,1,1,1,1,1,1,1,1,1,1,1,1,1,1,1,1,1,1,1,1,1,1,1,1,1,1,1,1,1,1,1,1,1,1,1,1,1,1,1,1,1,1,1,1,1,1,1,1,1,1,1,1,1,1,1,1,2,1,1,1,0",",109200,166757,193015,153364,171814,218511,237164,246978,263924,295378,282814,276197,288414,311921,290202,290970,298115,292543,252250,227660,219843,199297,180065,170797,174024,173287,169544,170512,170968,171879,167936,103998,158315,158527,152975,157350,159008,158531,159337,157586,160211,180288,200345,245338,269845,278011,298965,301567,300377,323608,304732,309781,336335,315722,314120,316277,303648,271680,287478,205024,165208,127177,",5,1,4618,0,39,5,1059.4888888888888,4,3600,0,2977254,3686400,983040,,true,,,
11,A,basic,straight,,,0.11.0,1e534081,2048,0,true,2,512,9,0,91,0,"0,0,0,1,3,3,3,5,7,9,8,9,9,9,9,9,9,9,9,9,9,9,9,9,9,9,9,9,9,9,9,9,9,9,9,9,9,9,9,9,9,9,9,9,9,9,9,9,9,9,9,9,9,9,9,9,9,9,9,4,9,7,5,0",20,50,150,"32,28",215,"32,28,2084",0,9,59,92,2318,65536,,336,"39,28",112,459,"45,28,2368",18990,"4,32",2076,"27,32",938,7,2511,9,0,,0,,12386748,3598,3656831,0,65536,1024,0,0,278,",,,65536,196608,196608,196608,109226,229376,589824,524288,589824,589824,589824,589824,589824,589824,589824,589824,589824,589824,589824,589824,589824,589824,589824,589824,589824,589824,589824,589824,589824,589824,589824,589824,589824,589824,589824,589824,589824,589824,589824,589824,589824,589824,589824,589824,589824,589824,589824,589824,589824,589824,589824,589824,589824,589824,589824,589824,131072,589824,458752,327680,",541,0,0,0,0,0,0,0,7,"0,0,0,1,1,1,1,3,2,1,1,1,1,1,1,1,1,1,1,1,1,1,1,1,1,1,1,1,1,1,1,1,1,1,1,1,1,1,1,1,1,1,1,1,1,1,1,1,1,1,1,1,1,1,1,1,1,1,1,2,1,1,1,0",",100352,141300,49292,24408,54514,55812,57156,58229,59908,59486,60547,62748,61667,64279,64094,66993,67447,68532,69344,70900,71982,73216,74444,76100,76052,76972,77152,78742,79981,82452,85102,88928,94205,98228,101102,104362,106939,106848,116474,111832,118755,117082,120739,116440,121826,119443,122853,120423,115162,120417,114135,113059,110191,109014,104642,105866,100287,96497,233920,171872,127844,87941,",5,1,17964,0,23,5,1271.1730555555555,4,3600,0,3409733,3686400,196608,,false,,,
11,A,basic,distributed,,,0.11.0,1d7dfe53,2048,0,true,2,512,9,0,69,0,"0,6,9,11,12,13,15,15,16,17,19,20,21,22,23,22,22,22,22,20,19,18,17,16,16,16,16,16,16,16,16,16,12,16,16,16,16,16,16,16,16,16,17,18,20,21,22,23,23,23,24,22,21,20,18,17,16,15,14,8,11,9,7,0",20,50,1152,"33,9",1250,"31,8,2484",0,63,6,84,2621,65536,,1561,"62,30",493,2041,"19,8,2099",5130,"4,32",2041,"19,8",2099,1,3108,31,0,,0,,822395,3594,1259401,2308547,65536,1024,0,0,609,",393216,589824,720896,786432,851968,983040,983040,1048576,1114112,1245184,1310720,1376256,1441792,753664,720896,720896,720896,720896,655360,622592,589824,557056,524288,524288,524288,524288,524288,524288,524288,524288,524288,393216,524288,524288,524288,524288,524288,524288,524288,524288,524288,557056,589824,655360,688128,720896,753664,753664,753664,1572864,1441792,1376256,1310720,1179648,1114112,1048576,983040,917504,262144,720896,589824,458752,",1050,0,0,0,0,0,0,0,15,"0,1,1,1,1,1,1,1,1,1,1,1,1,1,2,2,2,2,2,2,2,2,2,2,2,2,2,2,2,2,2,2,2,2,2,2,2,2,2,2,2,2,2,2,2,2,2,2,2,2,1,1,1,1,1,1,1,1,1,2,1,1,1,0",",108615,148886,167604,140287,166548,207422,220107,243052,259027,299628,325069,342952,371199,412609,433035,453042,471361,492320,509246,534864,553671,586893,602256,610191,609399,593494,610035,605133,607184,609834,603480,634233,620516,629756,627760,630070,633674,636809,627984,632762,633921,632082,617797,576374,559384,535247,510893,484776,467814,450509,414603,395094,381446,336861,322650,305005,275366,267787,274050,201542,163544,127173,",5,1,4100,0,39,5,1046.3927777777778,4,3600,0,3100758,3686400,983040,,true,,,
11,A,basic,detour,,,0.11.0,abf0adc0,2048,0,true,2,512,9,0,66,0,"0,6,9,11,12,13,15,15,15,15,16,15,15,15,16,15,15,15,15,13,12,11,10,9,9,9,9,9,9,9,9,9,5,9,9,9,9,9,9,9,9,9,10,11,13,14,15,16,16,16,17,16,16,17,16,16,16,15,14,8,11,9,7,0",29,50,1624,"32,10",1923,"31,9,1635",0,63,6,80,2740,65536,,1990,"62,31",957,2985,"19,8,1902",5647,"4,32",2985,"19,8",1902,2,2898,34,0,,0,,1134662,7016,0,3347676,65536,1024,0,0,762,",393216,589824,720896,786432,851968,983040,983040,983040,983040,1048576,983040,983040,983040,1048576,983040,983040,983040,983040,851968,786432,720896,655360,589824,589824,589824,589824,589824,589824,589824,589824,589824,327680,589824,589824,589824,589824,589824,589824,589824,589824,589824,655360,720896,851968,917504,983040,1048576,1048576,1048576,1114112,1048576,1048576,1114112,1048576,1048576,1048576,983040,917504,262144,720896,589824,458752,",750,0,0,0,0,0,0,0,19,"0,1,1,1,1,1,1,1,1,1,1,1,1,1,1,1,1,1,1,1,1,1,1,1,1,1,1,1,1,1,1,1,1,1,1,1,1,1,1,1,1,1,1,1,1,1,1,1,1,1,1,1,1,1,1,1,1,1,1,2,1,1,1,0",",109200,166757,193015,153364,171814,218511,237164,246978,263924,295378,282814,276197,288414,311921,290202,290970,298115,292543,252250,227660,219843,199297,180065,170797,174024,173287,169544,170512,170968,171879,167936,103998,158315,158527,152975,157350,159008,158531,159337,157586,160211,180288,200345,245338,269845,278011,298965,301567,300377,323608,304732,309781,336335,315722,314120,316277,303648,271680,287478,205024,165208,127177,",5,1,4618,0,39,5,1059.4888888888888,4,3600,0,2977254,3686400,983040,,true,,,
12,A,basic,straight,,,0.11.0,30389461,2048,65536,true,2,512,1,0,16,0,"0,5,7,9,9,9,9,9,9,9,9,9,9,9,9,9,9,9,9,9,9,9,9,9,9,9,9,9,9,9,9,9,1,2,2,2,2,3,3,3,3,3,3,3,3,3,4,4,4,4,4,4,4,4,4,4,4,4,4,0,0,0,0,0",170,58,3229,"31,35",3897,"31,29,3480",0,63,6,44,-1,0,"4,32,3",14802,"1,31",3628,15803,"1,32,3600",18224,"4,32",17082,"2,32",3599,6,3597,84,0,,0,,92074778,289607,1702580,0,65536,1024,0,0,2374,",327680,458752,589824,589824,589824,589824,589824,589824,589824,589824,589824,589824,589824,589824,589824,589824,589824,589824,589824,589824,589824,589824,589824,589824,589824,589824,589824,589824,589824,589824,589824,65536,131072,131072,131072,131072,196608,196608,196608,196608,196608,196608,196608,196608,196608,262144,262144,262144,262144,262144,262144,262144,262144,262144,262144,262144,262144,262144,,,,,",488,0,0,0,0,0,0,0,55,"0,1,1,1,1,1,1,1,1,1,1,1,1,1,1,1,1,1,1,1,1,1,1,1,1,1,1,1,1,1,1,1,1,1,1,1,1,1,1,1,1,1,1,1,1,1,1,1,1,1,1,1,1,1,1,1,1,1,1,0,0,0,0,0",",89641,126617,161480,164273,161918,163832,161762,164273,161948,165234,162880,167032,164456,168942,165396,169560,165180,169667,165074,169956,165032,170371,165280,169872,165354,167779,166471,172356,167245,172046,171077,0,51391,57484,58573,62036,67192,67423,72293,73226,73184,79118,76714,78424,83470,81605,84773,83647,80372,85476,79031,79695,78993,76941,75366,77858,76096,73941,195397,165490,122299,91426,",5,1,17203,0,2,5,1152.026388888889,1,3600,3420954,1637122,3686400,589824,,true,,,
12,A,basic,distributed,,,0.11.0,03841a95,2048,65536,true,2,512,1,0,66,0,"0,6,9,11,12,13,15,15,16,17,19,20,21,22,23,22,22,22,22,20,19,18,17,16,16,16,16,16,16,16,16,16,6,16,16,16,16,16,16,16,16,16,17,18,20,21,22,23,23,23,24,22,21,20,18,17,16,15,14,8,11,9,7,0",23,58,1568,"31,33",2315,"31,30,1249",0,63,6,83,2637,0,"4,32,3",1532,"30,29",529,2092,"30,29,2165",4132,"4,32",2315,"31,30",1249,1,2346,34,0,,0,,15383,1720,1259013,2101910,65536,1024,0,0,633,",393216,589824,720896,786432,851968,983040,983040,1048576,1114112,1245184,1310720,1376256,1441792,753664,720896,720896,720896,720896,655360,622592,589824,557056,524288,524288,524288,524288,524288,524288,524288,524288,524288,196608,524288,524288,524288,524288,524288,524288,524288,524288,524288,557056,589824,655360,688128,720896,753664,753664,753664,1572864,1441792,1376256,1310720,1179648,1114112,1048576,983040,917504,262144,720896,589824,458752,",1044,0,0,0,0,0,0,0,16,"0,1,1,1,1,1,1,1,1,1,1,1,1,1,2,2,2,2,2,2,2,2,2,2,2,2,2,2,2,2,2,2,2,2,2,2,2,2,2,2,2,2,2,2,2,2,2,2,2,2,1,1,1,1,1,1,1,1,1,2,1,1,1,0",",114262,158775,181744,161644,188251,234444,251268,275927,301969,341831,365401,388102,411174,455543,489980,521604,547024,585921,602528,637541,650012,678348,689959,687994,683759,683417,668801,684108,666730,668445,641462,647012,661442,661528,660093,667138,665105,670615,671068,675509,671953,668896,652345,609214,587087,564992,537380,509288,494495,468928,435067,413348,388624,349537,326013,307356,274281,260186,282263,201905,168981,127584,",5,1,3098,0,29,5,1023.1394444444444,4,3600,776737,3084147,3686400,983040,,false,,,
12,A,basic,detour,,,0.11.0,2a702c33,2048,65536,true,2,512,1,0,67,0,"0,6,9,11,12,13,15,15,15,15,16,15,15,15,16,15,15,15,15,13,12,11,10,9,9,9,9,9,9,9,9,9,5,9,9,9,9,9,9,9,9,9,10,11,13,14,15,16,16,16,17,16,16,17,16,16,16,15,14,8,11,9,7,0",24,58,1289,"31,8",1515,"31,9,2853",0,63,6,81,2711,0,"4,32,3",2000,"20,8",893,2368,"19,8,2587",4180,"4,32",2413,"20,9",3501,1,1718,33,0,,0,,48726,1737,0,3351339,65536,1024,0,0,726,",393216,589824,720896,786432,851968,983040,983040,983040,983040,1048576,983040,983040,983040,1048576,983040,983040,983040,983040,851968,786432,720896,655360,589824,589824,589824,589824,589824,589824,589824,589824,589824,327680,589824,589824,589824,589824,589824,589824,589824,589824,589824,655360,720896,851968,917504,983040,1048576,1048576,1048576,1114112,1048576,1048576,1114112,1048576,1048576,1048576,983040,917504,262144,720896,589824,458752,",750,0,0,0,0,0,0,0,18,"0,1,1,1,1,1,1,1,1,1,1,1,1,1,1,1,1,1,1,1,1,1,1,1,1,1,1,1,1,1,1,1,1,1,1,1,1,1,1,1,1,1,1,1,1,1,1,1,1,1,1,1,1,1,1,1,1,1,1,2,1,1,1,0",",108617,160073,197349,171879,203590,244424,260184,272231,280520,300367,287470,284082,283298,310547,289355,289144,286081,294710,252201,232519,213521,201004,180792,172568,176940,174722,178570,168685,168418,171204,176129,101550,167280,162158,164295,168972,159226,166336,164800,165985,164307,184109,209388,252185,272073,281451,306995,303910,303683,320103,307973,303391,329552,306653,311789,306259,291098,269285,278417,201906,165558,130525,",5,1,3133,0,39,5,1023.1297222222222,4,3600,1808336,3012787,3686400,983040,,true,,,
13,A,basic,straight,,,0.11.0,b2a16eea,2048,65536,true,2,512,3,0,83,0,"0,5,7,9,9,9,9,9,9,9,9,9,9,9,9,9,9,9,9,9,9,9,9,9,9,9,9,9,9,9,9,9,3,9,9,9,9,9,9,9,9,9,9,9,9,9,9,9,9,9,9,9,9,9,9,9,9,9,9,4,9,7,5,0",18,56,1548,"32,31",1551,"32,31,1967",0,63,37,91,2339,0,"4,32,3",641,"43,28",251,838,"45,28,3297",5028,"4,32",1854,"6,32",165,1,12,17,0,,0,,96562,2021,3544512,0,65536,1024,0,0,298,",327680,458752,589824,589824,589824,589824,589824,589824,589824,589824,589824,589824,589824,589824,589824,589824,589824,589824,589824,589824,589824,589824,589824,589824,589824,589824,589824,589824,589824,589824,589824,196608,589824,589824,589824,589824,589824,589824,589824,589824,589824,589824,589824,589824,589824,589824,589824,589824,589824,589824,589824,589824,589824,589824,589824,589824,589824,589824,131072,589824,458752,327680,",535,0,0,0,0,0,0,0,8,"0,1,1,1,1,1,1,1,1,1,1,1,1,1,1,1,1,1,1,1,1,1,1,1,1,1,1,1,1,1,1,1,1,1,1,1,1,1,1,1,1,1,1,1,1,1,1,1,1,1,1,1,1,1,1,1,1,1,1,2,1,1,1,0",",88580,118215,127980,85580,95498,93929,95162,98376,96686,99740,98146,101355,99128,99191,104985,101879,105155,106845,102110,105613,106305,106491,105312,107434,105480,107695,106222,107118,108869,108589,105375,53481,119939,126150,129079,130020,133140,139776,133989,141756,142323,143279,143621,144846,140238,150842,143166,148270,146891,142341,144873,140914,135034,131667,131777,127120,126791,119274,234310,172310,127636,87689,",5,1,3192,0,2,5,1023.1133333333333,4,3600,1794650,3388344,3686400,589824,,false,,,
13,A,basic,distributed,,,0.11.0,9b48b4e7,2048,65536,true,2,512,3,0,70,0,"0,6,9,11,12,13,15,15,16,17,19,20,21,22,23,22,22,22,22,20,19,18,17,16,16,16,16,16,16,16,16,16,8,16,16,16,16,16,16,16,16,16,17,18,20,21,22,23,23,23,24,22,21,20,18,17,16,15,14,8,11,9,7,0",15,56,870,"32,10",1018,"31,9,839",0,63,6,85,2584,0,"4,32,3",1170,"19,8",462,1578,"19,8,1295",4126,"4,32",1578,"19,8",1295,1,420,30,0,,0,,12351,1718,1380817,2040730,65536,1024,0,0,569,",393216,589824,720896,786432,851968,983040,983040,1048576,1114112,1245184,1310720,1376256,1441792,753664,720896,720896,720896,720896,655360,622592,589824,557056,524288,524288,524288,524288,524288,524288,524288,524288,524288,262144,524288,524288,524288,524288,524288,524288,524288,524288,524288,557056,589824,655360,688128,720896,753664,753664,753664,1572864,1441792,1376256,1310720,1179648,1114112,1048576,983040,917504,262144,720896,589824,458752,",1046,0,0,0,0,0,0,0,14,"0,1,1,1,1,1,1,1,1,1,1,1,1,1,2,2,2,2,2,2,2,2,2,2,2,2,2,2,2,2,2,2,2,2,2,2,2,2,2,2,2,2,2,2,2,2,2,2,2,2,1,1,1,1,1,1,1,1,1,2,1,1,1,0",",105542,159974,174886,155418,184375,226017,241561,265967,282987,327206,347906,368907,387315,434615,464284,481249,509679,532716,554143,572395,599843,621827,641753,638050,640864,640872,635175,640190,637576,635576,636422,651376,684684,688398,685642,691007,685028,689669,686472,691277,684518,682361,666326,620661,596646,582633,541871,518440,490485,467827,420656,408936,386585,345857,330568,308269,275707,265242,276486,206565,162032,132345,",5,1,3094,0,39,5,1023.1405555555556,4,3600,241067,3136680,3686400,983040,,true,,,
13,A,basic,detour,,,0.11.0,2a702c33,2048,65536,true,2,512,3,0,67,0,"0,6,9,11,12,13,15,15,15,15,16,15,15,15,16,15,15,15,15,13,12,11,10,9,9,9,9,9,9,9,9,9,5,9,9,9,9,9,9,9,9,9,10,11,13,14,15,16,16,16,17,16,16,17,16,16,16,15,14,8,11,9,7,0",24,56,1289,"31,8",1515,"31,9,2853",0,63,6,81,2711,0,"4,32,3",2000,"20,8",893,2368,"19,8,2587",4180,"4,32",2413,"20,9",3501,1,1718,33,0,,0,,48726,1737,0,3351339,65536,1024,0,0,726,",393216,589824,720896,786432,851968,983040,983040,983040,983040,1048576,983040,983040,983040,1048576,983040,983040,983040,983040,851968,786432,720896,655360,589824,589824,589824,589824,589824,589824,589824,589824,589824,327680,589824,589824,589824,589824,589824,589824,589824,589824,589824,655360,720896,851968,917504,983040,1048576,1048576,1048576,1114112,1048576,1048576,1114112,1048576,1048576,1048576,983040,917504,262144,720896,589824,458752,",750,0,0,0,0,0,0,0,18,"0,1,1,1,1,1,1,1,1,1,1,1,1,1,1,1,1,1,1,1,1,1,1,1,1,1,1,1,1,1,1,1,1,1,1,1,1,1,1,1,1,1,1,1,1,1,1,1,1,1,1,1,1,1,1,1,1,1,1,2,1,1,1,0",",108617,160073,197349,171879,203590,244424,260184,272231,280520,300367,287470,284082,283298,310547,289355,289144,286081,294710,252201,232519,213521,201004,180792,172568,176940,174722,178570,168685,168418,171204,176129,101550,167280,162158,164295,168972,159226,166336,164800,165985,164307,184109,209388,252185,272073,281451,306995,303910,303683,320103,307973,303391,329552,306653,311789,306259,291098,269285,278417,201906,165558,130525,",5,1,3133,0,39,5,1023.1297222222222,4,3600,1808336,3012787,3686400,983040,,true,,,
14,A,basic,straight,,,0.11.0,793fb1be,2048,65536,true,2,512,5,0,82,0,"0,5,7,9,9,9,9,9,9,9,9,9,9,9,9,9,9,9,9,9,9,9,9,9,9,9,9,9,9,9,9,9,5,9,9,9,9,9,9,9,9,9,9,9,9,9,9,9,9,9,9,9,9,9,9,9,9,9,9,4,9,7,5,0",18,54,546,"33,28",709,"33,29,2704",0,63,33,91,2338,0,"4,32,3",753,"41,28",261,973,"42,28,3289",5028,"4,32",1854,"6,32",165,1,12,18,0,,0,,95371,1988,3550733,0,65536,1024,0,0,297,",327680,458752,589824,589824,589824,589824,589824,589824,589824,589824,589824,589824,589824,589824,589824,589824,589824,589824,589824,589824,589824,589824,589824,589824,589824,589824,589824,589824,589824,589824,589824,327680,589824,589824,589824,589824,589824,589824,589824,589824,589824,589824,589824,589824,589824,589824,589824,589824,589824,589824,589824,589824,589824,589824,589824,589824,589824,589824,131072,589824,458752,327680,",537,0,0,0,0,0,0,0,8,"0,1,1,1,1,1,1,1,1,1,1,1,1,1,1,1,1,1,1,1,1,1,1,1,1,1,1,1,1,1,1,1,1,1,1,1,1,1,1,1,1,1,1,1,1,1,1,1,1,1,1,1,1,1,1,1,1,1,1,2,1,1,1,0",",85602,116796,128886,80763,90999,91393,93803,92234,94843,92950,96032,92168,92258,96621,94534,96936,94745,97199,94896,97308,95228,97597,95422,97912,95399,97284,95170,97087,94997,97498,93829,66387,134556,138656,140137,146295,143466,144704,146822,146559,152187,150300,152724,147668,150045,151477,151714,149911,144826,151056,148849,143434,141007,142777,136026,132797,129458,128364,231052,171618,127751,89230,",5,1,3174,0,2,5,1023.1183333333333,4,3600,1657645,3388097,3686400,589824,,false,,,
14,A,basic,distributed,,,0.11.0,ddf70270,2048,65536,true,2,512,5,0,69,0,"0,6,9,11,12,13,15,15,16,17,19,20,21,22,23,22,22,22,22,20,19,18,17,16,16,16,16,16,16,16,16,16,10,16,16,16,16,16,16,16,16,16,17,18,20,21,22,23,23,23,24,22,21,20,18,17,16,15,14,8,11,9,7,0",15,54,887,"31,9",980,"31,9,1803",0,63,6,84,2595,0,"4,32,3",1099,"41,8",471,1566,"19,8,3277",4130,"4,32",1566,"19,8",3277,1,2536,31,0,,0,,12566,1718,1519335,2042669,65536,1024,0,0,578,",393216,589824,720896,786432,851968,983040,983040,1048576,1114112,1245184,1310720,1376256,1441792,753664,720896,720896,720896,720896,655360,622592,589824,557056,524288,524288,524288,524288,524288,524288,524288,524288,524288,327680,524288,524288,524288,524288,524288,524288,524288,524288,524288,557056,589824,655360,688128,720896,753664,753664,753664,1572864,1441792,1376256,1310720,1179648,1114112,1048576,983040,917504,262144,720896,589824,458752,",1048,0,0,0,0,0,0,0,15,"0,1,1,1,1,1,1,1,1,1,1,1,1,1,2,2,2,2,2,2,2,2,2,2,2,2,2,2,2,2,2,2,2,2,2,2,2,2,2,2,2,2,2,2,2,2,2,2,2,2,1,1,1,1,1,1,1,1,1,2,1,1,1,0",",108967,157055,176048,152464,185411,229793,246532,266771,289423,331767,358030,369717,397509,443617,468710,493130,522105,541196,572466,582110,614935,635300,661602,659594,660444,661407,663747,669330,657041,662959,663549,663405,684178,688184,683981,691477,686686,687058,686684,689859,694329,678943,662834,630023,597954,587338,543043,517909,495156,475138,425024,408062,388999,342974,327733,309115,272049,263089,267207,201715,169047,130157,",5,1,3092,0,39,5,1023.1411111111111,4,3600,242952,3127829,3686400,983040,,true,,,
14,A,basic,detour,,,0.11.0,2a702c33,2048,65536,true,2,512,5,0,67,0,"0,6,9,11,12,13,15,15,15,15,16,15,15,15,16,15,15,15,15,13,12,11,10,9,9,9,9,9,9,9,9,9,5,9,9,9,9,9,9,9,9,9,10,11,13,14,15,16,16,16,17,16,16,17,16,16,16,15,14,8,11,9,7,0",24,54,1289,"31,8",1515,"31,9,2853",0,63,6,81,2711,0,"4,32,3",2000,"20,8",893,2368,"19,8,2587",4180,"4,32",2413,"20,9",3501,1,1718,33,0,,0,,48726,1737,0,3351339,65536,1024,0,0,726,",393216,589824,720896,786432,851968,983040,983040,983040,983040,1048576,983040,983040,983040,1048576,983040,983040,983040,983040,851968,786432,720896,655360,589824,589824,589824,589824,589824,589824,589824,589824,589824,327680,589824,589824,589824,589824,589824,589824,589824,589824,589824,655360,720896,851968,917504,983040,1048576,1048576,1048576,1114112,1048576,1048576,1114112,1048576,1048576,1048576,983040,917504,262144,720896,589824,458752,",750,0,0,0,0,0,0,0,18,"0,1,1,1,1,1,1,1,1,1,1,1,1,1,1,1,1,1,1,1,1,1,1,1,1,1,1,1,1,1,1,1,1,1,1,1,1,1,1,1,1,1,1,1,1,1,1,1,1,1,1,1,1,1,1,1,1,1,1,2,1,1,1,0",",108617,160073,197349,171879,203590,244424,260184,272231,280520,300367,287470,284082,283298,310547,289355,289144,286081,294710,252201,232519,213521,201004,180792,172568,176940,174722,178570,168685,168418,171204,176129,101550,167280,162158,164295,168972,159226,166336,164800,165985,164307,184109,209388,252185,272073,281451,306995,303910,303683,320103,307973,303391,329552,306653,311789,306259,291098,269285,278417,201906,165558,130525,",5,1,3133,0,39,5,1023.1297222222222,4,3600,1808336,3012787,3686400,983040,,true,,,
15,A,basic,straight,,,0.11.0,2eecc168,2048,65536,true,2,512,9,0,80,0,"0,5,7,9,9,9,9,9,9,9,9,9,9,9,9,9,9,9,9,9,9,9,9,9,9,9,9,9,9,9,9,9,9,9,9,9,9,9,9,9,9,9,9,9,9,9,9,9,9,9,9,9,9,9,9,9,9,9,9,4,9,7,5,0",18,50,354,"32,36",621,"32,28,1180",0,63,33,91,2353,0,"4,32,3",784,"44,28",299,928,"44,28,2667",5028,"4,32",1854,"6,32",165,1,12,20,0,,0,,96209,2017,3904340,0,65536,1024,0,0,312,",327680,458752,589824,589824,589824,589824,589824,589824,589824,589824,589824,589824,589824,589824,589824,589824,589824,589824,589824,589824,589824,589824,589824,589824,589824,589824,589824,589824,589824,589824,589824,589824,589824,589824,589824,589824,589824,589824,589824,589824,589824,589824,589824,589824,589824,589824,589824,589824,589824,589824,589824,589824,589824,589824,589824,589824,589824,589824,131072,589824,458752,327680,",541,0,0,0,0,0,0,0,8,"0,1,1,1,1,1,1,1,1,1,1,1,1,1,1,1,1,1,1,1,1,1,1,1,1,1,1,1,1,1,1,1,1,1,1,1,1,1,1,1,1,1,1,1,1,1,1,1,1,1,1,1,1,1,1,1,1,1,1,2,1,1,1,0",",88837,121464,133365,86291,98708,98388,100015,100774,100810,101184,104256,107029,104619,105790,110394,106550,106765,111696,109577,110920,120461,113077,118784,117107,118108,121248,119949,124272,121416,125892,130147,127254,132640,140804,138782,134688,145391,143966,140700,147277,144971,146505,145577,155760,145241,153144,144683,149276,148894,148602,142427,146669,137683,134008,138672,132689,126914,124357,236311,171688,127434,91594,",5,1,3206,0,2,5,1023.1094444444444,4,3600,1737256,3373965,3686400,589824,,false,,,
15,A,basic,distributed,,,0.11.0,aea5506b,2048,65536,true,2,512,9,0,69,0,"0,6,9,11,12,13,15,15,16,17,19,20,21,22,23,22,22,22,22,20,19,18,17,16,16,16,16,16,16,16,16,16,12,16,16,16,16,16,16,16,16,16,17,18,20,21,22,23,23,23,24,22,21,20,18,17,16,15,14,8,11,9,7,0",15,50,866,"32,10",998,"31,9,3519",0,63,6,84,2596,0,"4,32,3",1366,"19,8",481,1570,"19,8,1448",4129,"4,32",1570,"19,8",1448,1,2032,31,0,,0,,13420,1718,1619150,2043229,65536,1024,0,0,580,",393216,589824,720896,786432,851968,983040,983040,1048576,1114112,1245184,1310720,1376256,1441792,753664,720896,720896,720896,720896,655360,622592,589824,557056,524288,524288,524288,524288,524288,524288,524288,524288,524288,393216,524288,524288,524288,524288,524288,524288,524288,524288,524288,557056,589824,655360,688128,720896,753664,753664,753664,1572864,1441792,1376256,1310720,1179648,1114112,1048576,983040,917504,262144,720896,589824,458752,",1050,0,0,0,0,0,0,0,15,"0,1,1,1,1,1,1,1,1,1,1,1,1,1,2,2,2,2,2,2,2,2,2,2,2,2,2,2,2,2,2,2,2,2,2,2,2,2,2,2,2,2,2,2,2,2,2,2,2,2,1,1,1,1,1,1,1,1,1,2,1,1,1,0",",108968,155744,177944,159325,181477,232605,246218,268552,292726,336080,354727,379476,399046,445007,476732,497302,521790,546662,573948,595704,611398,656610,662866,669149,666952,670737,666043,664439,669209,664796,668762,664491,688794,683853,687213,686471,682587,688298,690473,688126,681363,684773,667202,623740,594318,580825,546990,516400,492728,473645,424868,412119,391801,342525,333327,305384,274288,257806,284269,207236,162806,129152,",5,1,3094,0,39,5,1023.1405555555556,4,3600,241719,3125227,3686400,983040,,true,,,
15,A,basic,detour,,,0.11.0,2a702c33,2048,65536,true,2,512,9,0,67,0,"0,6,9,11,12,13,15,15,15,15,16,15,15,15,16,15,15,15,15,13,12,11,10,9,9,9,9,9,9,9,9,9,5,9,9,9,9,9,9,9,9,9,10,11,13,14,15,16,16,16,17,16,16,17,16,16,16,15,14,8,11,9,7,0",24,50,1289,"31,8",1515,"31,9,2853",0,63,6,81,2711,0,"4,32,3",2000,"20,8",893,2368,"19,8,2587",4180,"4,32",2413,"20,9",3501,1,1718,33,0,,0,,48726,1737,0,3351339,65536,1024,0,0,726,",393216,589824,720896,786432,851968,983040,983040,983040,983040,1048576,983040,983040,983040,1048576,983040,983040,983040,983040,851968,786432,720896,655360,589824,589824,589824,589824,589824,589824,589824,589824,589824,327680,589824,589824,589824,589824,589824,589824,589824,589824,589824,655360,720896,851968,917504,983040,1048576,1048576,1048576,1114112,1048576,1048576,1114112,1048576,1048576,1048576,983040,917504,262144,720896,589824,458752,",750,0,0,0,0,0,0,0,18,"0,1,1,1,1,1,1,1,1,1,1,1,1,1,1,1,1,1,1,1,1,1,1,1,1,1,1,1,1,1,1,1,1,1,1,1,1,1,1,1,1,1,1,1,1,1,1,1,1,1,1,1,1,1,1,1,1,1,1,2,1,1,1,0",",108617,160073,197349,171879,203590,244424,260184,272231,280520,300367,287470,284082,283298,310547,289355,289144,286081,294710,252201,232519,213521,201004,180792,172568,176940,174722,178570,168685,168418,171204,176129,101550,167280,162158,164295,168972,159226,166336,164800,165985,164307,184109,209388,252185,272073,281451,306995,303910,303683,320103,307973,303391,329552,306653,311789,306259,291098,269285,278417,201906,165558,130525,",5,1,3133,0,39,5,1023.1297222222222,4,3600,1808336,3012787,3686400,983040,,true,,,
16,A,basic,straight,,,0.11.0,970b6a2c,2048,0,true,3,512,1,0,52,0,"1,0,2,6,11,11,11,11,11,11,11,11,11,11,11,11,11,11,11,11,11,11,11,11,11,11,11,11,11,11,11,11,1,1,1,1,1,1,1,1,1,1,1,1,1,1,1,1,1,1,1,1,1,1,1,1,1,1,1,0,0,0,0,0",475,58,47520,"31,31",47507,"31,31,3600",0,63,6,46,-1,65536,,13339,"30,27",1921,13790,"31,27,3600",47507,"31,31",47507,"31,31",3600,18,3600,48,543,"0,31",599,"0,31,3522",405033682,261988,1787850,0,65536,1024,0,0,2147,"65536,,65536,131072,720896,720896,720896,720896,720896,720896,720896,720896,720896,720896,720896,720896,720896,720896,720896,720896,720896,720896,720896,720896,720896,720896,720896,720896,720896,720896,720896,720896,65536,65536,65536,65536,65536,65536,65536,65536,65536,65536,65536,65536,65536,65536,65536,65536,65536,65536,65536,65536,65536,65536,65536,65536,65536,65536,65536,,,,,",547,0,0,0,0,0,0,0,53,"1,0,2,3,1,1,1,1,1,1,1,1,1,1,1,1,1,1,1,1,1,1,1,1,1,1,1,1,1,1,1,1,1,1,1,1,1,1,1,1,1,1,1,1,1,1,1,1,1,1,1,1,1,1,1,1,1,1,1,0,0,0,0,0","88975,137081,182619,211310,107959,184765,189012,188149,197510,195617,206146,204680,211848,208140,216800,216518,216561,212673,220628,221767,222970,221916,211673,200523,189401,178333,172530,168155,167813,165320,161707,161531,0,29265,35049,39014,40905,43004,45288,47082,48384,50880,52373,53981,55788,57692,59143,60462,62109,59560,62653,60474,60366,58412,57812,57560,56493,56567,55492,51515,73469,45307,0,",5,1,18112,28,28,5,1273.028611111111,4,3600,0,1729724,3686400,720896,,true,,,
16,A,basic,distributed,,,0.11.0,b3bb5017,2048,0,true,3,512,1,0,58,0,"6,9,11,13,14,16,17,17,18,20,21,22,23,25,26,27,26,26,26,25,23,22,21,20,20,20,20,20,20,20,20,20,6,20,20,20,20,20,20,20,20,20,21,23,24,25,27,27,27,27,26,25,23,22,21,19,18,18,16,10,14,11,9,7",20,58,1311,"31,31",1874,"31,29,3489",0,63,6,79,2771,65536,,1413,"63,30",553,1875,"19,7,2421",5209,"4,32",2075,"19,8",3055,1,3411,42,1413,"63,30",1766,"63,29,2964",851350,3594,1009762,2285216,65536,1024,0,0,782,"393216,589824,720896,851968,917504,1048576,1114112,1114112,1179648,1310720,1376256,1441792,1507328,1638400,1703936,1769472,851968,851968,851968,819200,753664,720896,688128,655360,655360,655360,655360,655360,655360,655360,655360,655360,196608,655360,655360,655360,655360,655360,655360,655360,655360,655360,688128,753664,786432,819200,884736,884736,884736,1769472,1703936,1638400,1507328,1441792,1376256,1245184,1179648,1179648,1048576,327680,917504,720896,589824,458752",1260,0,0,0,0,0,0,0,20,"1,1,1,1,1,1,1,1,1,1,1,1,1,1,1,1,2,2,2,2,2,2,2,2,2,2,2,2,2,2,2,2,2,2,2,2,2,2,2,2,2,2,2,2,2,2,2,2,2,1,1,1,1,1,1,1,1,1,1,2,1,1,1,1","110581,163969,190290,227394,171266,219001,235540,254650,276866,312997,336387,366885,394631,429947,457172,476595,511389,543603,576288,589148,623767,650805,666998,690630,692085,690384,691150,695363,700452,695675,696113,685198,615579,616140,608304,622158,624187,620725,642564,640546,645363,658020,652405,629726,608693,597352,584557,563026,546797,523723,495467,487042,447985,425120,408807,371260,347783,339052,299905,329256,261969,206436,167162,127562",5,1,4181,0,39,5,1053.6069444444445,4,3600,0,2939749,3686400,1114112,,false,,,
16,A,basic,detour,,,0.11.0,25b92999,2048,0,true,3,512,1,0,56,0,"6,9,11,13,14,16,17,17,17,18,18,18,17,18,18,18,17,17,17,16,14,13,12,11,11,11,11,11,11,11,11,11,5,11,11,11,11,11,11,11,11,11,12,14,15,16,18,18,18,19,19,19,19,19,19,18,18,18,16,10,14,11,9,7",31,58,1653,"32,10",2288,"31,8,1776",0,63,6,76,2894,65536,,2228,"21,7",970,2773,"19,7,2930",7702,"4,32",3147,"19,8",2452,2,1319,44,1995,"63,33",2657,"63,30,3237",2606381,7024,0,3276579,65536,1024,0,0,950,"393216,589824,720896,851968,917504,1048576,1114112,1114112,1114112,1179648,1179648,1179648,1114112,1179648,1179648,1179648,1114112,1114112,1114112,1048576,917504,851968,786432,720896,720896,720896,720896,720896,720896,720896,720896,720896,327680,720896,720896,720896,720896,720896,720896,720896,720896,720896,786432,917504,983040,1048576,1179648,1179648,1179648,1245184,1245184,1245184,1245184,1245184,1245184,1179648,1179648,1179648,1048576,327680,917504,720896,589824,458752",900,0,0,0,0,0,0,0,23,"1,1,1,1,1,1,1,1,1,1,1,1,1,1,1,1,1,1,1,1,1,1,1,1,1,1,1,1,1,1,1,1,1,1,1,1,1,1,1,1,1,1,1,1,1,1,1,1,1,1,1,1,1,1,1,1,1,1,1,2,1,1,1,1","109532,164660,210375,242717,177496,236924,255768,267332,285223,317482,322786,331619,316513,342356,346401,346660,328824,328544,325975,314356,267097,258903,237435,210676,211850,208795,219815,210064,207726,217475,202610,212484,104858,193558,193630,202624,196572,195245,203378,193801,193464,195067,216810,263831,282832,305604,343071,334306,345094,366735,368935,362058,366099,375424,372574,352028,354422,360271,314194,336151,259636,207898,168975,131064",5,1,6553,0,39,5,1086.9180555555556,4,3600,0,2820906,3686400,1114112,,true,,,
17,A,basic,straight,,,0.11.0,d8cf2aa0,2048,0,true,3,512,3,0,90,0,"0,0,0,1,3,3,3,3,3,3,3,5,5,5,5,5,5,5,5,5,5,5,5,5,5,5,5,5,5,5,5,5,3,11,11,11,11,11,11,11,11,11,11,11,11,11,11,11,11,11,11,11,11,11,11,11,11,11,11,6,11,9,7,5",20,56,1347,"32,31",1348,"32,31,315",0,33,36,92,2320,65536,,357,"47,27",81,395,"45,27,3467",18989,"4,32",2072,"27,32",253,7,164,10,152,"63,33",179,"63,31,1692",12386763,3598,3552689,0,65536,1024,0,0,279,",,,65536,196608,196608,196608,196608,196608,196608,196608,327680,327680,327680,327680,327680,327680,327680,327680,327680,327680,327680,327680,327680,327680,327680,327680,327680,327680,327680,327680,327680,196608,720896,720896,720896,720896,720896,720896,720896,720896,720896,720896,720896,720896,720896,720896,720896,720896,720896,720896,720896,720896,720896,720896,720896,720896,720896,720896,196608,720896,589824,458752,327680",471,0,0,0,0,0,0,0,7,"0,0,0,1,1,1,1,1,1,1,1,1,1,1,1,1,1,1,1,1,1,1,1,1,1,1,1,1,1,1,1,1,1,1,1,1,1,1,1,1,1,1,1,1,1,1,1,1,1,1,1,1,1,1,1,1,1,1,1,2,1,1,1,1",",,0,8091,21335,47007,47130,47447,47796,47918,48229,48572,48693,48998,49336,49456,49755,50088,50207,50500,50829,50947,51235,51559,52425,52049,51599,51148,50971,50907,51075,51573,48140,120411,122894,128796,131321,126618,138044,133919,139334,138824,141971,144325,144779,141727,146298,146817,141428,143601,141047,136318,135256,127441,130093,128250,127916,122043,121231,272957,212203,165660,129237,88924",5,1,17964,0,23,5,1271.1730555555555,4,3600,0,3407777,3686400,196608,,false,,,
17,A,basic,distributed,,,0.11.0,ae0c7a6b,2048,0,true,3,512,3,0,59,0,"6,9,11,13,14,16,17,17,18,20,21,22,23,25,26,27,26,26,26,25,23,22,21,20,20,20,20,20,20,20,20,20,8,20,20,20,20,20,20,20,20,20,21,23,24,25,27,27,27,27,26,25,23,22,21,19,18,18,16,10,14,11,9,7",20,56,1045,"33,7",1386,"31,8,1490",0,63,6,81,2731,65536,,1381,"60,25",510,1868,"19,7,2271",5189,"4,32",2040,"19,8",3221,1,3079,41,1282,"63,34",1714,"63,29,1901",845610,3594,1145028,2212010,65536,1024,0,0,732,"393216,589824,720896,851968,917504,1048576,1114112,1114112,1179648,1310720,1376256,1441792,1507328,1638400,1703936,1769472,851968,851968,851968,819200,753664,720896,688128,655360,655360,655360,655360,655360,655360,655360,655360,655360,262144,655360,655360,655360,655360,655360,655360,655360,655360,655360,688128,753664,786432,819200,884736,884736,884736,1769472,1703936,1638400,1507328,1441792,1376256,1245184,1179648,1179648,1048576,327680,917504,720896,589824,458752",1262,0,0,0,0,0,0,0,18,"1,1,1,1,1,1,1,1,1,1,1,1,1,1,1,1,2,2,2,2,2,2,2,2,2,2,2,2,2,2,2,2,2,2,2,2,2,2,2,2,2,2,2,2,2,2,2,2,2,1,1,1,1,1,1,1,1,1,1,2,1,1,1,1","110404,160543,193449,218871,169041,211068,239192,244123,270218,302208,329185,348730,371482,415424,437385,456414,481479,502477,533320,533804,558312,573898,586698,621629,606877,611705,616051,618070,616189,618491,616495,611777,620772,652209,651430,656272,654343,657206,660412,657113,666942,657616,659241,642227,618386,600580,577062,565631,529574,522755,497842,478775,441111,421592,404584,363217,347897,333063,303194,322701,263419,196891,162830,136585",5,1,4155,0,39,5,1052.5505555555555,4,3600,0,2986974,3686400,1114112,,true,,,
17,A,basic,detour,,,0.11.0,25b92999,2048,0,true,3,512,3,0,56,0,"6,9,11,13,14,16,17,17,17,18,18,18,17,18,18,18,17,17,17,16,14,13,12,11,11,11,11,11,11,11,11,11,5,11,11,11,11,11,11,11,11,11,12,14,15,16,18,18,18,19,19,19,19,19,19,18,18,18,16,10,14,11,9,7",31,56,1653,"32,10",2288,"31,8,1776",0,63,6,76,2894,65536,,2228,"21,7",970,2773,"19,7,2930",7702,"4,32",3147,"19,8",2452,2,1319,44,1995,"63,33",2657,"63,30,3237",2606381,7024,0,3276579,65536,1024,0,0,950,"393216,589824,720896,851968,917504,1048576,1114112,1114112,1114112,1179648,1179648,1179648,1114112,1179648,1179648,1179648,1114112,1114112,1114112,1048576,917504,851968,786432,720896,720896,720896,720896,720896,720896,720896,720896,720896,327680,720896,720896,720896,720896,720896,720896,720896,720896,720896,786432,917504,983040,1048576,1179648,1179648,1179648,1245184,1245184,1245184,1245184,1245184,1245184,1179648,1179648,1179648,1048576,327680,917504,720896,589824,458752",900,0,0,0,0,0,0,0,23,"1,1,1,1,1,1,1,1,1,1,1,1,1,1,1,1,1,1,1,1,1,1,1,1,1,1,1,1,1,1,1,1,1,1,1,1,1,1,1,1,1,1,1,1,1,1,1,1,1,1,1,1,1,1,1,1,1,1,1,2,1,1,1,1","109532,164660,210375,242717,177496,236924,255768,267332,285223,317482,322786,331619,316513,342356,346401,346660,328824,328544,325975,314356,267097,258903,237435,210676,211850,208795,219815,210064,207726,217475,202610,212484,104858,193558,193630,202624,196572,195245,203378,193801,193464,195067,216810,263831,282832,305604,343071,334306,345094,366735,368935,362058,366099,375424,372574,352028,354422,360271,314194,336151,259636,207898,168975,131064",5,1,6553,0,39,5,1086.9180555555556,4,3600,0,2820906,3686400,1114112,,true,,,
18,A,basic,straight,,,0.11.0,7064bad3,2048,0,true,3,512,5,0,89,0,"0,0,0,1,3,3,3,3,3,3,3,5,5,5,5,5,5,5,5,5,5,5,5,5,5,5,5,5,5,5,5,5,5,11,11,11,11,11,11,11,11,11,11,11,11,11,11,11,11,11,11,11,11,11,11,11,11,11,11,6,11,9,7,5",20,54,241,"33,29",335,"33,28,1973",0,33,33,92,2325,65536,,342,"46,27",95,457,"44,27,2094",18989,"4,32",2072,"27,32",253,7,164,11,152,"63,31",206,"63,33,2307",12386763,3598,3552788,0,65536,1024,0,0,283,",,,65536,196608,196608,196608,196608,196608,196608,196608,327680,327680,327680,327680,327680,327680,327680,327680,327680,327680,327680,327680,327680,327680,327680,327680,327680,327680,327680,327680,327680,327680,720896,720896,720896,720896,720896,720896,720896,720896,720896,720896,720896,720896,720896,720896,720896,720896,720896,720896,720896,720896,720896,720896,720896,720896,720896,720896,196608,720896,589824,458752,327680",473,0,0,0,0,0,0,0,7,"0,0,0,1,1,1,1,1,1,1,1,1,1,1,1,1,1,1,1,1,1,1,1,1,1,1,1,1,1,1,1,1,1,1,1,1,1,1,1,1,1,1,1,1,1,1,1,1,1,1,1,1,1,1,1,1,1,1,1,2,1,1,1,1",",,0,8091,21335,47007,47130,47447,47796,47918,48229,48572,48693,48998,49336,49456,49755,50088,50207,50500,50829,50947,51235,51559,52425,52049,51599,51148,50971,50907,51075,51346,51508,131269,129124,139174,133331,139601,144320,139967,142880,148983,142900,154360,146260,150727,150284,148151,150808,145637,149068,145155,140440,141569,136751,135262,131256,130982,129715,271114,210334,167843,128480,88397",5,1,17964,0,23,5,1271.1730555555555,4,3600,0,3403424,3686400,196608,,false,,,
18,A,basic,distributed,,,0.11.0,9e15cf0e,2048,0,true,3,512,5,0,59,0,"6,9,11,13,14,16,17,17,18,20,21,22,23,25,26,27,26,26,26,25,23,22,21,20,20,20,20,20,20,20,20,20,10,20,20,20,20,20,20,20,20,20,21,23,24,25,27,27,27,27,26,25,23,22,21,19,18,18,16,10,14,11,9,7",20,54,1073,"32,10",1412,"31,8,1686",0,63,6,80,2732,65536,,1263,"63,31",510,1836,"19,7,2294",5190,"4,32",2027,"18,8",1326,1,1958,41,1263,"63,31",1775,"63,29,3136",845881,3594,1254341,2210410,65536,1024,0,0,733,"393216,589824,720896,851968,917504,1048576,1114112,1114112,1179648,1310720,1376256,1441792,1507328,1638400,1703936,1769472,851968,851968,851968,819200,753664,720896,688128,655360,655360,655360,655360,655360,655360,655360,655360,655360,327680,655360,655360,655360,655360,655360,655360,655360,655360,655360,688128,753664,786432,819200,884736,884736,884736,1769472,1703936,1638400,1507328,1441792,1376256,1245184,1179648,1179648,1048576,327680,917504,720896,589824,458752",1264,0,0,0,0,0,0,0,19,"1,1,1,1,1,1,1,1,1,1,1,1,1,1,1,1,2,2,2,2,2,2,2,2,2,2,2,2,2,2,2,2,2,2,2,2,2,2,2,2,2,2,2,2,2,2,2,2,2,1,1,1,1,1,1,1,1,1,1,2,1,1,1,1","109059,161758,190516,213248,169444,212597,231754,249296,267295,307810,323147,351947,370831,416776,436093,468140,479853,508343,533243,536222,557525,578906,608167,616849,620138,613717,620785,618645,621954,616078,626381,621514,643696,648447,656528,647078,655267,652260,662213,659108,665293,665946,665142,638604,615996,600672,589450,563123,533306,519017,497352,480727,439757,422624,400471,368713,340835,332998,296001,331305,256952,208203,165929,128385",5,1,4148,0,38,5,1052.5941666666668,4,3600,0,2985391,3686400,1114112,,true,,,
18,A,basic,detour,,,0.11.0,25b92999,2048,0,true,3,512,5,0,56,0,"6,9,11,13,14,16,17,17,17,18,18,18,17,18,18,18,17,17,17,16,14,13,12,11,11,11,11,11,11,11,11,11,5,11,11,11,11,11,11,11,11,11,12,14,15,16,18,18,18,19,19,19,19,19,19,18,18,18,16,10,14,11,9,7",31,54,1653,"32,10",2288,"31,8,1776",0,63,6,76,2894,65536,,2228,"21,7",970,2773,"19,7,2930",7702,"4,32",3147,"19,8",2452,2,1319,44,1995,"63,33",2657,"63,30,3237",2606381,7024,0,3276579,65536,1024,0,0,950,"393216,589824,720896,851968,917504,1048576,1114112,1114112,1114112,1179648,1179648,1179648,1114112,1179648,1179648,1179648,1114112,1114112,1114112,1048576,917504,851968,786432,720896,720896,720896,720896,720896,720896,720896,720896,720896,327680,720896,720896,720896,720896,720896,720896,720896,720896,720896,786432,917504,983040,1048576,1179648,1179648,1179648,1245184,1245184,1245184,1245184,1245184,1245184,1179648,1179648,1179648,1048576,327680,917504,720896,589824,458752",900,0,0,0,0,0,0,0,23,"1,1,1,1,1,1,1,1,1,1,1,1,1,1,1,1,1,1,1,1,1,1,1,1,1,1,1,1,1,1,1,1,1,1,1,1,1,1,1,1,1,1,1,1,1,1,1,1,1,1,1,1,1,1,1,1,1,1,1,2,1,1,1,1","109532,164660,210375,242717,177496,236924,255768,267332,285223,317482,322786,331619,316513,342356,346401,346660,328824,328544,325975,314356,267097,258903,237435,210676,211850,208795,219815,210064,207726,217475,202610,212484,104858,193558,193630,202624,196572,195245,203378,193801,193464,195067,216810,263831,282832,305604,343071,334306,345094,366735,368935,362058,366099,375424,372574,352028,354422,360271,314194,336151,259636,207898,168975,131064",5,1,6553,0,39,5,1086.9180555555556,4,3600,0,2820906,3686400,1114112,,true,,,
19,A,basic,straight,,,0.11.0,f9697c12,2048,0,true,3,512,9,0,88,0,"0,0,0,1,4,4,6,7,10,11,11,11,11,11,11,11,11,11,11,11,11,11,11,11,11,11,11,11,11,11,11,11,9,11,11,11,11,11,11,11,11,11,11,11,11,11,11,11,11,11,11,11,11,11,11,11,11,11,11,6,11,9,7,5",20,50,136,"33,27",222,"33,27,1542",0,8,38,92,2332,65536,,292,"44,27",106,400,"45,27,3450",18993,"4,32",2080,"28,32",2029,7,2556,12,139,"63,32",184,"63,31,3301",12386319,3598,3680421,0,65536,1024,0,0,290,",,,65536,131072,131072,131072,152917,327680,720896,720896,720896,720896,720896,720896,720896,720896,720896,720896,720896,720896,720896,720896,720896,720896,720896,720896,720896,720896,720896,720896,720896,589824,720896,720896,720896,720896,720896,720896,720896,720896,720896,720896,720896,720896,720896,720896,720896,720896,720896,720896,720896,720896,720896,720896,720896,720896,720896,720896,196608,720896,589824,458752,327680",673,0,0,0,0,0,0,0,7,"0,0,0,1,2,2,3,3,2,1,1,1,1,1,1,1,1,1,1,1,1,1,1,1,1,1,1,1,1,1,1,1,1,1,1,1,1,1,1,1,1,1,1,1,1,1,1,1,1,1,1,1,1,1,1,1,1,1,1,2,1,1,1,1","94877,139612,178554,77003,28635,63809,65647,66547,68150,71031,72131,74621,74876,78964,76702,81715,82286,83925,87585,87500,90621,90834,92295,95208,97611,93682,101891,98435,102498,105654,101956,109303,91193,116534,124183,129218,125961,130843,140484,132997,142192,142931,142604,141239,148271,139827,143137,145179,144482,145756,146859,139930,134258,137413,135713,130412,128161,122255,120529,268907,212053,165374,126643,93332",5,1,17967,0,24,5,1271.1722222222222,4,3600,0,3395744,3686400,131072,,false,,,
19,A,basic,distributed,,,0.11.0,a72161fc,2048,0,true,3,512,9,0,59,0,"6,9,11,13,14,16,17,17,18,20,21,22,23,25,26,27,26,26,26,25,23,22,21,20,20,20,20,20,20,20,20,20,14,20,20,20,20,20,20,20,20,20,21,23,24,25,27,27,27,27,26,25,23,22,21,19,18,18,16,10,14,11,9,7",20,50,1131,"31,9",1396,"31,8,2067",0,63,6,80,2733,65536,,1610,"63,29",514,1856,"19,7,3173",5193,"4,32",2056,"19,8",1905,1,2477,41,1610,"63,29",1715,"63,30,3509",846544,3594,1408149,2209550,65536,1024,0,0,733,"393216,589824,720896,851968,917504,1048576,1114112,1114112,1179648,1310720,1376256,1441792,1507328,1638400,1703936,1769472,851968,851968,851968,819200,753664,720896,688128,655360,655360,655360,655360,655360,655360,655360,655360,655360,458752,655360,655360,655360,655360,655360,655360,655360,655360,655360,688128,753664,786432,819200,884736,884736,884736,1769472,1703936,1638400,1507328,1441792,1376256,1245184,1179648,1179648,1048576,327680,917504,720896,589824,458752",1268,0,0,0,0,0,0,0,19,"1,1,1,1,1,1,1,1,1,1,1,1,1,1,1,1,2,2,2,2,2,2,2,2,2,2,2,2,2,2,2,2,2,2,2,2,2,2,2,2,2,2,2,2,2,2,2,2,2,1,1,1,1,1,1,1,1,1,1,2,1,1,1,1","110757,161627,195476,212299,168405,213759,236226,242980,273249,305002,322776,355206,374492,417878,434111,461771,483811,504253,529954,544795,563159,581236,603865,626571,619507,613309,620405,610552,622997,627444,614325,622542,635077,645548,642385,649737,651285,655645,657674,663301,664291,667916,660782,641891,612892,614900,582488,560057,533661,517174,498160,476952,436854,429379,397863,367162,340792,336866,294359,326119,263278,206007,160293,124102",5,1,4147,0,39,5,1052.6577777777777,4,3600,0,2984511,3686400,1114112,,true,,,
19,A,basic,detour,,,0.11.0,25b92999,2048,0,true,3,512,9,0,56,0,"6,9,11,13,14,16,17,17,17,18,18,18,17,18,18,18,17,17,17,16,14,13,12,11,11,11,11,11,11,11,11,11,5,11,11,11,11,11,11,11,11,11,12,14,15,16,18,18,18,19,19,19,19,19,19,18,18,18,16,10,14,11,9,7",31,50,1653,"32,10",2288,"31,8,1776",0,63,6,76,2894,65536,,2228,"21,7",970,2773,"19,7,2930",7702,"4,32",3147,"19,8",2452,2,1319,44,1995,"63,33",2657,"63,30,3237",2606381,7024,0,3276579,65536,1024,0,0,950,"393216,589824,720896,851968,917504,1048576,1114112,1114112,1114112,1179648,1179648,1179648,1114112,1179648,1179648,1179648,1114112,1114112,1114112,1048576,917504,851968,786432,720896,720896,720896,720896,720896,720896,720896,720896,720896,327680,720896,720896,720896,720896,720896,720896,720896,720896,720896,786432,917504,983040,1048576,1179648,1179648,1179648,1245184,1245184,1245184,1245184,1245184,1245184,1179648,1179648,1179648,1048576,327680,917504,720896,589824,458752",900,0,0,0,0,0,0,0,23,"1,1,1,1,1,1,1,1,1,1,1,1,1,1,1,1,1,1,1,1,1,1,1,1,1,1,1,1,1,1,1,1,1,1,1,1,1,1,1,1,1,1,1,1,1,1,1,1,1,1,1,1,1,1,1,1,1,1,1,2,1,1,1,1","109532,164660,210375,242717,177496,236924,255768,267332,285223,317482,322786,331619,316513,342356,346401,346660,328824,328544,325975,314356,267097,258903,237435,210676,211850,208795,219815,210064,207726,217475,202610,212484,104858,193558,193630,202624,196572,195245,203378,193801,193464,195067,216810,263831,282832,305604,343071,334306,345094,366735,368935,362058,366099,375424,372574,352028,354422,360271,314194,336151,259636,207898,168975,131064",5,1,6553,0,39,5,1086.9180555555556,4,3600,0,2820906,3686400,1114112,,true,,,
20,A,basic,straight,,,0.11.0,c8e93134,2048,65536,true,3,512,1,0,16,0,"5,7,9,11,11,11,11,11,11,11,11,11,11,11,11,11,11,11,11,11,11,11,11,11,11,11,11,11,11,11,11,11,1,2,2,3,3,3,3,3,3,3,3,4,4,4,4,4,4,4,4,4,4,4,4,4,4,4,4,0,0,0,0,0",131,58,3224,"31,28",3730,"31,35,3254",0,63,6,44,-1,0,"4,32,3",11462,"0,32",2920,11462,"0,32,3600",14020,"4,32",13112,"2,32",3599,5,3599,84,11462,"0,32",11458,"0,32,3599",39403407,248171,1696587,0,65536,1024,0,0,2393,"327680,458752,589824,720896,720896,720896,720896,720896,720896,720896,720896,720896,720896,720896,720896,720896,720896,720896,720896,720896,720896,720896,720896,720896,720896,720896,720896,720896,720896,720896,720896,720896,65536,131072,131072,196608,196608,196608,196608,196608,196608,196608,196608,262144,262144,262144,262144,262144,262144,262144,262144,262144,262144,262144,262144,262144,262144,262144,262144,,,,,",605,0,0,0,0,0,0,0,55,"1,1,1,1,1,1,1,1,1,1,1,1,1,1,1,1,1,1,1,1,1,1,1,1,1,1,1,1,1,1,1,1,1,1,1,1,1,1,1,1,1,1,1,1,1,1,1,1,1,1,1,1,1,1,1,1,1,1,1,0,0,0,0,0","90978,127606,162982,198899,195941,198433,197356,201364,199525,204463,202138,206788,203209,207252,202991,207482,202930,207809,202945,208275,203260,208431,203422,208498,203065,211425,204131,210095,205514,204769,218298,202475,0,68651,74521,74880,81985,80189,86023,86254,88525,91157,94299,90482,93580,95476,99208,97614,96313,98818,99015,92877,95289,89842,92678,93121,89352,90932,91165,244579,206178,162188,122809,89408",5,1,12999,0,2,5,1182.0936111111112,1,3600,4076003,1629839,3686400,720896,,true,,,
20,A,basic,distributed,,,0.11.0,848934cb,2048,65536,true,3,512,1,0,56,0,"6,9,11,13,14,16,17,17,18,20,21,22,23,25,26,27,26,26,26,25,23,22,21,20,20,20,20,20,20,20,20,20,6,20,20,20,20,20,20,20,20,20,21,23,24,25,27,27,27,27,26,25,23,22,21,19,18,18,16,10,14,11,9,7",23,58,1748,"31,30",2359,"31,34,2601",0,63,6,79,2772,0,"4,32,3",1505,"31,36",558,1977,"30,28,1590",4142,"4,32",2359,"31,34",2601,1,1288,44,1359,"63,32",1516,"63,29,2014",21938,1717,1213621,2066935,65536,1024,0,0,786,"393216,589824,720896,851968,917504,1048576,1114112,1114112,1179648,1310720,1376256,1441792,1507328,1638400,1703936,1769472,851968,851968,851968,819200,753664,720896,688128,655360,655360,655360,655360,655360,655360,655360,655360,655360,196608,655360,655360,655360,655360,655360,655360,655360,655360,655360,688128,753664,786432,819200,884736,884736,884736,1769472,1703936,1638400,1507328,1441792,1376256,1245184,1179648,1179648,1048576,327680,917504,720896,589824,458752",1260,0,0,0,0,0,0,0,20,"1,1,1,1,1,1,1,1,1,1,1,1,1,1,1,1,2,2,2,2,2,2,2,2,2,2,2,2,2,2,2,2,2,2,2,2,2,2,2,2,2,2,2,2,2,2,2,2,2,1,1,1,1,1,1,1,1,1,1,2,1,1,1,1","109648,162971,206966,222517,195381,250271,268697,285161,314444,358228,386640,406224,430398,467444,502533,524028,552167,584856,607546,644434,663467,671604,689708,692284,695542,709202,682515,691935,687454,700550,664673,670437,646920,665320,669547,669258,676534,676465,684961,681879,692093,678940,690823,654564,634043,605779,598693,566968,553836,523722,509987,489792,450408,427807,407966,368136,345695,331915,295685,329976,252211,201810,166235,126720",5,1,3107,0,29,5,1023.1369444444445,4,3600,906436,2946279,3686400,1114112,,false,,,
20,A,basic,detour,,,0.11.0,93bd04aa,2048,65536,true,3,512,1,0,56,0,"6,9,11,13,14,16,17,17,17,18,18,18,17,18,18,18,17,17,17,16,14,13,12,11,11,11,11,11,11,11,11,11,5,11,11,11,11,11,11,11,11,11,12,14,15,16,18,18,18,19,19,19,19,19,19,18,18,18,16,10,14,11,9,7",24,58,1369,"31,8",1791,"31,8,2571",0,63,6,77,2849,0,"4,32,3",1609,"63,32",912,2309,"19,7,1436",4227,"4,32",2498,"19,8",1010,1,2628,44,1609,"63,32",2014,"63,29,2739",80781,2796,0,3282395,65536,1024,0,0,900,"393216,589824,720896,851968,917504,1048576,1114112,1114112,1114112,1179648,1179648,1179648,1114112,1179648,1179648,1179648,1114112,1114112,1114112,1048576,917504,851968,786432,720896,720896,720896,720896,720896,720896,720896,720896,720896,327680,720896,720896,720896,720896,720896,720896,720896,720896,720896,786432,917504,983040,1048576,1179648,1179648,1179648,1245184,1245184,1245184,1245184,1245184,1245184,1179648,1179648,1179648,1048576,327680,917504,720896,589824,458752",900,0,0,0,0,0,0,0,22,"1,1,1,1,1,1,1,1,1,1,1,1,1,1,1,1,1,1,1,1,1,1,1,1,1,1,1,1,1,1,1,1,1,1,1,1,1,1,1,1,1,1,1,1,1,1,1,1,1,1,1,1,1,1,1,1,1,1,1,2,1,1,1,1","112699,168772,200875,240221,215694,264464,279778,299345,309061,335050,345984,340818,326796,350060,348828,345637,324341,333623,330495,312462,272243,250554,241233,216400,217322,209817,214183,213742,211087,209539,215555,205597,102332,200712,201004,201555,204387,200493,203557,202679,199862,208994,225924,270826,285617,305925,338862,345450,350623,363248,364312,366799,371185,365338,366188,352401,342248,350419,308104,330786,262765,204045,164756,128514",5,1,3168,0,39,5,1023.12,4,3600,2280124,2866490,3686400,1114112,,true,,,
21,A,basic,straight,,,0.11.0,86a1ef79,2048,65536,true,3,512,3,0,77,0,"5,7,9,11,11,11,11,11,11,11,11,11,11,11,11,11,11,11,11,11,11,11,11,11,11,11,11,11,11,11,11,11,3,11,11,11,11,11,11,11,11,11,11,11,11,11,11,11,11,11,11,11,11,11,11,11,11,11,11,6,11,9,7,5",18,56,1543,"32,31",1547,"32,31,3475",0,63,14,91,2371,0,"4,32,3",589,"41,37",240,770,"42,27,3442",5028,"4,32",1855,"6,32",1610,1,12,23,267,"63,33",352,"63,31,2743",95061,1992,3534329,0,65536,1024,0,0,327,"327680,458752,589824,720896,720896,720896,720896,720896,720896,720896,720896,720896,720896,720896,720896,720896,720896,720896,720896,720896,720896,720896,720896,720896,720896,720896,720896,720896,720896,720896,720896,720896,196608,720896,720896,720896,720896,720896,720896,720896,720896,720896,720896,720896,720896,720896,720896,720896,720896,720896,720896,720896,720896,720896,720896,720896,720896,720896,720896,196608,720896,589824,458752,327680",667,0,0,0,0,0,0,0,8,"1,1,1,1,1,1,1,1,1,1,1,1,1,1,1,1,1,1,1,1,1,1,1,1,1,1,1,1,1,1,1,1,1,1,1,1,1,1,1,1,1,1,1,1,1,1,1,1,1,1,1,1,1,1,1,1,1,1,1,2,1,1,1,1","96323,120057,163518,168201,104780,121783,120633,119749,116191,128800,119173,126366,123555,124155,131173,126396,128893,128888,133991,121815,131804,132317,129218,126583,133914,132265,130312,130543,135876,130178,135432,129684,53481,154708,157792,163868,165504,167628,166246,176952,166107,181845,169498,176145,173378,181643,177418,173169,188064,173431,182707,172010,169723,167613,163471,168332,161856,156683,154001,277049,211309,164707,127442,90423",5,1,3169,0,2,5,1023.1197222222222,4,3600,1792979,3355887,3686400,720896,,false,,,
21,A,basic,distributed,,,0.11.0,623c07ea,2048,65536,true,3,512,3,0,59,0,"6,9,11,13,14,16,17,17,18,20,21,22,23,25,26,27,26,26,26,25,23,22,21,20,20,20,20,20,20,20,20,20,8,20,20,20,20,20,20,20,20,20,21,23,24,25,27,27,27,27,26,25,23,22,21,19,18,18,16,10,14,11,9,7",16,56,852,"32,10",1127,"31,8,2455",0,63,6,82,2689,0,"4,32,3",1144,"63,31",474,1447,"19,7,1728",4129,"4,32",1604,"20,8",3313,1,550,41,1144,"63,31",1383,"63,32,2939",13451,1716,1432133,1944129,65536,1024,0,0,685,"393216,589824,720896,851968,917504,1048576,1114112,1114112,1179648,1310720,1376256,1441792,1507328,1638400,1703936,1769472,851968,851968,851968,819200,753664,720896,688128,655360,655360,655360,655360,655360,655360,655360,655360,655360,262144,655360,655360,655360,655360,655360,655360,655360,655360,655360,688128,753664,786432,819200,884736,884736,884736,1769472,1703936,1638400,1507328,1441792,1376256,1245184,1179648,1179648,1048576,327680,917504,720896,589824,458752",1262,0,0,0,0,0,0,0,17,"1,1,1,1,1,1,1,1,1,1,1,1,1,1,1,1,2,2,2,2,2,2,2,2,2,2,2,2,2,2,2,2,2,2,2,2,2,2,2,2,2,2,2,2,2,2,2,2,2,1,1,1,1,1,1,1,1,1,1,2,1,1,1,1","111246,155667,198472,217428,184328,235678,256338,274404,298417,329675,360504,377617,404618,443399,464451,485352,519468,535860,562050,577418,595198,617798,633673,657017,656433,648684,648391,655010,655562,655213,657072,649281,657625,702777,705021,708667,700721,706337,705216,712816,700389,719646,695063,671972,653754,636828,613039,587041,548815,532981,517568,488965,453076,440276,408262,369092,342373,336519,296605,331402,268167,202832,164861,130774",5,1,3096,0,40,5,1023.14,4,3600,266146,3028667,3686400,1114112,,true,,,
21,A,basic,detour,,,0.11.0,93bd04aa,2048,65536,true,3,512,3,0,56,0,"6,9,11,13,14,16,17,17,17,18,18,18,17,18,18,18,17,17,17,16,14,13,12,11,11,11,11,11,11,11,11,11,5,11,11,11,11,11,11,11,11,11,12,14,15,16,18,18,18,19,19,19,19,19,19,18,18,18,16,10,14,11,9,7",24,56,1369,"31,8",1791,"31,8,2571",0,63,6,77,2849,0,"4,32,3",1609,"63,32",912,2309,"19,7,1436",4227,"4,32",2498,"19,8",1010,1,2628,44,1609,"63,32",2014,"63,29,2739",80781,2796,0,3282395,65536,1024,0,0,900,"393216,589824,720896,851968,917504,1048576,1114112,1114112,1114112,1179648,1179648,1179648,1114112,1179648,1179648,1179648,1114112,1114112,1114112,1048576,917504,851968,786432,720896,720896,720896,720896,720896,720896,720896,720896,720896,327680,720896,720896,720896,720896,720896,720896,720896,720896,720896,786432,917504,983040,1048576,1179648,1179648,1179648,1245184,1245184,1245184,1245184,1245184,1245184,1179648,1179648,1179648,1048576,327680,917504,720896,589824,458752",900,0,0,0,0,0,0,0,22,"1,1,1,1,1,1,1,1,1,1,1,1,1,1,1,1,1,1,1,1,1,1,1,1,1,1,1,1,1,1,1,1,1,1,1,1,1,1,1,1,1,1,1,1,1,1,1,1,1,1,1,1,1,1,1,1,1,1,1,2,1,1,1,1","112699,168772,200875,240221,215694,264464,279778,299345,309061,335050,345984,340818,326796,350060,348828,345637,324341,333623,330495,312462,272243,250554,241233,216400,217322,209817,214183,213742,211087,209539,215555,205597,102332,200712,201004,201555,204387,200493,203557,202679,199862,208994,225924,270826,285617,305925,338862,345450,350623,363248,364312,366799,371185,365338,366188,352401,342248,350419,308104,330786,262765,204045,164756,128514",5,1,3168,0,39,5,1023.12,4,3600,2280124,2866490,3686400,1114112,,true,,,
22,A,basic,straight,,,0.11.0,79267334,2048,65536,true,3,512,5,0,76,0,"5,7,9,11,11,11,11,11,11,11,11,11,11,11,11,11,11,11,11,11,11,11,11,11,11,11,11,11,11,11,11,11,5,11,11,11,11,11,11,11,11,11,11,11,11,11,11,11,11,11,11,11,11,11,11,11,11,11,11,6,11,9,7,5",18,54,599,"33,28",829,"33,28,3566",0,63,33,90,2371,0,"4,32,3",723,"46,27",259,923,"35,27,3561",5028,"4,32",1854,"6,32",151,1,12,24,335,"63,31",403,"63,31,3051",96129,2016,3542617,0,65536,1024,0,0,329,"327680,458752,589824,720896,720896,720896,720896,720896,720896,720896,720896,720896,720896,720896,720896,720896,720896,720896,720896,720896,720896,720896,720896,720896,720896,720896,720896,720896,720896,720896,720896,720896,327680,720896,720896,720896,720896,720896,720896,720896,720896,720896,720896,720896,720896,720896,720896,720896,720896,720896,720896,720896,720896,720896,720896,720896,720896,720896,720896,196608,720896,589824,458752,327680",669,0,0,0,0,0,0,0,9,"1,1,1,1,1,1,1,1,1,1,1,1,1,1,1,1,1,1,1,1,1,1,1,1,1,1,1,1,1,1,1,1,1,1,1,1,1,1,1,1,1,1,1,1,1,1,1,1,1,1,1,1,1,1,1,1,1,1,1,2,1,1,1,1","94326,129228,157270,161701,102522,112124,113584,110792,120564,116295,112814,121184,113382,122937,114050,121833,116768,117943,120193,119209,113069,123823,117408,119907,118240,120414,118262,120915,114708,123514,112716,116755,66387,171016,178497,177705,181281,180132,179822,183538,184357,177824,181745,188175,183655,186492,187872,180644,187656,182915,184560,179840,179268,175862,173923,167578,167940,158892,156046,268646,209512,166756,128604,87587",5,1,3226,0,2,5,1023.1038888888888,4,3600,1650651,3354527,3686400,720896,,false,,,
22,A,basic,distributed,,,0.11.0,1a312447,2048,65536,true,3,512,5,0,59,0,"6,9,11,13,14,16,17,17,18,20,21,22,23,25,26,27,26,26,26,25,23,22,21,20,20,20,20,20,20,20,20,20,10,20,20,20,20,20,20,20,20,20,21,23,24,25,27,27,27,27,26,25,23,22,21,19,18,18,16,10,14,11,9,7",16,54,887,"32,10",1119,"31,8,1397",0,63,6,81,2701,0,"4,32,3",1117,"63,29",490,1483,"19,7,3371",4131,"4,32",1617,"19,8",3239,1,2288,41,1117,"63,29",1396,"63,29,3119",13972,1716,1573446,1947015,65536,1024,0,0,695,"393216,589824,720896,851968,917504,1048576,1114112,1114112,1179648,1310720,1376256,1441792,1507328,1638400,1703936,1769472,851968,851968,851968,819200,753664,720896,688128,655360,655360,655360,655360,655360,655360,655360,655360,655360,327680,655360,655360,655360,655360,655360,655360,655360,655360,655360,688128,753664,786432,819200,884736,884736,884736,1769472,1703936,1638400,1507328,1441792,1376256,1245184,1179648,1179648,1048576,327680,917504,720896,589824,458752",1264,0,0,0,0,0,0,0,18,"1,1,1,1,1,1,1,1,1,1,1,1,1,1,1,1,2,2,2,2,2,2,2,2,2,2,2,2,2,2,2,2,2,2,2,2,2,2,2,2,2,2,2,2,2,2,2,2,2,1,1,1,1,1,1,1,1,1,1,2,1,1,1,1","108337,160413,195533,214715,186386,235614,263181,279748,300142,347131,364495,384023,413577,451415,477405,499056,527272,552553,584768,580193,616947,635543,668860,680328,679143,667001,688660,671876,675283,683168,670598,680425,664207,703301,698758,696567,704030,710815,703221,699253,711729,706437,702607,666966,646914,638801,607487,590608,556975,527727,521451,495169,451043,439567,410103,370559,343683,336477,288173,331600,263035,201657,165381,128922",5,1,3097,0,39,5,1023.1397222222222,4,3600,266547,3017817,3686400,1114112,,true,,,
22,A,basic,detour,,,0.11.0,93bd04aa,2048,65536,true,3,512,5,0,56,0,"6,9,11,13,14,16,17,17,17,18,18,18,17,18,18,18,17,17,17,16,14,13,12,11,11,11,11,11,11,11,11,11,5,11,11,11,11,11,11,11,11,11,12,14,15,16,18,18,18,19,19,19,19,19,19,18,18,18,16,10,14,11,9,7",24,54,1369,"31,8",1791,"31,8,2571",0,63,6,77,2849,0,"4,32,3",1609,"63,32",912,2309,"19,7,1436",4227,"4,32",2498,"19,8",1010,1,2628,44,1609,"63,32",2014,"63,29,2739",80781,2796,0,3282395,65536,1024,0,0,900,"393216,589824,720896,851968,917504,1048576,1114112,1114112,1114112,1179648,1179648,1179648,1114112,1179648,1179648,1179648,1114112,1114112,1114112,1048576,917504,851968,786432,720896,720896,720896,720896,720896,720896,720896,720896,720896,327680,720896,720896,720896,720896,720896,720896,720896,720896,720896,786432,917504,983040,1048576,1179648,1179648,1179648,1245184,1245184,1245184,1245184,1245184,1245184,1179648,1179648,1179648,1048576,327680,917504,720896,589824,458752",900,0,0,0,0,0,0,0,22,"1,1,1,1,1,1,1,1,1,1,1,1,1,1,1,1,1,1,1,1,1,1,1,1,1,1,1,1,1,1,1,1,1,1,1,1,1,1,1,1,1,1,1,1,1,1,1,1,1,1,1,1,1,1,1,1,1,1,1,2,1,1,1,1","112699,168772,200875,240221,215694,264464,279778,299345,309061,335050,345984,340818,326796,350060,348828,345637,324341,333623,330495,312462,272243,250554,241233,216400,217322,209817,214183,213742,211087,209539,215555,205597,102332,200712,201004,201555,204387,200493,203557,202679,199862,208994,225924,270826,285617,305925,338862,345450,350623,363248,364312,366799,371185,365338,366188,352401,342248,350419,308104,330786,262765,204045,164756,128514",5,1,3168,0,39,5,1023.12,4,3600,2280124,2866490,3686400,1114112,,true,,,
23,A,basic,straight,,,0.11.0,9e223ba7,2048,65536,true,3,512,9,0,73,0,"5,7,9,11,11,11,11,11,11,11,11,11,11,11,11,11,11,11,11,11,11,11,11,11,11,11,11,11,11,11,11,11,9,11,11,11,11,11,11,11,11,11,11,11,11,11,11,11,11,11,11,11,11,11,11,11,11,11,11,6,11,9,7,5",18,50,437,"33,27",618,"33,27,2543",0,63,11,90,2391,0,"4,32,3",736,"44,27",292,883,"42,27,2068",5028,"4,32",1854,"6,32",151,1,12,27,332,"63,33",400,"63,31,2635",95976,2015,3876750,0,65536,1024,0,0,348,"327680,458752,589824,720896,720896,720896,720896,720896,720896,720896,720896,720896,720896,720896,720896,720896,720896,720896,720896,720896,720896,720896,720896,720896,720896,720896,720896,720896,720896,720896,720896,720896,589824,720896,720896,720896,720896,720896,720896,720896,720896,720896,720896,720896,720896,720896,720896,720896,720896,720896,720896,720896,720896,720896,720896,720896,720896,720896,720896,196608,720896,589824,458752,327680",673,0,0,0,0,0,0,0,9,"1,1,1,1,1,1,1,1,1,1,1,1,1,1,1,1,1,1,1,1,1,1,1,1,1,1,1,1,1,1,1,1,1,1,1,1,1,1,1,1,1,1,1,1,1,1,1,1,1,1,1,1,1,1,1,1,1,1,1,2,1,1,1,1","92803,123773,156126,170298,108397,123819,125649,129888,128033,129771,125767,135262,134712,132558,136481,138210,136888,136980,146968,138673,144869,141547,141915,150850,149650,149222,150297,149418,154397,154535,155176,159678,130600,163384,169608,169939,172024,176514,178888,173557,179863,181047,184546,182290,182941,183733,184512,182062,185118,180637,189629,173114,177931,177550,167726,166599,162830,165303,155968,271260,212694,163910,131861,92733",5,1,3173,0,2,5,1023.1186111111111,4,3600,1730221,3334870,3686400,720896,,false,,,
23,A,basic,distributed,,,0.11.0,5ebef536,2048,65536,true,3,512,9,0,58,0,"6,9,11,13,14,16,17,17,18,20,21,22,23,25,26,27,26,26,26,25,23,22,21,20,20,20,20,20,20,20,20,20,14,20,20,20,20,20,20,20,20,20,21,23,24,25,27,27,27,27,26,25,23,22,21,19,18,18,16,10,14,11,9,7",17,50,862,"32,10",1124,"31,8,1304",0,63,6,81,2704,0,"4,32,3",1105,"63,31",487,1488,"19,7,2022",4132,"4,32",1715,"19,8",2118,1,3350,42,1105,"63,31",1353,"63,29,3065",14273,1716,1783041,1948042,65536,1024,0,0,698,"393216,589824,720896,851968,917504,1048576,1114112,1114112,1179648,1310720,1376256,1441792,1507328,1638400,1703936,1769472,851968,851968,851968,819200,753664,720896,688128,655360,655360,655360,655360,655360,655360,655360,655360,655360,458752,655360,655360,655360,655360,655360,655360,655360,655360,655360,688128,753664,786432,819200,884736,884736,884736,1769472,1703936,1638400,1507328,1441792,1376256,1245184,1179648,1179648,1048576,327680,917504,720896,589824,458752",1268,0,0,0,0,0,0,0,18,"1,1,1,1,1,1,1,1,1,1,1,1,1,1,1,1,2,2,2,2,2,2,2,2,2,2,2,2,2,2,2,2,2,2,2,2,2,2,2,2,2,2,2,2,2,2,2,2,2,1,1,1,1,1,1,1,1,1,1,2,1,1,1,1","109137,167474,190451,222622,189986,240423,253629,279781,300102,343347,365602,389705,414545,453851,471172,498819,532813,554819,587300,590105,622785,634923,661900,678323,685800,676072,674841,674454,685766,683312,675783,686353,649008,702220,699420,698320,707790,704765,698922,713692,696978,709419,694636,676700,652372,635212,614255,583834,551410,532874,500343,497560,452342,436366,408164,373170,339748,334354,294829,324964,262502,203827,166820,128380",5,1,3095,0,39,5,1023.1402777777778,4,3600,267146,3014042,3686400,1114112,,true,,,
23,A,basic,detour,,,0.11.0,93bd04aa,2048,65536,true,3,512,9,0,56,0,"6,9,11,13,14,16,17,17,17,18,18,18,17,18,18,18,17,17,17,16,14,13,12,11,11,11,11,11,11,11,11,11,5,11,11,11,11,11,11,11,11,11,12,14,15,16,18,18,18,19,19,19,19,19,19,18,18,18,16,10,14,11,9,7",24,50,1369,"31,8",1791,"31,8,2571",0,63,6,77,2849,0,"4,32,3",1609,"63,32",912,2309,"19,7,1436",4227,"4,32",2498,"19,8",1010,1,2628,44,1609,"63,32",2014,"63,29,2739",80781,2796,0,3282395,65536,1024,0,0,900,"393216,589824,720896,851968,917504,1048576,1114112,1114112,1114112,1179648,1179648,1179648,1114112,1179648,1179648,1179648,1114112,1114112,1114112,1048576,917504,851968,786432,720896,720896,720896,720896,720896,720896,720896,720896,720896,327680,720896,720896,720896,720896,720896,720896,720896,720896,720896,786432,917504,983040,1048576,1179648,1179648,1179648,1245184,1245184,1245184,1245184,1245184,1245184,1179648,1179648,1179648,1048576,327680,917504,720896,589824,458752",900,0,0,0,0,0,0,0,22,"1,1,1,1,1,1,1,1,1,1,1,1,1,1,1,1,1,1,1,1,1,1,1,1,1,1,1,1,1,1,1,1,1,1,1,1,1,1,1,1,1,1,1,1,1,1,1,1,1,1,1,1,1,1,1,1,1,1,1,2,1,1,1,1","112699,168772,200875,240221,215694,264464,279778,299345,309061,335050,345984,340818,326796,350060,348828,345637,324341,333623,330495,312462,272243,250554,241233,216400,217322,209817,214183,213742,211087,209539,215555,205597,102332,200712,201004,201555,204387,200493,203557,202679,199862,208994,225924,270826,285617,305925,338862,345450,350623,363248,364312,366799,371185,365338,366188,352401,342248,350419,308104,330786,262765,204045,164756,128514",5,1,3168,0,39,5,1023.12,4,3600,2280124,2866490,3686400,1114112,,true,,,
24,A,basic,straight,,,0.11.0,dce8e431,2048,0,true,4,512,1,0,47,0,"4,5,7,10,13,13,13,13,13,13,13,13,13,13,13,13,13,13,13,13,13,13,13,13,13,13,13,13,13,13,13,13,1,1,1,1,1,1,1,1,1,1,1,1,1,1,1,1,1,1,1,1,1,1,1,1,1,1,1,0,0,0,0,0",445,58,44522,"31,31",44517,"31,31,3600",0,63,6,46,-1,65536,,10789,"30,26",1707,11234,"31,26,3577",44517,"31,31",44517,"31,31",3600,16,3600,53,583,"0,34",735,"0,30,3399",342862433,239750,1787850,0,65536,1024,0,0,2148,"131072,163840,152917,218453,851968,851968,851968,851968,851968,851968,851968,851968,851968,851968,851968,851968,851968,851968,851968,851968,851968,851968,851968,851968,851968,851968,851968,851968,851968,851968,851968,851968,65536,65536,65536,65536,65536,65536,65536,65536,65536,65536,65536,65536,65536,65536,65536,65536,65536,65536,65536,65536,65536,65536,65536,65536,65536,65536,65536,,,,,",641,0,0,0,0,0,0,0,53,"2,2,3,3,1,1,1,1,1,1,1,1,1,1,1,1,1,1,1,1,1,1,1,1,1,1,1,1,1,1,1,1,1,1,1,1,1,1,1,1,1,1,1,1,1,1,1,1,1,1,1,1,1,1,1,1,1,1,1,0,0,0,0,0","132187,176617,220420,259187,140929,233283,225498,228056,230056,242696,244061,244219,243989,248475,248269,248550,256146,251894,251983,257563,253791,258425,260156,241715,227164,212827,205174,199688,195321,192612,188203,187595,0,40369,46163,49603,50951,52416,54312,57230,59135,64096,60976,64125,67482,67420,70397,69327,73424,69982,70844,70978,67426,68740,67559,65748,66055,64898,62562,73767,89444,74079,32714,",5,1,18132,28,28,5,1273.4441666666667,4,3600,0,1729242,3686400,851968,,true,,,
24,A,basic,distributed,,,0.11.0,5f02d73b,2048,0,true,4,512,1,0,52,0,"9,11,13,15,17,18,19,19,21,22,23,24,26,27,28,29,30,30,30,29,28,26,25,24,24,24,24,24,24,24,24,24,6,24,24,24,24,24,24,24,24,24,26,27,28,30,31,31,30,29,28,27,26,24,23,22,20,20,19,12,16,14,11,9",20,58,1500,"31,29",1832,"31,28,3308",0,63,6,76,2889,65536,,1383,"26,6",547,1747,"19,6,2477",5681,"4,32",2033,"5,31",3425,2,3600,48,1406,"63,29",1738,"63,31,3422",1075883,6436,985566,2246483,65536,1024,0,0,918,"589824,720896,851968,983040,1114112,1179648,1245184,1245184,1376256,1441792,1507328,1572864,1703936,1769472,1835008,1900544,1966080,983040,983040,950272,917504,851968,819200,786432,786432,786432,786432,786432,786432,786432,786432,786432,196608,786432,786432,786432,786432,786432,786432,786432,786432,786432,851968,884736,917504,983040,1015808,2031616,1966080,1900544,1835008,1769472,1703936,1572864,1507328,1441792,1310720,1310720,1245184,393216,1048576,917504,720896,589824",1460,0,0,0,0,0,0,0,23,"1,1,1,1,1,1,1,1,1,1,1,1,1,1,1,1,1,2,2,2,2,2,2,2,2,2,2,2,2,2,2,2,2,2,2,2,2,2,2,2,2,2,2,2,2,2,2,1,1,1,1,1,1,1,1,1,1,1,1,2,1,1,1,1","169664,194005,232031,266896,227192,247382,271144,280527,325733,348216,372153,398356,440128,459463,483383,519798,535313,560981,592142,606320,633460,656453,687786,696832,690774,696954,704301,701475,708684,696668,696807,698800,612931,637579,649623,649355,665535,662109,667016,672556,669873,685016,680949,659434,649111,645408,615316,607578,587512,562123,548550,523070,505522,476691,445871,424490,385201,374953,357206,356977,305966,255977,201292,163317",5,1,4657,0,2,5,1058.5602777777779,4,3600,0,2819699,3686400,1245184,,false,,,
24,A,basic,detour,,,0.11.0,d7b11cdc,2048,0,true,4,512,1,0,49,0,"9,11,13,15,17,18,19,19,20,20,20,20,21,20,20,20,20,19,19,18,17,15,14,13,13,13,13,13,13,13,13,13,5,13,13,13,13,13,13,13,13,13,15,16,17,19,20,20,21,21,21,22,22,21,21,21,20,20,19,12,16,14,11,9",30,58,1573,"32,10",2115,"31,7,1264",0,63,6,72,3048,65536,,2067,"22,6",984,2662,"20,6,2991",8638,"4,32",3089,"18,7",1725,3,1359,51,2024,"63,33",2631,"63,34,3256",3315998,7030,0,3204227,65536,1024,0,0,1147,"589824,720896,851968,983040,1114112,1179648,1245184,1245184,1310720,1310720,1310720,1310720,1376256,1310720,1310720,1310720,1310720,1245184,1245184,1179648,1114112,983040,917504,851968,851968,851968,851968,851968,851968,851968,851968,851968,327680,851968,851968,851968,851968,851968,851968,851968,851968,851968,983040,1048576,1114112,1245184,1310720,1310720,1376256,1376256,1376256,1441792,1441792,1376256,1376256,1376256,1310720,1310720,1245184,393216,1048576,917504,720896,589824",1041,0,0,0,0,0,0,0,27,"1,1,1,1,1,1,1,1,1,1,1,1,1,1,1,1,1,1,1,1,1,1,1,1,1,1,1,1,1,1,1,1,1,1,1,1,1,1,1,1,1,1,1,1,1,1,1,1,1,1,1,1,1,1,1,1,1,1,1,2,1,1,1,1","169567,205512,245639,289809,236630,265474,296945,311116,334725,351977,355965,367269,389054,377664,379304,392955,387896,372153,368436,345538,321968,289848,282239,245896,256714,251880,244446,247830,243124,247802,245735,249529,105307,235624,230291,234137,235179,234045,234159,229058,231216,240931,277202,300701,324501,373361,371940,382170,407912,403404,404827,436102,428656,411903,406870,418468,394233,395149,375546,365876,301772,257830,198905,166687",5,1,7587,0,39,5,1102.4502777777777,4,3600,0,2663137,3686400,1245184,,true,,,
25,A,basic,straight,,,0.11.0,963fa175,2048,0,true,4,512,3,0,88,0,"0,0,0,1,3,3,3,3,3,3,3,5,5,5,5,5,5,5,5,5,5,5,5,5,5,5,5,5,5,5,5,5,3,13,13,13,13,13,13,13,13,13,13,13,13,13,13,13,13,13,13,13,13,13,13,13,13,13,13,8,13,11,9,7",20,56,1347,"32,31",1348,"32,31,315",0,33,33,92,2330,65536,,254,"41,26",81,393,"45,26,2514",18989,"4,32",2072,"27,32",253,7,164,12,171,"63,30",200,"63,30,2796",12386763,3598,3552689,0,65536,1024,0,0,287,",,,65536,196608,196608,196608,196608,196608,196608,196608,327680,327680,327680,327680,327680,327680,327680,327680,327680,327680,327680,327680,327680,327680,327680,327680,327680,327680,327680,327680,327680,196608,851968,851968,851968,851968,851968,851968,851968,851968,851968,851968,851968,851968,851968,851968,851968,851968,851968,851968,851968,851968,851968,851968,851968,851968,851968,851968,262144,851968,720896,589824,458752",533,0,0,0,0,0,0,0,7,"0,0,0,1,1,1,1,1,1,1,1,1,1,1,1,1,1,1,1,1,1,1,1,1,1,1,1,1,1,1,1,1,1,1,1,1,1,1,1,1,1,1,1,1,1,1,1,1,1,1,1,1,1,1,1,1,1,1,1,2,1,1,1,1",",,0,8091,21335,47007,47130,47447,47796,47918,48229,48572,48693,48998,49336,49456,49755,50088,50207,50500,50829,50947,51235,51559,52425,52049,51599,51148,50971,50907,51075,51573,48140,151264,156734,155273,156563,158000,165250,164982,163957,170200,165698,176103,165071,171429,171902,175584,171062,169271,169074,166511,168966,160242,160640,160394,149703,151435,150483,312359,249039,206153,163077,125492",5,1,17964,0,23,5,1271.1730555555555,4,3600,0,3398087,3686400,196608,,false,,,
25,A,basic,distributed,,,0.11.0,3ac2e23b,2048,0,true,4,512,3,0,53,0,"9,11,13,15,17,18,19,19,21,22,23,24,26,27,28,29,30,30,30,29,28,26,25,24,24,24,24,24,24,24,24,24,8,24,24,24,24,24,24,24,24,24,26,27,28,30,31,31,30,29,28,27,26,24,23,22,20,20,19,12,16,14,11,9",20,56,1061,"32,10",1439,"31,8,3588",0,63,6,78,2837,65536,,1614,"21,6",508,1680,"19,6,2853",5326,"4,32",2024,"5,31",1862,2,1912,47,1300,"63,30",1712,"63,28,2549",909790,5867,1166891,2142040,65536,1024,0,0,850,"589824,720896,851968,983040,1114112,1179648,1245184,1245184,1376256,1441792,1507328,1572864,1703936,1769472,1835008,1900544,1966080,983040,983040,950272,917504,851968,819200,786432,786432,786432,786432,786432,786432,786432,786432,786432,262144,786432,786432,786432,786432,786432,786432,786432,786432,786432,851968,884736,917504,983040,1015808,2031616,1966080,1900544,1835008,1769472,1703936,1572864,1507328,1441792,1310720,1310720,1245184,393216,1048576,917504,720896,589824",1462,0,0,0,0,0,0,0,21,"1,1,1,1,1,1,1,1,1,1,1,1,1,1,1,1,1,2,2,2,2,2,2,2,2,2,2,2,2,2,2,2,2,2,2,2,2,2,2,2,2,2,2,2,2,2,2,1,1,1,1,1,1,1,1,1,1,1,1,2,1,1,1,1","158791,192055,221658,245629,224334,236944,266563,271161,314060,328975,349758,376139,415314,440945,465706,485288,508103,529213,549502,563692,565914,599672,611667,622231,625876,630690,628448,610351,628749,626398,611483,625941,624081,670489,677225,668602,673092,686944,680578,685691,692659,695379,669145,663574,659843,626384,624608,599575,572188,569058,539548,520732,499627,461000,449163,424224,379477,372746,354358,364307,296811,257678,204021,166278",5,1,4292,0,2,5,1055.6916666666666,4,3600,0,2876407,3686400,1245184,,true,,,
25,A,basic,detour,,,0.11.0,d7b11cdc,2048,0,true,4,512,3,0,49,0,"9,11,13,15,17,18,19,19,20,20,20,20,21,20,20,20,20,19,19,18,17,15,14,13,13,13,13,13,13,13,13,13,5,13,13,13,13,13,13,13,13,13,15,16,17,19,20,20,21,21,21,22,22,21,21,21,20,20,19,12,16,14,11,9",30,56,1573,"32,10",2115,"31,7,1264",0,63,6,72,3048,65536,,2067,"22,6",984,2662,"20,6,2991",8638,"4,32",3089,"18,7",1725,3,1359,51,2024,"63,33",2631,"63,34,3256",3315998,7030,0,3204227,65536,1024,0,0,1147,"589824,720896,851968,983040,1114112,1179648,1245184,1245184,1310720,1310720,1310720,1310720,1376256,1310720,1310720,1310720,1310720,1245184,1245184,1179648,1114112,983040,917504,851968,851968,851968,851968,851968,851968,851968,851968,851968,327680,851968,851968,851968,851968,851968,851968,851968,851968,851968,983040,1048576,1114112,1245184,1310720,1310720,1376256,1376256,1376256,1441792,1441792,1376256,1376256,1376256,1310720,1310720,1245184,393216,1048576,917504,720896,589824",1041,0,0,0,0,0,0,0,27,"1,1,1,1,1,1,1,1,1,1,1,1,1,1,1,1,1,1,1,1,1,1,1,1,1,1,1,1,1,1,1,1,1,1,1,1,1,1,1,1,1,1,1,1,1,1,1,1,1,1,1,1,1,1,1,1,1,1,1,2,1,1,1,1","169567,205512,245639,289809,236630,265474,296945,311116,334725,351977,355965,367269,389054,377664,379304,392955,387896,372153,368436,345538,321968,289848,282239,245896,256714,251880,244446,247830,243124,247802,245735,249529,105307,235624,230291,234137,235179,234045,234159,229058,231216,240931,277202,300701,324501,373361,371940,382170,407912,403404,404827,436102,428656,411903,406870,418468,394233,395149,375546,365876,301772,257830,198905,166687",5,1,7587,0,39,5,1102.4502777777777,4,3600,0,2663137,3686400,1245184,,true,,,
26,A,basic,straight,,,0.11.0,bbe83795,2048,0,true,4,512,5,0,86,0,"0,0,0,1,3,3,3,3,3,3,3,5,5,5,5,5,5,5,5,5,5,5,5,5,5,5,5,5,5,5,5,5,5,13,13,13,13,13,13,13,13,13,13,13,13,13,13,13,13,13,13,13,13,13,13,13,13,13,13,8,13,11,9,7",20,54,268,"33,28",349,"33,27,2926",0,33,33,92,2336,65536,,355,"47,26",96,450,"44,26,3463",18989,"4,32",2072,"27,32",253,7,164,14,181,"63,33",216,"63,30,3249",12386763,3598,3552788,0,65536,1024,0,0,293,",,,65536,196608,196608,196608,196608,196608,196608,196608,327680,327680,327680,327680,327680,327680,327680,327680,327680,327680,327680,327680,327680,327680,327680,327680,327680,327680,327680,327680,327680,327680,851968,851968,851968,851968,851968,851968,851968,851968,851968,851968,851968,851968,851968,851968,851968,851968,851968,851968,851968,851968,851968,851968,851968,851968,851968,851968,262144,851968,720896,589824,458752",535,0,0,0,0,0,0,0,7,"0,0,0,1,1,1,1,1,1,1,1,1,1,1,1,1,1,1,1,1,1,1,1,1,1,1,1,1,1,1,1,1,1,1,1,1,1,1,1,1,1,1,1,1,1,1,1,1,1,1,1,1,1,1,1,1,1,1,1,2,1,1,1,1",",,0,8091,21335,47007,47130,47447,47796,47918,48229,48572,48693,48998,49336,49456,49755,50088,50207,50500,50829,50947,51235,51559,52425,52049,51599,51148,50971,50907,51075,51346,51508,163156,168504,160727,167075,175266,170804,172974,176399,171494,182642,174143,175039,187224,172453,186237,175137,176170,175190,174431,178182,167694,167080,167589,157986,160848,158064,307832,255461,204432,163518,131512",5,1,17964,0,23,5,1271.1730555555555,4,3600,0,3392062,3686400,196608,,false,,,
26,A,basic,distributed,,,0.11.0,c5d01770,2048,0,true,4,512,5,0,53,0,"9,11,13,15,17,18,19,19,21,22,23,24,26,27,28,29,30,30,30,29,28,26,25,24,24,24,24,24,24,24,24,24,10,24,24,24,24,24,24,24,24,24,26,27,28,30,31,31,30,29,28,27,26,24,23,22,20,20,19,12,16,14,11,9",20,54,1027,"32,10",1378,"31,8,2422",0,63,6,78,2840,65536,,1417,"20,6",504,1732,"19,6,3457",5365,"4,32",2025,"5,31",3539,2,3599,47,1293,"63,28",1669,"63,30,3424",922295,6069,1286230,2133675,65536,1024,0,0,852,"589824,720896,851968,983040,1114112,1179648,1245184,1245184,1376256,1441792,1507328,1572864,1703936,1769472,1835008,1900544,1966080,983040,983040,950272,917504,851968,819200,786432,786432,786432,786432,786432,786432,786432,786432,786432,327680,786432,786432,786432,786432,786432,786432,786432,786432,786432,851968,884736,917504,983040,1015808,2031616,1966080,1900544,1835008,1769472,1703936,1572864,1507328,1441792,1310720,1310720,1245184,393216,1048576,917504,720896,589824",1464,0,0,0,0,0,0,0,21,"1,1,1,1,1,1,1,1,1,1,1,1,1,1,1,1,1,2,2,2,2,2,2,2,2,2,2,2,2,2,2,2,2,2,2,2,2,2,2,2,2,2,2,2,2,2,2,1,1,1,1,1,1,1,1,1,1,1,1,2,1,1,1,1","158296,188295,228650,245584,225658,236647,263372,272420,317450,330566,355475,379571,413875,439973,467776,486869,507250,532044,555498,568019,573372,593747,623105,631331,632458,624394,636890,623114,633461,638318,635678,637598,646885,670564,670699,673021,680925,676191,680491,682069,692060,686436,682681,669631,650905,642983,624713,599749,568208,564968,537259,520560,498955,465568,455164,417480,388309,372720,348901,360122,299255,258861,204033,167575",5,1,4342,0,2,5,1056.171388888889,4,3600,0,2875569,3686400,1245184,,true,,,
26,A,basic,detour,,,0.11.0,d7b11cdc,2048,0,true,4,512,5,0,49,0,"9,11,13,15,17,18,19,19,20,20,20,20,21,20,20,20,20,19,19,18,17,15,14,13,13,13,13,13,13,13,13,13,5,13,13,13,13,13,13,13,13,13,15,16,17,19,20,20,21,21,21,22,22,21,21,21,20,20,19,12,16,14,11,9",30,54,1573,"32,10",2115,"31,7,1264",0,63,6,72,3048,65536,,2067,"22,6",984,2662,"20,6,2991",8638,"4,32",3089,"18,7",1725,3,1359,51,2024,"63,33",2631,"63,34,3256",3315998,7030,0,3204227,65536,1024,0,0,1147,"589824,720896,851968,983040,1114112,1179648,1245184,1245184,1310720,1310720,1310720,1310720,1376256,1310720,1310720,1310720,1310720,1245184,1245184,1179648,1114112,983040,917504,851968,851968,851968,851968,851968,851968,851968,851968,851968,327680,851968,851968,851968,851968,851968,851968,851968,851968,851968,983040,1048576,1114112,1245184,1310720,1310720,1376256,1376256,1376256,1441792,1441792,1376256,1376256,1376256,1310720,1310720,1245184,393216,1048576,917504,720896,589824",1041,0,0,0,0,0,0,0,27,"1,1,1,1,1,1,1,1,1,1,1,1,1,1,1,1,1,1,1,1,1,1,1,1,1,1,1,1,1,1,1,1,1,1,1,1,1,1,1,1,1,1,1,1,1,1,1,1,1,1,1,1,1,1,1,1,1,1,1,2,1,1,1,1","169567,205512,245639,289809,236630,265474,296945,311116,334725,351977,355965,367269,389054,377664,379304,392955,387896,372153,368436,345538,321968,289848,282239,245896,256714,251880,244446,247830,243124,247802,245735,249529,105307,235624,230291,234137,235179,234045,234159,229058,231216,240931,277202,300701,324501,373361,371940,382170,407912,403404,404827,436102,428656,411903,406870,418468,394233,395149,375546,365876,301772,257830,198905,166687",5,1,7587,0,39,5,1102.4502777777777,4,3600,0,2663137,3686400,1245184,,true,,,
27,A,basic,straight,,,0.11.0,466a8915,2048,0,true,4,512,9,0,86,0,"0,0,1,4,8,7,13,11,13,13,13,13,13,13,13,13,13,13,13,13,13,13,13,13,13,13,13,13,13,13,13,13,9,13,13,13,13,13,13,13,13,13,13,13,13,13,13,13,13,13,13,13,13,13,13,13,13,13,13,8,13,11,9,7",20,50,183,"33,26",257,"33,27,2451",0,63,33,91,2345,65536,,309,"43,26",107,363,"45,26,3010",18994,"4,32",2080,"28,32",1721,7,1295,14,161,"63,30",197,"63,30,2809",12386742,3598,3672220,0,65536,1024,0,0,301,",,65536,65536,174762,152917,851968,360448,851968,851968,851968,851968,851968,851968,851968,851968,851968,851968,851968,851968,851968,851968,851968,851968,851968,851968,851968,851968,851968,851968,851968,851968,589824,851968,851968,851968,851968,851968,851968,851968,851968,851968,851968,851968,851968,851968,851968,851968,851968,851968,851968,851968,851968,851968,851968,851968,851968,851968,851968,262144,851968,720896,589824,458752",799,0,0,0,0,0,0,0,8,"0,0,1,4,3,3,1,2,1,1,1,1,1,1,1,1,1,1,1,1,1,1,1,1,1,1,1,1,1,1,1,1,1,1,1,1,1,1,1,1,1,1,1,1,1,1,1,1,1,1,1,1,1,1,1,1,1,1,1,2,1,1,1,1","135124,176742,221636,109858,36325,75821,81514,82489,84684,87209,87474,91672,95983,95594,98238,104078,101308,108112,107141,112081,107900,112893,115796,119998,117265,119872,121036,123378,123283,126016,129369,128757,86571,145873,156775,151807,157633,157929,159445,171098,157604,167773,171937,172217,169586,170245,171189,170654,171321,171593,168198,165007,166637,159433,162706,153413,156171,152659,150913,314375,249874,205629,162915,129836",5,1,17968,0,24,5,1271.2902777777779,4,3600,0,3382026,3686400,851968,,false,,,
27,A,basic,distributed,,,0.11.0,721e54b8,2048,0,true,4,512,9,0,52,0,"9,11,13,15,17,18,19,19,21,22,23,24,26,27,28,29,30,30,30,29,28,26,25,24,24,24,24,24,24,24,24,24,14,24,24,24,24,24,24,24,24,24,26,27,28,30,31,31,30,29,28,27,26,24,23,22,20,20,19,12,16,14,11,9",20,50,1080,"32,10",1361,"31,7,1898",0,63,6,77,2841,65536,,1339,"29,6",516,1691,"20,6,2110",5484,"4,32",2028,"5,31",2434,2,3334,48,1147,"63,31",1622,"63,28,2859",956018,5960,1452519,2130799,65536,1024,0,0,854,"589824,720896,851968,983040,1114112,1179648,1245184,1245184,1376256,1441792,1507328,1572864,1703936,1769472,1835008,1900544,1966080,983040,983040,950272,917504,851968,819200,786432,786432,786432,786432,786432,786432,786432,786432,786432,458752,786432,786432,786432,786432,786432,786432,786432,786432,786432,851968,884736,917504,983040,1015808,2031616,1966080,1900544,1835008,1769472,1703936,1572864,1507328,1441792,1310720,1310720,1245184,393216,1048576,917504,720896,589824",1468,0,0,0,0,0,0,0,22,"1,1,1,1,1,1,1,1,1,1,1,1,1,1,1,1,1,2,2,2,2,2,2,2,2,2,2,2,2,2,2,2,2,2,2,2,2,2,2,2,2,2,2,2,2,2,2,1,1,1,1,1,1,1,1,1,1,1,1,2,1,1,1,1","161868,195195,224398,253829,221971,240351,264082,270151,314878,336506,353371,376599,415945,446160,467630,491860,510573,533051,559572,566338,582300,599011,627526,639567,636049,636962,642397,631438,637828,638177,634096,643647,640620,668339,670538,670052,683436,673704,680535,692151,679792,694386,680964,668787,648397,640652,614345,599122,576577,558963,538675,524427,501853,463547,445889,422139,384788,370163,353789,357459,297735,261901,202153,171175",5,1,4429,0,2,5,1056.4008333333334,4,3600,0,2872458,3686400,1245184,,true,,,
27,A,basic,detour,,,0.11.0,d7b11cdc,2048,0,true,4,512,9,0,49,0,"9,11,13,15,17,18,19,19,20,20,20,20,21,20,20,20,20,19,19,18,17,15,14,13,13,13,13,13,13,13,13,13,5,13,13,13,13,13,13,13,13,13,15,16,17,19,20,20,21,21,21,22,22,21,21,21,20,20,19,12,16,14,11,9",30,50,1573,"32,10",2115,"31,7,1264",0,63,6,72,3048,65536,,2067,"22,6",984,2662,"20,6,2991",8638,"4,32",3089,"18,7",1725,3,1359,51,2024,"63,33",2631,"63,34,3256",3315998,7030,0,3204227,65536,1024,0,0,1147,"589824,720896,851968,983040,1114112,1179648,1245184,1245184,1310720,1310720,1310720,1310720,1376256,1310720,1310720,1310720,1310720,1245184,1245184,1179648,1114112,983040,917504,851968,851968,851968,851968,851968,851968,851968,851968,851968,327680,851968,851968,851968,851968,851968,851968,851968,851968,851968,983040,1048576,1114112,1245184,1310720,1310720,1376256,1376256,1376256,1441792,1441792,1376256,1376256,1376256,1310720,1310720,1245184,393216,1048576,917504,720896,589824",1041,0,0,0,0,0,0,0,27,"1,1,1,1,1,1,1,1,1,1,1,1,1,1,1,1,1,1,1,1,1,1,1,1,1,1,1,1,1,1,1,1,1,1,1,1,1,1,1,1,1,1,1,1,1,1,1,1,1,1,1,1,1,1,1,1,1,1,1,2,1,1,1,1","169567,205512,245639,289809,236630,265474,296945,311116,334725,351977,355965,367269,389054,377664,379304,392955,387896,372153,368436,345538,321968,289848,282239,245896,256714,251880,244446,247830,243124,247802,245735,249529,105307,235624,230291,234137,235179,234045,234159,229058,231216,240931,277202,300701,324501,373361,371940,382170,407912,403404,404827,436102,428656,411903,406870,418468,394233,395149,375546,365876,301772,257830,198905,166687",5,1,7587,0,39,5,1102.4502777777777,4,3600,0,2663137,3686400,1245184,,true,,,
28,A,basic,straight,,,0.11.0,adccfc92,2048,65536,true,4,512,1,0,16,0,"7,9,11,13,13,13,13,13,13,13,13,13,13,13,13,13,13,13,13,13,13,13,13,13,13,13,13,13,13,13,13,13,1,2,3,3,3,3,3,3,3,4,4,4,4,5,4,5,4,4,4,4,4,4,4,4,4,4,4,0,0,0,0,0",101,58,3569,"31,27",3795,"31,27,3590",0,63,6,44,-1,0,"4,32,3",7754,"4,26",2389,7759,"0,29,3570",10139,"3,31",10139,"3,31",3597,3,3597,84,8450,"0,33",8893,"0,32,3600",31103320,222023,1695540,0,65536,1024,0,0,2399,"458752,589824,720896,851968,851968,851968,851968,851968,851968,851968,851968,851968,851968,851968,851968,851968,851968,851968,851968,851968,851968,851968,851968,851968,851968,851968,851968,851968,851968,851968,851968,851968,65536,131072,196608,196608,196608,196608,196608,196608,196608,262144,262144,262144,262144,327680,262144,163840,262144,262144,262144,262144,262144,262144,262144,262144,262144,262144,262144,,,,,",719,0,0,0,0,0,0,0,55,"1,1,1,1,1,1,1,1,1,1,1,1,1,1,1,1,1,1,1,1,1,1,1,1,1,1,1,1,1,1,1,1,1,1,1,1,1,1,1,1,1,1,1,1,1,1,1,2,1,1,1,1,1,1,1,1,1,1,1,0,0,0,0,0","129401,164398,200361,234339,237267,237660,240307,240649,242650,242520,243983,243120,244731,243584,245016,243333,245046,246144,242233,241838,246673,241707,246939,243965,248598,243674,247021,239979,249546,246875,247201,243963,0,87374,92690,95825,96161,94208,104867,96975,100692,107610,106543,111064,109110,111851,106559,112727,110238,108894,108058,111465,107463,111524,111942,112129,108394,115254,105198,283942,240910,198795,161777,132104",5,1,8060,2,2,5,1118.913611111111,3,3600,4643588,1627668,3686400,851968,,true,,,
28,A,basic,distributed,,,0.11.0,f92b09f9,2048,65536,true,4,512,1,0,49,0,"9,11,13,15,17,18,19,19,21,22,23,24,26,27,28,29,30,30,30,29,28,26,25,24,24,24,24,24,24,24,24,24,6,24,24,24,24,24,24,24,24,24,26,27,28,30,31,31,30,29,28,27,26,24,23,22,20,20,19,12,16,14,11,9",21,58,1603,"31,35",2070,"31,30,2038",0,63,6,76,2900,0,"4,32,3",1368,"31,37",568,1907,"30,27,3018",4150,"4,32",2182,"30,28",1677,1,3252,51,979,"63,28",1379,"63,32,2665",23871,1708,1146276,2058723,65536,1024,0,0,938,"589824,720896,851968,983040,1114112,1179648,1245184,1245184,1376256,1441792,1507328,1572864,1703936,1769472,1835008,1900544,1966080,983040,983040,950272,917504,851968,819200,786432,786432,786432,786432,786432,786432,786432,786432,786432,196608,786432,786432,786432,786432,786432,786432,786432,786432,786432,851968,884736,917504,983040,1015808,2031616,1966080,1900544,1835008,1769472,1703936,1572864,1507328,1441792,1310720,1310720,1245184,393216,1048576,917504,720896,589824",1460,0,0,0,0,0,0,0,23,"1,1,1,1,1,1,1,1,1,1,1,1,1,1,1,1,1,2,2,2,2,2,2,2,2,2,2,2,2,2,2,2,2,2,2,2,2,2,2,2,2,2,2,2,2,2,2,1,1,1,1,1,1,1,1,1,1,1,1,2,1,1,1,1","159202,209364,233397,269712,252749,278522,306476,326436,369716,398932,426611,447617,489234,508831,535747,568315,576729,612378,640213,651488,672562,691710,706802,711717,707984,712298,696776,718697,689528,697955,698835,686232,636719,675870,678537,683795,685833,689439,702431,696564,695416,712610,684300,671498,661218,644068,623273,604645,586014,566040,542469,525414,509134,471944,448534,428935,372459,371739,356478,366034,303059,256605,198612,169785",5,1,3107,0,30,5,1023.1369444444445,4,3600,957352,2814332,3686400,1245184,,false,,,
28,A,basic,detour,,,0.11.0,ce74f9f6,2048,65536,true,4,512,1,0,49,0,"9,11,13,15,17,18,19,19,20,20,20,20,21,20,20,20,20,19,19,18,17,15,14,13,13,13,13,13,13,13,13,13,5,13,13,13,13,13,13,13,13,13,15,16,17,19,20,20,21,21,21,22,22,21,21,21,20,20,19,12,16,14,11,9",24,58,1542,"33,7",1850,"31,7,3180",0,63,6,73,2988,0,"4,32,3",1699,"21,6",935,2219,"19,6,2521",4254,"4,32",2471,"19,7",3013,1,1734,51,1559,"63,33",1950,"63,32,2801",102276,3332,0,3211042,65536,1024,0,0,1080,"589824,720896,851968,983040,1114112,1179648,1245184,1245184,1310720,1310720,1310720,1310720,1376256,1310720,1310720,1310720,1310720,1245184,1245184,1179648,1114112,983040,917504,851968,851968,851968,851968,851968,851968,851968,851968,851968,327680,851968,851968,851968,851968,851968,851968,851968,851968,851968,983040,1048576,1114112,1245184,1310720,1310720,1376256,1376256,1376256,1441792,1441792,1376256,1376256,1376256,1310720,1310720,1245184,393216,1048576,917504,720896,589824",1041,0,0,0,0,0,0,0,26,"1,1,1,1,1,1,1,1,1,1,1,1,1,1,1,1,1,1,1,1,1,1,1,1,1,1,1,1,1,1,1,1,1,1,1,1,1,1,1,1,1,1,1,1,1,1,1,1,1,1,1,1,1,1,1,1,1,1,1,2,1,1,1,1","166481,206154,242481,278308,269411,298300,326066,338191,367616,372905,374602,383639,404907,381297,388425,385140,386565,371565,367961,354614,331290,292424,280375,247654,255342,252255,250658,251392,253264,247612,251194,245815,102762,245903,234561,241073,240710,242718,244269,238686,246392,244618,287056,305007,332803,368688,385141,387854,401602,399661,401067,421937,423801,404089,408539,404365,384120,391326,368523,359004,302816,260656,200850,165525",5,1,3192,0,40,5,1023.1133333333333,4,3600,2699994,2723377,3686400,1245184,,true,,,
29,A,basic,straight,,,0.11.0,8e587196,2048,65536,true,4,512,3,0,72,0,"7,9,11,13,13,13,13,13,13,13,13,13,13,13,13,13,13,13,13,13,13,13,13,13,13,13,13,13,13,13,13,13,3,13,13,13,13,13,13,13,13,13,13,13,13,13,13,13,13,13,13,13,13,13,13,13,13,13,13,8,13,11,9,7",18,56,1543,"32,31",1544,"32,31,2564",0,63,6,90,2399,0,"4,32,3",608,"43,26",252,732,"44,26,2852",5028,"4,32",1854,"6,32",105,1,12,28,330,"63,34",393,"63,34,2645",95989,2004,3524613,0,65536,1024,0,0,353,"458752,589824,720896,851968,851968,851968,851968,851968,851968,851968,851968,851968,851968,851968,851968,851968,851968,851968,851968,851968,851968,851968,851968,851968,851968,851968,851968,851968,851968,851968,851968,851968,196608,851968,851968,851968,851968,851968,851968,851968,851968,851968,851968,851968,851968,851968,851968,851968,851968,851968,851968,851968,851968,851968,851968,851968,851968,851968,851968,262144,851968,720896,589824,458752",793,0,0,0,0,0,0,0,9,"1,1,1,1,1,1,1,1,1,1,1,1,1,1,1,1,1,1,1,1,1,1,1,1,1,1,1,1,1,1,1,1,1,1,1,1,1,1,1,1,1,1,1,1,1,1,1,1,1,1,1,1,1,1,1,1,1,1,1,2,1,1,1,1","126328,164568,193489,205307,131544,143956,145881,152499,144046,153825,150544,150975,152178,152073,158401,157219,154948,158788,160843,158757,163283,158786,155057,157822,163314,154680,162071,157867,163498,155946,161044,153418,53482,193980,196813,194508,204896,199610,201411,206862,209237,206141,211850,211009,208529,209400,217025,212776,213051,214623,208151,214942,206418,205722,200368,202315,191265,198003,186476,309628,254913,207279,165955,131593",5,1,3179,0,2,5,1023.1169444444445,4,3600,1789184,3325098,3686400,851968,,false,,,
29,A,basic,distributed,,,0.11.0,be737521,2048,65536,true,4,512,3,0,52,0,"9,11,13,15,17,18,19,19,21,22,23,24,26,27,28,29,30,30,30,29,28,26,25,24,24,24,24,24,24,24,24,24,8,24,24,24,24,24,24,24,24,24,26,27,28,30,31,31,30,29,28,27,26,24,23,22,20,20,19,12,16,14,11,9",15,56,839,"32,10",1084,"31,8,2142",0,63,6,79,2790,0,"4,32,3",1116,"19,6",468,1453,"19,6,1206",4131,"4,32",1553,"19,8",2302,1,1710,48,1099,"63,31",1322,"63,31,2126",13599,1708,1447797,1883141,65536,1024,0,0,795,"589824,720896,851968,983040,1114112,1179648,1245184,1245184,1376256,1441792,1507328,1572864,1703936,1769472,1835008,1900544,1966080,983040,983040,950272,917504,851968,819200,786432,786432,786432,786432,786432,786432,786432,786432,786432,262144,786432,786432,786432,786432,786432,786432,786432,786432,786432,851968,884736,917504,983040,1015808,2031616,1966080,1900544,1835008,1769472,1703936,1572864,1507328,1441792,1310720,1310720,1245184,393216,1048576,917504,720896,589824",1462,0,0,0,0,0,0,0,20,"1,1,1,1,1,1,1,1,1,1,1,1,1,1,1,1,1,2,2,2,2,2,2,2,2,2,2,2,2,2,2,2,2,2,2,2,2,2,2,2,2,2,2,2,2,2,2,1,1,1,1,1,1,1,1,1,1,1,1,2,1,1,1,1","163653,200180,226252,252043,236265,264606,288006,297673,342837,369534,385785,408115,449677,468976,500741,514433,535392,562560,586589,598123,610296,630303,653691,657421,661047,666325,662483,653575,664390,660555,658336,658632,658033,723088,721959,732969,723536,723744,722231,736683,720157,729514,707426,688514,683935,663860,645234,621033,591720,577747,555047,528476,514691,473640,449504,427527,376230,371326,361218,364243,303640,257302,202971,166617",5,1,3095,0,39,5,1023.1402777777778,4,3600,271648,2926068,3686400,1245184,,true,,,
29,A,basic,detour,,,0.11.0,ce74f9f6,2048,65536,true,4,512,3,0,49,0,"9,11,13,15,17,18,19,19,20,20,20,20,21,20,20,20,20,19,19,18,17,15,14,13,13,13,13,13,13,13,13,13,5,13,13,13,13,13,13,13,13,13,15,16,17,19,20,20,21,21,21,22,22,21,21,21,20,20,19,12,16,14,11,9",24,56,1542,"33,7",1850,"31,7,3180",0,63,6,73,2988,0,"4,32,3",1699,"21,6",935,2219,"19,6,2521",4254,"4,32",2471,"19,7",3013,1,1734,51,1559,"63,33",1950,"63,32,2801",102276,3332,0,3211042,65536,1024,0,0,1080,"589824,720896,851968,983040,1114112,1179648,1245184,1245184,1310720,1310720,1310720,1310720,1376256,1310720,1310720,1310720,1310720,1245184,1245184,1179648,1114112,983040,917504,851968,851968,851968,851968,851968,851968,851968,851968,851968,327680,851968,851968,851968,851968,851968,851968,851968,851968,851968,983040,1048576,1114112,1245184,1310720,1310720,1376256,1376256,1376256,1441792,1441792,1376256,1376256,1376256,1310720,1310720,1245184,393216,1048576,917504,720896,589824",1041,0,0,0,0,0,0,0,26,"1,1,1,1,1,1,1,1,1,1,1,1,1,1,1,1,1,1,1,1,1,1,1,1,1,1,1,1,1,1,1,1,1,1,1,1,1,1,1,1,1,1,1,1,1,1,1,1,1,1,1,1,1,1,1,1,1,1,1,2,1,1,1,1","166481,206154,242481,278308,269411,298300,326066,338191,367616,372905,374602,383639,404907,381297,388425,385140,386565,371565,367961,354614,331290,292424,280375,247654,255342,252255,250658,251392,253264,247612,251194,245815,102762,245903,234561,241073,240710,242718,244269,238686,246392,244618,287056,305007,332803,368688,385141,387854,401602,399661,401067,421937,423801,404089,408539,404365,384120,391326,368523,359004,302816,260656,200850,165525",5,1,3192,0,40,5,1023.1133333333333,4,3600,2699994,2723377,3686400,1245184,,true,,,
30,A,basic,straight,,,0.11.0,62cae234,2048,65536,true,4,512,5,0,71,0,"7,9,11,13,13,13,13,13,13,13,13,13,13,13,13,13,13,13,13,13,13,13,13,13,13,13,13,13,13,13,13,13,5,13,13,13,13,13,13,13,13,13,13,13,13,13,13,13,13,13,13,13,13,13,13,13,13,13,13,8,13,11,9,7",18,54,604,"33,28",789,"33,27,2522",0,63,6,90,2402,0,"4,32,3",694,"41,38",259,878,"39,26,1942",5028,"4,32",1855,"6,32",2990,1,12,29,300,"63,30",459,"63,30,2929",95407,1997,3534968,0,65536,1024,0,0,357,"458752,589824,720896,851968,851968,851968,851968,851968,851968,851968,851968,851968,851968,851968,851968,851968,851968,851968,851968,851968,851968,851968,851968,851968,851968,851968,851968,851968,851968,851968,851968,851968,327680,851968,851968,851968,851968,851968,851968,851968,851968,851968,851968,851968,851968,851968,851968,851968,851968,851968,851968,851968,851968,851968,851968,851968,851968,851968,851968,262144,851968,720896,589824,458752",795,0,0,0,0,0,0,0,9,"1,1,1,1,1,1,1,1,1,1,1,1,1,1,1,1,1,1,1,1,1,1,1,1,1,1,1,1,1,1,1,1,1,1,1,1,1,1,1,1,1,1,1,1,1,1,1,1,1,1,1,1,1,1,1,1,1,1,1,2,1,1,1,1","129444,158940,190392,205370,122210,139432,145157,145737,141465,142295,141726,137588,141407,147101,138727,142432,138810,145929,139263,147220,141848,146645,142501,142985,143177,136308,144066,144898,145461,137866,141711,140412,66501,213729,211195,207429,218406,206761,218171,215494,214243,222657,216111,219207,220326,221255,218618,219642,216824,222949,220074,212782,215486,215150,202634,208699,203928,201143,194297,305818,254410,209388,162144,133810",5,1,3175,0,2,5,1023.1180555555555,4,3600,1642115,3322140,3686400,851968,,false,,,
30,A,basic,distributed,,,0.11.0,2a046c3a,2048,65536,true,4,512,5,0,52,0,"9,11,13,15,17,18,19,19,21,22,23,24,26,27,28,29,30,30,30,29,28,26,25,24,24,24,24,24,24,24,24,24,10,24,24,24,24,24,24,24,24,24,26,27,28,30,31,31,30,29,28,27,26,24,23,22,20,20,19,12,16,14,11,9",15,54,967,"31,8",1108,"31,7,2518",0,63,6,78,2804,0,"4,32,3",1101,"20,6",496,1428,"19,6,3350",4133,"4,32",1552,"18,7",3299,1,1862,48,1072,"63,32",1343,"63,33,2537",15106,1708,1591204,1884569,65536,1024,0,0,808,"589824,720896,851968,983040,1114112,1179648,1245184,1245184,1376256,1441792,1507328,1572864,1703936,1769472,1835008,1900544,1966080,983040,983040,950272,917504,851968,819200,786432,786432,786432,786432,786432,786432,786432,786432,786432,327680,786432,786432,786432,786432,786432,786432,786432,786432,786432,851968,884736,917504,983040,1015808,2031616,1966080,1900544,1835008,1769472,1703936,1572864,1507328,1441792,1310720,1310720,1245184,393216,1048576,917504,720896,589824",1464,0,0,0,0,0,0,0,21,"1,1,1,1,1,1,1,1,1,1,1,1,1,1,1,1,1,2,2,2,2,2,2,2,2,2,2,2,2,2,2,2,2,2,2,2,2,2,2,2,2,2,2,2,2,2,2,1,1,1,1,1,1,1,1,1,1,1,1,2,1,1,1,1","167293,195196,230849,259311,238766,264829,293432,305167,350980,376642,398836,424001,460340,488769,512538,534443,548221,590169,602058,619336,633602,650801,679227,689114,694598,680231,693152,689501,694093,690592,691632,696910,664165,724521,717350,712748,727702,713067,724527,724380,721129,729364,706668,701213,678351,656043,636485,622205,594612,570407,560245,526575,510712,476589,454687,423872,384795,374231,350939,371650,299555,262014,195761,162879",5,1,3100,0,39,5,1023.1388888888889,4,3600,273753,2911175,3686400,1245184,,true,,,
30,A,basic,detour,,,0.11.0,ce74f9f6,2048,65536,true,4,512,5,0,49,0,"9,11,13,15,17,18,19,19,20,20,20,20,21,20,20,20,20,19,19,18,17,15,14,13,13,13,13,13,13,13,13,13,5,13,13,13,13,13,13,13,13,13,15,16,17,19,20,20,21,21,21,22,22,21,21,21,20,20,19,12,16,14,11,9",24,54,1542,"33,7",1850,"31,7,3180",0,63,6,73,2988,0,"4,32,3",1699,"21,6",935,2219,"19,6,2521",4254,"4,32",2471,"19,7",3013,1,1734,51,1559,"63,33",1950,"63,32,2801",102276,3332,0,3211042,65536,1024,0,0,1080,"589824,720896,851968,983040,1114112,1179648,1245184,1245184,1310720,1310720,1310720,1310720,1376256,1310720,1310720,1310720,1310720,1245184,1245184,1179648,1114112,983040,917504,851968,851968,851968,851968,851968,851968,851968,851968,851968,327680,851968,851968,851968,851968,851968,851968,851968,851968,851968,983040,1048576,1114112,1245184,1310720,1310720,1376256,1376256,1376256,1441792,1441792,1376256,1376256,1376256,1310720,1310720,1245184,393216,1048576,917504,720896,589824",1041,0,0,0,0,0,0,0,26,"1,1,1,1,1,1,1,1,1,1,1,1,1,1,1,1,1,1,1,1,1,1,1,1,1,1,1,1,1,1,1,1,1,1,1,1,1,1,1,1,1,1,1,1,1,1,1,1,1,1,1,1,1,1,1,1,1,1,1,2,1,1,1,1","166481,206154,242481,278308,269411,298300,326066,338191,367616,372905,374602,383639,404907,381297,388425,385140,386565,371565,367961,354614,331290,292424,280375,247654,255342,252255,250658,251392,253264,247612,251194,245815,102762,245903,234561,241073,240710,242718,244269,238686,246392,244618,287056,305007,332803,368688,385141,387854,401602,399661,401067,421937,423801,404089,408539,404365,384120,391326,368523,359004,302816,260656,200850,165525",5,1,3192,0,40,5,1023.1133333333333,4,3600,2699994,2723377,3686400,1245184,,true,,,
31,A,basic,straight,,,0.11.0,2fb37f67,2048,65536,true,4,512,9,0,68,0,"7,9,11,13,13,13,13,13,13,13,13,13,13,13,13,13,13,13,13,13,13,13,13,13,13,13,13,13,13,13,13,13,9,13,13,13,13,13,13,13,13,13,13,13,13,13,13,13,13,13,13,13,13,13,13,13,13,13,13,8,13,11,9,7",18,50,623,"33,27",697,"33,27,2096",0,63,6,89,2429,0,"4,32,3",618,"38,26",290,841,"42,26,2646",5028,"4,32",1854,"6,32",105,1,12,32,299,"63,33",425,"63,33,2696",96681,2032,3857817,0,65536,1024,0,0,381,"458752,589824,720896,851968,851968,851968,851968,851968,851968,851968,851968,851968,851968,851968,851968,851968,851968,851968,851968,851968,851968,851968,851968,851968,851968,851968,851968,851968,851968,851968,851968,851968,589824,851968,851968,851968,851968,851968,851968,851968,851968,851968,851968,851968,851968,851968,851968,851968,851968,851968,851968,851968,851968,851968,851968,851968,851968,851968,851968,262144,851968,720896,589824,458752",799,0,0,0,0,0,0,0,10,"1,1,1,1,1,1,1,1,1,1,1,1,1,1,1,1,1,1,1,1,1,1,1,1,1,1,1,1,1,1,1,1,1,1,1,1,1,1,1,1,1,1,1,1,1,1,1,1,1,1,1,1,1,1,1,1,1,1,1,2,1,1,1,1","129216,158069,200141,209728,142306,150329,153834,160815,154152,168262,153160,161777,165839,161375,164994,174160,170220,167585,181716,176968,172264,174149,182637,176301,184655,183091,185465,182382,185520,188560,191172,190605,130164,202380,201716,208085,209929,204462,211431,217323,215604,206579,219461,218241,211593,217525,222179,221864,212742,211665,215309,217802,208105,211673,202128,203889,204214,191291,194856,305300,250903,208135,166008,127338",5,1,3196,0,2,5,1023.1122222222223,4,3600,1719851,3296024,3686400,851968,,false,,,
31,A,basic,distributed,,,0.11.0,e7ca0961,2048,65536,true,4,512,9,0,52,0,"9,11,13,15,17,18,19,19,21,22,23,24,26,27,28,29,30,30,30,29,28,26,25,24,24,24,24,24,24,24,24,24,14,24,24,24,24,24,24,24,24,24,26,27,28,30,31,31,30,29,28,27,26,24,23,22,20,20,19,12,16,14,11,9",15,50,880,"33,8",1113,"31,8,1524",0,63,6,78,2807,0,"4,32,3",1006,"22,6",495,1385,"19,6,2259",4136,"4,32",1598,"19,8",3126,1,3224,48,1247,"63,34",1315,"63,32,3588",15554,1708,1789133,1882266,65536,1024,0,0,811,"589824,720896,851968,983040,1114112,1179648,1245184,1245184,1376256,1441792,1507328,1572864,1703936,1769472,1835008,1900544,1966080,983040,983040,950272,917504,851968,819200,786432,786432,786432,786432,786432,786432,786432,786432,786432,458752,786432,786432,786432,786432,786432,786432,786432,786432,786432,851968,884736,917504,983040,1015808,2031616,1966080,1900544,1835008,1769472,1703936,1572864,1507328,1441792,1310720,1310720,1245184,393216,1048576,917504,720896,589824",1468,0,0,0,0,0,0,0,21,"1,1,1,1,1,1,1,1,1,1,1,1,1,1,1,1,1,2,2,2,2,2,2,2,2,2,2,2,2,2,2,2,2,2,2,2,2,2,2,2,2,2,2,2,2,2,2,1,1,1,1,1,1,1,1,1,1,1,1,2,1,1,1,1","162260,200042,228231,262394,245140,265088,289538,310843,352404,374448,399448,424535,457467,489833,501621,538166,553988,588637,606531,623812,635359,654514,691267,688448,690885,692378,697487,693671,696495,697687,693551,698143,649348,712120,722064,721408,718871,724515,721428,730945,719896,732183,699018,696725,670866,652831,643906,613965,595116,569418,547361,538805,520445,476790,440751,430159,382426,372101,349093,373913,300036,265187,202819,169874",5,1,3098,0,39,5,1023.1394444444444,4,3600,272112,2907446,3686400,1245184,,true,,,
31,A,basic,detour,,,0.11.0,ce74f9f6,2048,65536,true,4,512,9,0,49,0,"9,11,13,15,17,18,19,19,20,20,20,20,21,20,20,20,20,19,19,18,17,15,14,13,13,13,13,13,13,13,13,13,5,13,13,13,13,13,13,13,13,13,15,16,17,19,20,20,21,21,21,22,22,21,21,21,20,20,19,12,16,14,11,9",24,50,1542,"33,7",1850,"31,7,3180",0,63,6,73,2988,0,"4,32,3",1699,"21,6",935,2219,"19,6,2521",4254,"4,32",2471,"19,7",3013,1,1734,51,1559,"63,33",1950,"63,32,2801",102276,3332,0,3211042,65536,1024,0,0,1080,"589824,720896,851968,983040,1114112,1179648,1245184,1245184,1310720,1310720,1310720,1310720,1376256,1310720,1310720,1310720,1310720,1245184,1245184,1179648,1114112,983040,917504,851968,851968,851968,851968,851968,851968,851968,851968,851968,327680,851968,851968,851968,851968,851968,851968,851968,851968,851968,983040,1048576,1114112,1245184,1310720,1310720,1376256,1376256,1376256,1441792,1441792,1376256,1376256,1376256,1310720,1310720,1245184,393216,1048576,917504,720896,589824",1041,0,0,0,0,0,0,0,26,"1,1,1,1,1,1,1,1,1,1,1,1,1,1,1,1,1,1,1,1,1,1,1,1,1,1,1,1,1,1,1,1,1,1,1,1,1,1,1,1,1,1,1,1,1,1,1,1,1,1,1,1,1,1,1,1,1,1,1,2,1,1,1,1","166481,206154,242481,278308,269411,298300,326066,338191,367616,372905,374602,383639,404907,381297,388425,385140,386565,371565,367961,354614,331290,292424,280375,247654,255342,252255,250658,251392,253264,247612,251194,245815,102762,245903,234561,241073,240710,242718,244269,238686,246392,244618,287056,305007,332803,368688,385141,387854,401602,399661,401067,421937,423801,404089,408539,404365,384120,391326,368523,359004,302816,260656,200850,165525",5,1,3192,0,40,5,1023.1133333333333,4,3600,2699994,2723377,3686400,1245184,,true,,,
32,A,basic,straight,,,0.11.0,d629fe31,2048,0,true,8,512,1,0,36,0,"15,17,19,19,21,21,21,21,21,21,21,21,21,21,21,21,21,21,21,21,21,21,21,21,21,21,21,21,21,21,21,21,1,1,1,1,1,1,1,1,1,1,1,1,1,1,1,1,1,1,1,2,2,2,2,2,2,2,2,0,0,0,0,0",383,58,38343,"31,31",38341,"31,31,3600",0,63,6,46,-1,65536,,5420,"30,22",1072,5420,"30,22,3600",38341,"31,31",38341,"31,31",3600,14,3600,64,1164,"0,25",1342,"0,27,3583",229008901,154632,1787850,0,65536,1024,0,0,2153,"983040,1114112,1245184,415061,1376256,1376256,1376256,1376256,1376256,1376256,1376256,1376256,1376256,1376256,1376256,1376256,1376256,1376256,1376256,1376256,1376256,1376256,1376256,1376256,1376256,1376256,1376256,1376256,1376256,1376256,1376256,1376256,65536,65536,65536,65536,65536,65536,65536,65536,65536,65536,65536,65536,65536,65536,65536,65536,65536,65536,65536,131072,131072,131072,131072,131072,131072,131072,131072,,,,,",1024,0,0,0,0,0,0,0,53,"1,1,1,3,1,1,1,1,1,1,1,1,1,1,1,1,1,1,1,1,1,1,1,1,1,1,1,1,1,1,1,1,1,1,1,1,1,1,1,1,1,1,1,1,1,1,1,1,1,1,1,1,1,1,1,1,1,1,1,0,0,0,0,0","305912,329087,383394,434147,289857,380862,395392,384532,390535,386991,397194,384300,399529,398869,401195,393188,402096,399302,408397,400655,397091,405411,404384,389378,401900,360199,327080,307594,299557,289433,276674,268431,0,92912,99522,101644,102474,106261,107763,112552,113027,114807,113369,119340,116794,121336,117104,122194,118362,121386,116687,123164,119013,117837,112703,116128,114308,112970,109998,146266,160159,149958,118618,86209",5,1,18174,28,28,5,1273.8977777777777,4,3600,0,1727186,3686400,1376256,,true,,,
32,A,basic,distributed,,,0.11.0,bd454dcd,2048,0,true,8,512,1,0,38,0,"18,20,22,24,26,27,28,28,30,31,32,33,34,35,36,37,38,39,40,40,40,40,40,40,40,40,40,40,40,40,40,40,6,40,40,40,40,40,40,40,40,40,40,40,40,40,40,39,38,37,36,35,34,33,32,31,30,29,28,22,25,23,21,18",20,58,1147,"31,4",1424,"31,29,3372",0,63,6,65,3281,65536,,1315,"23,2",569,1575,"25,2,2695",6405,"4,32",2052,"5,31",3597,2,3600,62,1325,"63,26",1553,"63,29,3405",1384011,6423,822949,2208745,65536,1024,0,0,1406,"1179648,1310720,1441792,1572864,1703936,1769472,1835008,1835008,1966080,2031616,2097152,2162688,2228224,2293760,2359296,2424832,2490368,2555904,2621440,2621440,2621440,2621440,2621440,2621440,2621440,2621440,2621440,2621440,2621440,2621440,2621440,2621440,196608,2621440,2621440,2621440,2621440,2621440,2621440,2621440,2621440,2621440,2621440,2621440,2621440,2621440,2621440,2555904,2490368,2424832,2359296,2293760,2228224,2162688,2097152,2031616,1966080,1900544,1835008,720896,1638400,1507328,1376256,1179648",2175,0,0,0,0,0,0,0,34,"1,1,1,1,1,1,1,1,1,1,1,1,1,1,1,1,1,1,1,1,1,1,1,1,1,1,1,1,1,1,1,1,2,1,1,1,1,1,1,1,1,1,1,1,1,1,1,1,1,1,1,1,1,1,1,1,1,1,1,2,1,1,1,1","309707,351257,377838,408272,371601,392865,408375,432950,465572,489705,508611,541014,562221,571188,604744,626424,642999,668581,690540,696713,699002,702735,704584,718554,705683,713203,728908,721242,722695,727082,722208,730775,581243,765625,767548,765091,776906,778020,782560,781593,789973,798572,797429,794533,791375,780918,779864,748523,736653,711646,696149,680668,651302,645508,612275,586496,569026,540775,511542,540884,467263,413513,388801,330405",5,1,5382,0,2,5,1063.3630555555555,4,3600,0,2410443,3686400,1835008,,false,,,
32,A,basic,detour,,,0.11.0,92192092,2048,0,true,8,512,1,0,34,0,"18,20,22,24,26,27,28,28,29,29,29,29,29,29,29,29,29,28,28,27,26,24,23,22,21,21,21,21,21,21,21,21,5,21,21,21,21,21,21,21,21,23,24,25,27,28,29,30,30,30,30,30,30,30,30,30,30,29,28,22,25,23,21,18",26,58,1914,"31,3",2375,"31,4,3321",0,63,6,56,-1,65536,,2070,"58,42",1010,2358,"19,2,2881",10023,"4,32",2662,"19,8",3171,3,3175,66,2007,"63,30",2333,"63,30,3064",3971307,6981,0,2921180,65536,1024,0,0,2013,"1179648,1310720,1441792,1572864,1703936,1769472,1835008,1835008,1900544,1900544,1900544,1900544,1900544,1900544,1900544,1900544,1900544,1835008,1835008,1769472,1703936,1572864,1507328,1441792,1376256,1376256,1376256,1376256,1376256,1376256,1376256,1376256,327680,1376256,1376256,1376256,1376256,1376256,1376256,1376256,1376256,1507328,1572864,1638400,1769472,1835008,1900544,1966080,1966080,1966080,1966080,1966080,1966080,1966080,1966080,1966080,1966080,1900544,1835008,720896,1638400,1507328,1376256,1179648",1595,0,0,0,0,0,0,0,43,"1,1,1,1,1,1,1,1,1,1,1,1,1,1,1,1,1,1,1,1,1,1,1,1,1,1,1,1,1,1,1,1,1,1,1,1,1,1,1,1,1,1,1,1,1,1,1,1,1,1,1,1,1,1,1,1,1,1,1,2,1,1,1,1","330263,376617,427708,446121,395889,455403,450489,472623,499674,505626,521054,523217,536717,542183,539543,545527,550800,529832,529986,506735,494999,463206,457023,422478,405889,402773,400364,396197,396232,400241,391799,397257,105550,392979,374145,390816,389986,396309,388719,392191,397616,437708,458847,481961,532642,554127,555388,582151,583554,584377,592305,585600,591477,585590,586506,592480,585267,558829,551173,552173,474294,427551,385703,330692",5,1,8887,0,39,5,1118.9830555555557,4,3600,0,2071078,3686400,1835008,,true,,,
33,A,basic,straight,,,0.11.0,ec6c2fad,2048,0,true,8,512,3,0,83,0,"0,0,0,1,3,3,3,3,3,3,3,5,5,5,5,5,5,5,5,5,5,5,5,5,5,5,5,5,5,5,5,5,3,21,21,21,21,21,21,21,21,21,21,21,21,21,21,21,21,21,21,21,21,21,21,21,21,21,21,16,21,19,17,15",20,56,1347,"32,31",1348,"32,31,315",0,33,33,91,2360,65536,,233,"41,22",78,320,"44,22,3488",18989,"4,32",2072,"27,32",253,7,164,17,156,"63,30",202,"63,26,2712",12386763,3598,3552689,0,65536,1024,0,0,313,",,,65536,196608,196608,196608,196608,196608,196608,196608,327680,327680,327680,327680,327680,327680,327680,327680,327680,327680,327680,327680,327680,327680,327680,327680,327680,327680,327680,327680,327680,196608,1376256,1376256,1376256,1376256,1376256,1376256,1376256,1376256,1376256,1376256,1376256,1376256,1376256,1376256,1376256,1376256,1376256,1376256,1376256,1376256,1376256,1376256,1376256,1376256,1376256,1376256,524288,1376256,1245184,1114112,983040",781,0,0,0,0,0,0,0,8,"0,0,0,1,1,1,1,1,1,1,1,1,1,1,1,1,1,1,1,1,1,1,1,1,1,1,1,1,1,1,1,1,1,1,1,1,1,1,1,1,1,1,1,1,1,1,1,1,1,1,1,1,1,1,1,1,1,1,1,2,1,1,1,1",",,0,8091,21335,47007,47130,47447,47796,47918,48229,48572,48693,48998,49336,49456,49755,50088,50207,50500,50829,50947,51235,51559,52425,52049,51599,51148,50971,50907,51075,51573,48140,278058,284207,277484,292181,279894,288194,285759,283706,289793,293601,285843,292362,285639,300111,283720,294513,282211,299855,284863,290798,283959,280423,285792,280639,276581,275720,463396,406976,362225,325924,284477",5,1,17964,0,23,5,1271.1730555555555,4,3600,0,3361242,3686400,196608,,false,,,
33,A,basic,distributed,,,0.11.0,52d049d9,2048,0,true,8,512,3,0,39,0,"18,20,22,24,26,27,28,28,30,31,32,33,34,35,36,37,38,39,40,40,40,40,40,40,40,40,40,40,40,40,40,40,8,40,40,40,40,40,40,40,40,40,40,40,40,40,40,39,38,37,36,35,34,33,32,31,30,29,28,22,25,23,21,18",20,56,1181,"31,3",1441,"31,4,2807",0,63,6,67,3200,65536,,1398,"19,2",529,1432,"44,2,3533",5920,"4,32",2040,"5,31",2435,2,2461,61,1149,"63,26",1578,"63,27,3465",1195415,6410,1182850,1954504,65536,1024,0,0,1277,"1179648,1310720,1441792,1572864,1703936,1769472,1835008,1835008,1966080,2031616,2097152,2162688,2228224,2293760,2359296,2424832,2490368,2555904,2621440,2621440,2621440,2621440,2621440,2621440,2621440,2621440,2621440,2621440,2621440,2621440,2621440,2621440,262144,2621440,2621440,2621440,2621440,2621440,2621440,2621440,2621440,2621440,2621440,2621440,2621440,2621440,2621440,2555904,2490368,2424832,2359296,2293760,2228224,2162688,2097152,2031616,1966080,1900544,1835008,720896,1638400,1507328,1376256,1179648",2177,0,0,0,0,0,0,0,32,"1,1,1,1,1,1,1,1,1,1,1,1,1,1,1,1,1,1,1,1,1,1,1,1,1,1,1,1,1,1,1,1,2,1,1,1,1,1,1,1,1,1,1,1,1,1,1,1,1,1,1,1,1,1,1,1,1,1,1,2,1,1,1,1","296154,336015,359533,378700,369799,379296,399311,402126,441249,459419,474535,506271,515551,542900,561447,589444,596546,632168,642366,652889,656689,667872,668644,665578,665747,666115,671961,660644,667844,653943,669734,664123,629262,759068,778781,767635,775840,769700,783847,784436,773796,789121,788094,799096,781046,790636,775756,756711,735114,722094,695083,690358,648631,642248,619006,592866,562614,538160,515903,550062,459095,429890,378338,333333",5,1,4864,0,2,5,1060.0755555555556,4,3600,0,2493043,3686400,1835008,,true,,,
33,A,basic,detour,,,0.11.0,92192092,2048,0,true,8,512,3,0,34,0,"18,20,22,24,26,27,28,28,29,29,29,29,29,29,29,29,29,28,28,27,26,24,23,22,21,21,21,21,21,21,21,21,5,21,21,21,21,21,21,21,21,23,24,25,27,28,29,30,30,30,30,30,30,30,30,30,30,29,28,22,25,23,21,18",26,56,1914,"31,3",2375,"31,4,3321",0,63,6,56,-1,65536,,2070,"58,42",1010,2358,"19,2,2881",10023,"4,32",2662,"19,8",3171,3,3175,66,2007,"63,30",2333,"63,30,3064",3971307,6981,0,2921180,65536,1024,0,0,2013,"1179648,1310720,1441792,1572864,1703936,1769472,1835008,1835008,1900544,1900544,1900544,1900544,1900544,1900544,1900544,1900544,1900544,1835008,1835008,1769472,1703936,1572864,1507328,1441792,1376256,1376256,1376256,1376256,1376256,1376256,1376256,1376256,327680,1376256,1376256,1376256,1376256,1376256,1376256,1376256,1376256,1507328,1572864,1638400,1769472,1835008,1900544,1966080,1966080,1966080,1966080,1966080,1966080,1966080,1966080,1966080,1966080,1900544,1835008,720896,1638400,1507328,1376256,1179648",1595,0,0,0,0,0,0,0,43,"1,1,1,1,1,1,1,1,1,1,1,1,1,1,1,1,1,1,1,1,1,1,1,1,1,1,1,1,1,1,1,1,1,1,1,1,1,1,1,1,1,1,1,1,1,1,1,1,1,1,1,1,1,1,1,1,1,1,1,2,1,1,1,1","330263,376617,427708,446121,395889,455403,450489,472623,499674,505626,521054,523217,536717,542183,539543,545527,550800,529832,529986,506735,494999,463206,457023,422478,405889,402773,400364,396197,396232,400241,391799,397257,105550,392979,374145,390816,389986,396309,388719,392191,397616,437708,458847,481961,532642,554127,555388,582151,583554,584377,592305,585600,591477,585590,586506,592480,585267,558829,551173,552173,474294,427551,385703,330692",5,1,8887,0,39,5,1118.9830555555557,4,3600,0,2071078,3686400,1835008,,true,,,
34,A,basic,straight,,,0.11.0,9c038cc0,2048,0,true,8,512,5,0,80,0,"0,0,0,1,3,3,3,3,3,3,3,5,5,5,5,5,5,5,5,5,5,5,5,5,5,5,5,5,5,5,5,5,5,21,21,21,21,21,21,21,21,21,21,21,21,21,21,21,21,21,21,21,21,21,21,21,21,21,21,16,21,19,17,15",20,54,295,"33,24",357,"33,23,3268",0,33,33,90,2372,65536,,325,"36,22",91,376,"34,22,3262",18989,"4,32",2072,"27,32",253,7,164,20,195,"63,31",238,"63,26,3107",12386763,3598,3552788,0,65536,1024,0,0,324,",,,65536,196608,196608,196608,196608,196608,196608,196608,327680,327680,327680,327680,327680,327680,327680,327680,327680,327680,327680,327680,327680,327680,327680,327680,327680,327680,327680,327680,327680,327680,1376256,1376256,1376256,1376256,1376256,1376256,1376256,1376256,1376256,1376256,1376256,1376256,1376256,1376256,1376256,1376256,1376256,1376256,1376256,1376256,1376256,1376256,1376256,1376256,1376256,1376256,524288,1376256,1245184,1114112,983040",783,0,0,0,0,0,0,0,9,"0,0,0,1,1,1,1,1,1,1,1,1,1,1,1,1,1,1,1,1,1,1,1,1,1,1,1,1,1,1,1,1,1,1,1,1,1,1,1,1,1,1,1,1,1,1,1,1,1,1,1,1,1,1,1,1,1,1,1,2,1,1,1,1",",,0,8091,21335,47007,47130,47447,47796,47918,48229,48572,48693,48998,49336,49456,49755,50088,50207,50500,50829,50947,51235,51559,52425,52049,51599,51148,50971,50907,51075,51346,51508,295820,303625,294594,309812,291098,300667,300595,301888,310135,299005,304245,301480,303428,296993,308016,301668,306973,300268,303308,297697,302708,298138,292828,291666,294819,281020,464787,408885,360870,316378,282302",5,1,17964,0,23,5,1271.1730555555555,4,3600,0,3347992,3686400,196608,,false,,,
34,A,basic,distributed,,,0.11.0,c6755a2a,2048,0,true,8,512,5,0,39,0,"18,20,22,24,26,27,28,28,30,31,32,33,34,35,36,37,38,39,40,40,40,40,40,40,40,40,40,40,40,40,40,40,10,40,40,40,40,40,40,40,40,40,40,40,40,40,40,39,38,37,36,35,34,33,32,31,30,29,28,22,25,23,21,18",20,54,1113,"31,5",1357,"31,3,3049",0,63,6,67,3203,65536,,1146,"20,2",527,1442,"20,2,1851",6056,"4,32",2041,"5,31",2454,2,3542,61,1062,"63,31",1430,"63,29,3451",1226525,6355,1309269,1923114,65536,1024,0,0,1279,"1179648,1310720,1441792,1572864,1703936,1769472,1835008,1835008,1966080,2031616,2097152,2162688,2228224,2293760,2359296,2424832,2490368,2555904,2621440,2621440,2621440,2621440,2621440,2621440,2621440,2621440,2621440,2621440,2621440,2621440,2621440,2621440,327680,2621440,2621440,2621440,2621440,2621440,2621440,2621440,2621440,2621440,2621440,2621440,2621440,2621440,2621440,2555904,2490368,2424832,2359296,2293760,2228224,2162688,2097152,2031616,1966080,1900544,1835008,720896,1638400,1507328,1376256,1179648",2179,0,0,0,0,0,0,0,32,"1,1,1,1,1,1,1,1,1,1,1,1,1,1,1,1,1,1,1,1,1,1,1,1,1,1,1,1,1,1,1,1,2,1,1,1,1,1,1,1,1,1,1,1,1,1,1,1,1,1,1,1,1,1,1,1,1,1,1,2,1,1,1,1","301167,351949,359650,385749,363538,388501,396774,408985,447708,470701,478023,504039,531945,547010,570024,592108,616609,629134,659716,661604,669527,676130,683377,682980,689165,684819,692054,679305,699453,673871,700883,694017,655909,748256,768109,761778,765047,764444,784197,773974,778283,784872,775670,798281,773615,779234,778514,751549,731534,716977,697764,687317,653404,646486,599865,600207,563607,543618,516659,549784,463821,414460,388987,327201",5,1,5002,0,2,5,1060.6869444444444,4,3600,0,2489714,3686400,1835008,,true,,,
34,A,basic,detour,,,0.11.0,92192092,2048,0,true,8,512,5,0,34,0,"18,20,22,24,26,27,28,28,29,29,29,29,29,29,29,29,29,28,28,27,26,24,23,22,21,21,21,21,21,21,21,21,5,21,21,21,21,21,21,21,21,23,24,25,27,28,29,30,30,30,30,30,30,30,30,30,30,29,28,22,25,23,21,18",26,54,1914,"31,3",2375,"31,4,3321",0,63,6,56,-1,65536,,2070,"58,42",1010,2358,"19,2,2881",10023,"4,32",2662,"19,8",3171,3,3175,66,2007,"63,30",2333,"63,30,3064",3971307,6981,0,2921180,65536,1024,0,0,2013,"1179648,1310720,1441792,1572864,1703936,1769472,1835008,1835008,1900544,1900544,1900544,1900544,1900544,1900544,1900544,1900544,1900544,1835008,1835008,1769472,1703936,1572864,1507328,1441792,1376256,1376256,1376256,1376256,1376256,1376256,1376256,1376256,327680,1376256,1376256,1376256,1376256,1376256,1376256,1376256,1376256,1507328,1572864,1638400,1769472,1835008,1900544,1966080,1966080,1966080,1966080,1966080,1966080,1966080,1966080,1966080,1966080,1900544,1835008,720896,1638400,1507328,1376256,1179648",1595,0,0,0,0,0,0,0,43,"1,1,1,1,1,1,1,1,1,1,1,1,1,1,1,1,1,1,1,1,1,1,1,1,1,1,1,1,1,1,1,1,1,1,1,1,1,1,1,1,1,1,1,1,1,1,1,1,1,1,1,1,1,1,1,1,1,1,1,2,1,1,1,1","330263,376617,427708,446121,395889,455403,450489,472623,499674,505626,521054,523217,536717,542183,539543,545527,550800,529832,529986,506735,494999,463206,457023,422478,405889,402773,400364,396197,396232,400241,391799,397257,105550,392979,374145,390816,389986,396309,388719,392191,397616,437708,458847,481961,532642,554127,555388,582151,583554,584377,592305,585600,591477,585590,586506,592480,585267,558829,551173,552173,474294,427551,385703,330692",5,1,8887,0,39,5,1118.9830555555557,4,3600,0,2071078,3686400,1835008,,true,,,
35,A,basic,straight,,,0.11.0,5b72da9c,2048,0,true,8,512,9,0,80,0,"15,14,16,17,21,21,21,21,21,21,21,21,21,21,21,21,21,21,21,21,21,21,21,21,21,21,21,21,21,21,21,21,9,21,21,21,21,21,21,21,21,21,21,21,21,21,21,21,21,21,21,21,21,21,21,21,21,21,21,16,21,19,17,15",20,50,190,"33,27",265,"33,24,3202",0,63,6,90,2385,65536,,230,"51,22",101,288,"43,22,2699",18997,"4,32",2080,"28,32",2221,7,2170,20,149,"63,26",203,"63,28,3332",12388006,3598,3633966,0,65536,1024,0,0,334,"983040,458752,262144,371370,1376256,1376256,1376256,1376256,1376256,1376256,1376256,1376256,1376256,1376256,1376256,1376256,1376256,1376256,1376256,1376256,1376256,1376256,1376256,1376256,1376256,1376256,1376256,1376256,1376256,1376256,1376256,1376256,589824,1376256,1376256,1376256,1376256,1376256,1376256,1376256,1376256,1376256,1376256,1376256,1376256,1376256,1376256,1376256,1376256,1376256,1376256,1376256,1376256,1376256,1376256,1376256,1376256,1376256,1376256,524288,1376256,1245184,1114112,983040",1303,0,0,0,0,0,0,0,9,"1,2,4,3,1,1,1,1,1,1,1,1,1,1,1,1,1,1,1,1,1,1,1,1,1,1,1,1,1,1,1,1,1,1,1,1,1,1,1,1,1,1,1,1,1,1,1,1,1,1,1,1,1,1,1,1,1,1,1,2,1,1,1,1","289065,336683,380632,257897,76730,163458,162495,171789,170619,176874,176926,180111,183301,186431,192120,187754,200171,197229,199656,203975,207812,210685,214004,212685,215234,217267,220041,218359,223453,222430,223771,224717,86057,273376,272966,282003,275391,275091,287228,282535,281779,283008,283628,288091,289650,285134,290958,291670,285958,295741,287208,290570,281968,283808,279628,275894,275735,271125,268700,465222,407841,361999,316422,279965",5,1,17972,0,24,5,1271.5852777777777,4,3600,0,3332081,3686400,1376256,,false,,,
35,A,basic,distributed,,,0.11.0,715b6f54,2048,0,true,8,512,9,0,39,0,"18,20,22,24,26,27,28,28,30,31,32,33,34,35,36,37,38,39,40,40,40,40,40,40,40,40,40,40,40,40,40,40,14,40,40,40,40,40,40,40,40,40,40,40,40,40,40,39,38,37,36,35,34,33,32,31,30,29,28,22,25,23,21,18",20,50,1100,"31,3",1381,"33,7,3521",0,63,6,67,3206,65536,,1205,"19,2",527,1470,"21,2,3311",6067,"4,32",2043,"5,31",3136,2,3149,61,1110,"63,30",1422,"63,30,3340",1245420,6302,1483138,1907458,65536,1024,0,0,1282,"1179648,1310720,1441792,1572864,1703936,1769472,1835008,1835008,1966080,2031616,2097152,2162688,2228224,2293760,2359296,2424832,2490368,2555904,2621440,2621440,2621440,2621440,2621440,2621440,2621440,2621440,2621440,2621440,2621440,2621440,2621440,2621440,458752,2621440,2621440,2621440,2621440,2621440,2621440,2621440,2621440,2621440,2621440,2621440,2621440,2621440,2621440,2555904,2490368,2424832,2359296,2293760,2228224,2162688,2097152,2031616,1966080,1900544,1835008,720896,1638400,1507328,1376256,1179648",2183,0,0,0,0,0,0,0,32,"1,1,1,1,1,1,1,1,1,1,1,1,1,1,1,1,1,1,1,1,1,1,1,1,1,1,1,1,1,1,1,1,2,1,1,1,1,1,1,1,1,1,1,1,1,1,1,1,1,1,1,1,1,1,1,1,1,1,1,2,1,1,1,1","308925,336829,364445,389452,358012,388013,410052,409391,452618,466978,494040,508492,532363,558063,576262,601961,622603,650179,663923,670540,670603,687676,699786,695126,705082,701164,697299,710974,702930,700954,717684,711912,652789,759122,740082,761961,759813,768697,753179,775415,785571,770906,777995,787177,782929,774878,771161,756339,722891,722301,693905,666972,653658,643177,608681,583582,559557,542492,508484,553817,461626,423132,387715,329472",5,1,5014,0,2,5,1061.016111111111,4,3600,0,2485316,3686400,1835008,,true,,,
35,A,basic,detour,,,0.11.0,92192092,2048,0,true,8,512,9,0,34,0,"18,20,22,24,26,27,28,28,29,29,29,29,29,29,29,29,29,28,28,27,26,24,23,22,21,21,21,21,21,21,21,21,5,21,21,21,21,21,21,21,21,23,24,25,27,28,29,30,30,30,30,30,30,30,30,30,30,29,28,22,25,23,21,18",26,50,1914,"31,3",2375,"31,4,3321",0,63,6,56,-1,65536,,2070,"58,42",1010,2358,"19,2,2881",10023,"4,32",2662,"19,8",3171,3,3175,66,2007,"63,30",2333,"63,30,3064",3971307,6981,0,2921180,65536,1024,0,0,2013,"1179648,1310720,1441792,1572864,1703936,1769472,1835008,1835008,1900544,1900544,1900544,1900544,1900544,1900544,1900544,1900544,1900544,1835008,1835008,1769472,1703936,1572864,1507328,1441792,1376256,1376256,1376256,1376256,1376256,1376256,1376256,1376256,327680,1376256,1376256,1376256,1376256,1376256,1376256,1376256,1376256,1507328,1572864,1638400,1769472,1835008,1900544,1966080,1966080,1966080,1966080,1966080,1966080,1966080,1966080,1966080,1966080,1900544,1835008,720896,1638400,1507328,1376256,1179648",1595,0,0,0,0,0,0,0,43,"1,1,1,1,1,1,1,1,1,1,1,1,1,1,1,1,1,1,1,1,1,1,1,1,1,1,1,1,1,1,1,1,1,1,1,1,1,1,1,1,1,1,1,1,1,1,1,1,1,1,1,1,1,1,1,1,1,1,1,2,1,1,1,1","330263,376617,427708,446121,395889,455403,450489,472623,499674,505626,521054,523217,536717,542183,539543,545527,550800,529832,529986,506735,494999,463206,457023,422478,405889,402773,400364,396197,396232,400241,391799,397257,105550,392979,374145,390816,389986,396309,388719,392191,397616,437708,458847,481961,532642,554127,555388,582151,583554,584377,592305,585600,591477,585590,586506,592480,585267,558829,551173,552173,474294,427551,385703,330692",5,1,8887,0,39,5,1118.9830555555557,4,3600,0,2071078,3686400,1835008,,true,,,
36,A,basic,straight,,,0.11.0,38cf630c,2048,65536,true,8,512,1,0,18,0,"15,17,19,21,21,21,21,21,21,21,21,21,21,21,21,21,21,21,21,21,21,21,21,21,21,21,21,21,21,21,21,21,1,5,7,5,6,7,8,11,8,8,9,10,11,8,8,9,8,10,9,8,6,6,7,7,4,5,5,0,0,0,0,0",56,58,3117,"31,41",3671,"31,34,2633",0,63,6,43,-1,0,"4,32,3",4404,"1,40",1485,4519,"4,42,3475",5761,"3,32",5698,"3,31",3594,2,3587,82,4853,"0,31",4911,"0,31,3599",12058236,156154,1685958,0,65536,1024,0,0,2437,"983040,1114112,1245184,1376256,1376256,1376256,1376256,1376256,1376256,1376256,1376256,1376256,1376256,1376256,1376256,1376256,1376256,1376256,1376256,1376256,1376256,1376256,1376256,1376256,1376256,1376256,1376256,1376256,1376256,1376256,1376256,1376256,65536,109226,91750,109226,98304,152917,174762,360448,174762,262144,196608,655360,360448,262144,262144,294912,262144,218453,294912,104857,131072,196608,152917,114688,262144,163840,163840,,,,,",1157,0,0,0,0,0,0,0,56,"1,1,1,1,1,1,1,1,1,1,1,1,1,1,1,1,1,1,1,1,1,1,1,1,1,1,1,1,1,1,1,1,1,3,5,3,4,3,3,2,3,2,3,1,2,2,2,2,2,3,2,5,3,2,3,4,1,2,2,0,0,0,0,0","276451,311707,344697,379807,384665,384488,387264,383765,392359,388687,394376,388526,396895,392981,396126,393388,400760,383697,402208,401901,388997,403657,401330,396587,396443,396739,401102,399338,396557,398024,398189,391884,0,163698,173574,170790,175456,173541,176031,177593,185061,172165,179093,175601,188799,179641,180992,179481,174991,186975,178350,186603,191891,189427,196408,200007,198349,202390,205165,420260,387106,346234,310398,273081",5,1,3925,1,2,5,1037.4597222222221,3,3600,6280955,1613469,3686400,1376256,,true,,,
36,A,basic,distributed,,,0.11.0,94cd8867,2048,65536,true,8,512,1,0,36,0,"18,20,22,24,26,27,28,28,30,31,32,33,34,35,36,37,38,39,40,40,40,40,40,40,40,40,40,40,40,40,40,40,6,40,40,40,40,40,40,40,40,40,40,40,40,40,40,39,38,37,36,35,34,33,32,31,30,29,28,22,25,23,21,18",16,58,1306,"31,30",1573,"31,34,3394",0,63,6,64,3327,0,"4,32,3",1173,"23,2",605,1321,"24,2,3113",4161,"4,32",1681,"20,8",2581,1,3325,64,958,"63,29",1244,"63,29,3513",27945,1648,890111,2069800,65536,1024,0,0,1481,"1179648,1310720,1441792,1572864,1703936,1769472,1835008,1835008,1966080,2031616,2097152,2162688,2228224,2293760,2359296,2424832,2490368,2555904,2621440,2621440,2621440,2621440,2621440,2621440,2621440,2621440,2621440,2621440,2621440,2621440,2621440,2621440,196608,2621440,2621440,2621440,2621440,2621440,2621440,2621440,2621440,2621440,2621440,2621440,2621440,2621440,2621440,2555904,2490368,2424832,2359296,2293760,2228224,2162688,2097152,2031616,1966080,1900544,1835008,720896,1638400,1507328,1376256,1179648",2175,0,0,0,0,0,0,0,35,"1,1,1,1,1,1,1,1,1,1,1,1,1,1,1,1,1,1,1,1,1,1,1,1,1,1,1,1,1,1,1,1,2,1,1,1,1,1,1,1,1,1,1,1,1,1,1,1,1,1,1,1,1,1,1,1,1,1,1,2,1,1,1,1","335961,370902,410591,441397,421063,452831,465427,488423,534728,574963,590816,618772,640197,657994,683211,711362,721455,756539,763870,773764,773283,777730,775737,787348,761287,791688,774586,760529,782538,777344,762492,765839,606283,760194,758181,764736,766463,766648,775328,773816,775097,787679,791858,779350,778305,762193,767276,749440,716370,711601,687485,678779,652135,633569,618899,579915,562312,528250,519048,548027,465853,427165,379078,332954",5,1,3127,0,40,5,1023.1313888888889,4,3600,614005,2369478,3686400,1835008,,false,,,
36,A,basic,detour,,,0.11.0,eb9b14e7,2048,65536,true,8,512,1,0,33,0,"18,20,22,24,26,27,28,28,29,29,29,29,29,29,29,29,29,28,28,27,26,24,23,22,21,21,21,21,21,21,21,21,5,21,21,21,21,21,21,21,21,23,24,25,27,28,29,30,30,30,30,30,30,30,30,30,30,29,28,22,25,23,21,18",23,58,1526,"33,5",1852,"31,6,3256",0,63,6,58,3533,0,"4,32,3",1572,"56,13",938,2117,"20,2,2890",4292,"4,32",2356,"19,8",2690,1,2644,67,1590,"63,25",1804,"63,31,3253",119434,3228,0,2937658,65536,1024,0,0,1884,"1179648,1310720,1441792,1572864,1703936,1769472,1835008,1835008,1900544,1900544,1900544,1900544,1900544,1900544,1900544,1900544,1900544,1835008,1835008,1769472,1703936,1572864,1507328,1441792,1376256,1376256,1376256,1376256,1376256,1376256,1376256,1376256,327680,1376256,1376256,1376256,1376256,1376256,1376256,1376256,1376256,1507328,1572864,1638400,1769472,1835008,1900544,1966080,1966080,1966080,1966080,1966080,1966080,1966080,1966080,1966080,1966080,1900544,1835008,720896,1638400,1507328,1376256,1179648",1595,0,0,0,0,0,0,0,41,"1,1,1,1,1,1,1,1,1,1,1,1,1,1,1,1,1,1,1,1,1,1,1,1,1,1,1,1,1,1,1,1,1,1,1,1,1,1,1,1,1,1,1,1,1,1,1,1,1,1,1,1,1,1,1,1,1,1,1,2,1,1,1,1","332132,380704,410750,452248,441915,469128,490763,505565,525083,533975,535946,546066,549354,557902,559180,555929,558861,544930,540155,519697,497174,457493,453644,429264,407354,402318,408871,393577,409533,394881,399016,399322,102962,402627,393126,390434,394974,401855,391189,404569,392499,448003,453439,494416,517883,541208,556494,578242,577151,584238,578027,576378,586640,587694,583862,569848,581684,565514,538575,564860,471383,430596,385920,341236",5,1,3226,0,39,5,1023.1038888888888,4,3600,3581178,2165485,3686400,1835008,,true,,,
37,A,basic,straight,,,0.11.0,717c7819,2048,65536,true,8,512,3,0,61,0,"15,17,19,21,21,21,21,21,21,21,21,21,21,21,21,21,21,21,21,21,21,21,21,21,21,21,21,21,21,21,21,21,3,21,21,21,21,21,21,21,21,21,21,21,21,21,21,21,21,21,21,21,21,21,21,21,21,21,21,16,21,19,17,15",18,56,1536,"32,31",1536,"32,31,3271",0,63,6,87,2495,0,"4,32,3",464,"43,22",235,645,"45,22,3478",5028,"4,32",1855,"6,32",937,1,12,39,344,"63,30",429,"63,31,3344",95043,1975,3490666,0,65536,1024,0,0,437,"983040,1114112,1245184,1376256,1376256,1376256,1376256,1376256,1376256,1376256,1376256,1376256,1376256,1376256,1376256,1376256,1376256,1376256,1376256,1376256,1376256,1376256,1376256,1376256,1376256,1376256,1376256,1376256,1376256,1376256,1376256,1376256,196608,1376256,1376256,1376256,1376256,1376256,1376256,1376256,1376256,1376256,1376256,1376256,1376256,1376256,1376256,1376256,1376256,1376256,1376256,1376256,1376256,1376256,1376256,1376256,1376256,1376256,1376256,524288,1376256,1245184,1114112,983040",1297,0,0,0,0,0,0,0,12,"1,1,1,1,1,1,1,1,1,1,1,1,1,1,1,1,1,1,1,1,1,1,1,1,1,1,1,1,1,1,1,1,1,1,1,1,1,1,1,1,1,1,1,1,1,1,1,1,1,1,1,1,1,1,1,1,1,1,1,2,1,1,1,1","276992,314843,349580,350405,246130,275993,265496,268259,264765,274939,268271,267327,265983,270180,277252,269263,269323,278829,273428,274267,279559,268332,279789,283338,273732,275464,282917,271139,277440,280129,284156,269039,53475,339717,341024,352889,339795,341015,348117,348061,342612,347150,353067,349425,348537,351078,350365,353314,346546,349629,352149,350723,355062,344866,342084,347713,344197,345102,341644,462186,408382,350882,327048,286612",5,1,3189,0,2,5,1023.1141666666666,4,3600,1777153,3211197,3686400,1376256,,false,,,
37,A,basic,distributed,,,0.11.0,bbdd23d2,2048,65536,true,8,512,3,0,38,0,"18,20,22,24,26,27,28,28,30,31,32,33,34,35,36,37,38,39,40,40,40,40,40,40,40,40,40,40,40,40,40,40,8,40,40,40,40,40,40,40,40,40,40,40,40,40,40,39,38,37,36,35,34,33,32,31,30,29,28,22,25,23,21,18",14,56,1009,"31,3",1212,"31,5,3577",0,63,6,69,3140,0,"4,32,3",1041,"43,2",501,1266,"20,2,2995",4130,"4,32",1437,"5,31",2876,1,1636,62,1010,"63,32",1269,"63,35,3057",13474,1648,1445481,1723943,65536,1024,0,0,1198,"1179648,1310720,1441792,1572864,1703936,1769472,1835008,1835008,1966080,2031616,2097152,2162688,2228224,2293760,2359296,2424832,2490368,2555904,2621440,2621440,2621440,2621440,2621440,2621440,2621440,2621440,2621440,2621440,2621440,2621440,2621440,2621440,262144,2621440,2621440,2621440,2621440,2621440,2621440,2621440,2621440,2621440,2621440,2621440,2621440,2621440,2621440,2555904,2490368,2424832,2359296,2293760,2228224,2162688,2097152,2031616,1966080,1900544,1835008,720896,1638400,1507328,1376256,1179648",2177,0,0,0,0,0,0,0,30,"1,1,1,1,1,1,1,1,1,1,1,1,1,1,1,1,1,1,1,1,1,1,1,1,1,1,1,1,1,1,1,1,2,1,1,1,1,1,1,1,1,1,1,1,1,1,1,1,1,1,1,1,1,1,1,1,1,1,1,2,1,1,1,1","314552,335178,377549,394947,385128,409430,424537,444169,479714,503327,522145,545652,568756,585055,610789,623444,658027,664571,691898,701217,698651,701530,723200,704377,711254,712827,703538,709474,709239,711888,700067,716005,660734,811451,796583,808769,804572,813873,809065,800511,806685,819590,811518,820587,807244,803025,800010,770357,761522,726475,719577,694799,671117,650580,626429,599556,565676,535554,527859,559500,464187,427068,387744,338919",5,1,3097,0,2,5,1023.1397222222222,4,3600,246342,2557118,3686400,1835008,,true,,,
37,A,basic,detour,,,0.11.0,eb9b14e7,2048,65536,true,8,512,3,0,33,0,"18,20,22,24,26,27,28,28,29,29,29,29,29,29,29,29,29,28,28,27,26,24,23,22,21,21,21,21,21,21,21,21,5,21,21,21,21,21,21,21,21,23,24,25,27,28,29,30,30,30,30,30,30,30,30,30,30,29,28,22,25,23,21,18",23,56,1526,"33,5",1852,"31,6,3256",0,63,6,58,3533,0,"4,32,3",1572,"56,13",938,2117,"20,2,2890",4292,"4,32",2356,"19,8",2690,1,2644,67,1590,"63,25",1804,"63,31,3253",119434,3228,0,2937658,65536,1024,0,0,1884,"1179648,1310720,1441792,1572864,1703936,1769472,1835008,1835008,1900544,1900544,1900544,1900544,1900544,1900544,1900544,1900544,1900544,1835008,1835008,1769472,1703936,1572864,1507328,1441792,1376256,1376256,1376256,1376256,1376256,1376256,1376256,1376256,327680,1376256,1376256,1376256,1376256,1376256,1376256,1376256,1376256,1507328,1572864,1638400,1769472,1835008,1900544,1966080,1966080,1966080,1966080,1966080,1966080,1966080,1966080,1966080,1966080,1900544,1835008,720896,1638400,1507328,1376256,1179648",1595,0,0,0,0,0,0,0,41,"1,1,1,1,1,1,1,1,1,1,1,1,1,1,1,1,1,1,1,1,1,1,1,1,1,1,1,1,1,1,1,1,1,1,1,1,1,1,1,1,1,1,1,1,1,1,1,1,1,1,1,1,1,1,1,1,1,1,1,2,1,1,1,1","332132,380704,410750,452248,441915,469128,490763,505565,525083,533975,535946,546066,549354,557902,559180,555929,558861,544930,540155,519697,497174,457493,453644,429264,407354,402318,408871,393577,409533,394881,399016,399322,102962,402627,393126,390434,394974,401855,391189,404569,392499,448003,453439,494416,517883,541208,556494,578242,577151,584238,578027,576378,586640,587694,583862,569848,581684,565514,538575,564860,471383,430596,385920,341236",5,1,3226,0,39,5,1023.1038888888888,4,3600,3581178,2165485,3686400,1835008,,true,,,
38,A,basic,straight,,,0.11.0,a04bbfd5,2048,65536,true,8,512,5,0,59,0,"15,17,19,21,21,21,21,21,21,21,21,21,21,21,21,21,21,21,21,21,21,21,21,21,21,21,21,21,21,21,21,21,5,21,21,21,21,21,21,21,21,21,21,21,21,21,21,21,21,21,21,21,21,21,21,21,21,21,21,16,21,19,17,15",18,54,629,"33,25",816,"33,23,3470",0,63,6,86,2508,0,"4,32,3",653,"37,22",252,796,"41,22,3375",5028,"4,32",1854,"6,32",110,1,12,41,434,"63,28",512,"63,33,2843",96920,2031,3507596,0,65536,1024,0,0,452,"983040,1114112,1245184,1376256,1376256,1376256,1376256,1376256,1376256,1376256,1376256,1376256,1376256,1376256,1376256,1376256,1376256,1376256,1376256,1376256,1376256,1376256,1376256,1376256,1376256,1376256,1376256,1376256,1376256,1376256,1376256,1376256,327680,1376256,1376256,1376256,1376256,1376256,1376256,1376256,1376256,1376256,1376256,1376256,1376256,1376256,1376256,1376256,1376256,1376256,1376256,1376256,1376256,1376256,1376256,1376256,1376256,1376256,1376256,524288,1376256,1245184,1114112,983040",1299,0,0,0,0,0,0,0,13,"1,1,1,1,1,1,1,1,1,1,1,1,1,1,1,1,1,1,1,1,1,1,1,1,1,1,1,1,1,1,1,1,1,1,1,1,1,1,1,1,1,1,1,1,1,1,1,1,1,1,1,1,1,1,1,1,1,1,1,2,1,1,1,1","278233,303439,340796,344386,243703,250466,252714,259072,252504,255418,257342,260384,256914,244473,264621,258149,257836,252592,251524,250750,250161,259684,250165,256357,250251,257234,253545,248466,251768,255392,252994,250838,66235,349865,364628,354834,360512,363123,355534,361336,357106,358682,357118,361346,365383,354996,372312,357706,362493,356422,366819,357477,365042,353210,363557,349269,356520,356831,356630,450400,422362,364556,324756,281739",5,1,3183,0,2,5,1023.1158333333333,4,3600,1620339,3199711,3686400,1376256,,false,,,
38,A,basic,distributed,,,0.11.0,4553cedf,2048,65536,true,8,512,5,0,38,0,"18,20,22,24,26,27,28,28,30,31,32,33,34,35,36,37,38,39,40,40,40,40,40,40,40,40,40,40,40,40,40,40,10,40,40,40,40,40,40,40,40,40,40,40,40,40,40,39,38,37,36,35,34,33,32,31,30,29,28,22,25,23,21,18",14,54,839,"32,10",1139,"31,7,2779",0,63,6,68,3156,0,"4,32,3",999,"39,2",515,1257,"20,2,3042",4139,"4,32",1445,"20,8",3580,1,3446,62,1170,"63,34",1239,"63,34,3251",16185,1636,1576163,1702572,65536,1024,0,0,1215,"1179648,1310720,1441792,1572864,1703936,1769472,1835008,1835008,1966080,2031616,2097152,2162688,2228224,2293760,2359296,2424832,2490368,2555904,2621440,2621440,2621440,2621440,2621440,2621440,2621440,2621440,2621440,2621440,2621440,2621440,2621440,2621440,327680,2621440,2621440,2621440,2621440,2621440,2621440,2621440,2621440,2621440,2621440,2621440,2621440,2621440,2621440,2555904,2490368,2424832,2359296,2293760,2228224,2162688,2097152,2031616,1966080,1900544,1835008,720896,1638400,1507328,1376256,1179648",2179,0,0,0,0,0,0,0,31,"1,1,1,1,1,1,1,1,1,1,1,1,1,1,1,1,1,1,1,1,1,1,1,1,1,1,1,1,1,1,1,1,2,1,1,1,1,1,1,1,1,1,1,1,1,1,1,1,1,1,1,1,1,1,1,1,1,1,1,2,1,1,1,1","320667,355501,393868,412248,395411,419149,441479,455008,495345,517992,548438,565187,588686,619978,634256,659952,685163,700827,728329,726037,730717,745008,743363,756794,744777,742260,764023,746330,758527,751272,750610,758391,671056,794129,804699,784435,801193,794624,799894,810124,795626,811992,806995,800107,806327,793664,795323,763596,741314,734498,711441,685937,670297,641203,630353,586946,562711,538896,517066,563467,473202,422444,385343,334172",5,1,3103,0,40,5,1023.1380555555555,4,3600,239613,2537934,3686400,1835008,,true,,,
38,A,basic,detour,,,0.11.0,eb9b14e7,2048,65536,true,8,512,5,0,33,0,"18,20,22,24,26,27,28,28,29,29,29,29,29,29,29,29,29,28,28,27,26,24,23,22,21,21,21,21,21,21,21,21,5,21,21,21,21,21,21,21,21,23,24,25,27,28,29,30,30,30,30,30,30,30,30,30,30,29,28,22,25,23,21,18",23,54,1526,"33,5",1852,"31,6,3256",0,63,6,58,3533,0,"4,32,3",1572,"56,13",938,2117,"20,2,2890",4292,"4,32",2356,"19,8",2690,1,2644,67,1590,"63,25",1804,"63,31,3253",119434,3228,0,2937658,65536,1024,0,0,1884,"1179648,1310720,1441792,1572864,1703936,1769472,1835008,1835008,1900544,1900544,1900544,1900544,1900544,1900544,1900544,1900544,1900544,1835008,1835008,1769472,1703936,1572864,1507328,1441792,1376256,1376256,1376256,1376256,1376256,1376256,1376256,1376256,327680,1376256,1376256,1376256,1376256,1376256,1376256,1376256,1376256,1507328,1572864,1638400,1769472,1835008,1900544,1966080,1966080,1966080,1966080,1966080,1966080,1966080,1966080,1966080,1966080,1900544,1835008,720896,1638400,1507328,1376256,1179648",1595,0,0,0,0,0,0,0,41,"1,1,1,1,1,1,1,1,1,1,1,1,1,1,1,1,1,1,1,1,1,1,1,1,1,1,1,1,1,1,1,1,1,1,1,1,1,1,1,1,1,1,1,1,1,1,1,1,1,1,1,1,1,1,1,1,1,1,1,2,1,1,1,1","332132,380704,410750,452248,441915,469128,490763,505565,525083,533975,535946,546066,549354,557902,559180,555929,558861,544930,540155,519697,497174,457493,453644,429264,407354,402318,408871,393577,409533,394881,399016,399322,102962,402627,393126,390434,394974,401855,391189,404569,392499,448003,453439,494416,517883,541208,556494,578242,577151,584238,578027,576378,586640,587694,583862,569848,581684,565514,538575,564860,471383,430596,385920,341236",5,1,3226,0,39,5,1023.1038888888888,4,3600,3581178,2165485,3686400,1835008,,true,,,
39,A,basic,straight,,,0.11.0,23645a8f,2048,65536,true,8,512,9,0,56,0,"15,17,19,21,21,21,21,21,21,21,21,21,21,21,21,21,21,21,21,21,21,21,21,21,21,21,21,21,21,21,21,21,9,21,21,21,21,21,21,21,21,21,21,21,21,21,21,21,21,21,21,21,21,21,21,21,21,21,21,16,21,19,17,15",18,50,558,"33,26",664,"33,24,2446",0,63,6,85,2553,0,"4,32,3",644,"41,22",291,733,"44,22,3488",5028,"4,32",1854,"6,32",110,1,12,44,370,"63,31",472,"63,26,3445",96602,2028,3742713,0,65536,1024,0,0,489,"983040,1114112,1245184,1376256,1376256,1376256,1376256,1376256,1376256,1376256,1376256,1376256,1376256,1376256,1376256,1376256,1376256,1376256,1376256,1376256,1376256,1376256,1376256,1376256,1376256,1376256,1376256,1376256,1376256,1376256,1376256,1376256,589824,1376256,1376256,1376256,1376256,1376256,1376256,1376256,1376256,1376256,1376256,1376256,1376256,1376256,1376256,1376256,1376256,1376256,1376256,1376256,1376256,1376256,1376256,1376256,1376256,1376256,1376256,524288,1376256,1245184,1114112,983040",1303,0,0,0,0,0,0,0,14,"1,1,1,1,1,1,1,1,1,1,1,1,1,1,1,1,1,1,1,1,1,1,1,1,1,1,1,1,1,1,1,1,1,1,1,1,1,1,1,1,1,1,1,1,1,1,1,1,1,1,1,1,1,1,1,1,1,1,1,2,1,1,1,1","270163,319847,350195,367242,274346,290767,287695,293900,297540,294377,302183,298395,302885,291760,311003,303641,319457,304984,312087,309605,317392,316941,312309,322566,316895,317047,310004,322490,320217,315094,322545,317885,126689,341790,357055,353931,349412,351876,353275,355325,354570,350354,359169,358861,361662,358786,351713,360225,361381,353483,358675,354579,360548,351243,352812,350332,352146,351937,341462,457955,419608,361974,312523,289285",5,1,3158,0,2,5,1023.1227777777777,4,3600,1672496,3148420,3686400,1376256,,false,,,
39,A,basic,distributed,,,0.11.0,c510f186,2048,65536,true,8,512,9,0,38,0,"18,20,22,24,26,27,28,28,30,31,32,33,34,35,36,37,38,39,40,40,40,40,40,40,40,40,40,40,40,40,40,40,14,40,40,40,40,40,40,40,40,40,40,40,40,40,40,39,38,37,36,35,34,33,32,31,30,29,28,22,25,23,21,18",14,50,919,"31,7",1175,"31,4,2815",0,63,6,68,3162,0,"4,32,3",1117,"26,2",521,1263,"19,2,3072",4139,"4,32",1442,"5,31",3156,1,3452,62,1151,"63,32",1260,"63,31,3450",16193,1635,1764494,1690080,65536,1024,0,0,1221,"1179648,1310720,1441792,1572864,1703936,1769472,1835008,1835008,1966080,2031616,2097152,2162688,2228224,2293760,2359296,2424832,2490368,2555904,2621440,2621440,2621440,2621440,2621440,2621440,2621440,2621440,2621440,2621440,2621440,2621440,2621440,2621440,458752,2621440,2621440,2621440,2621440,2621440,2621440,2621440,2621440,2621440,2621440,2621440,2621440,2621440,2621440,2555904,2490368,2424832,2359296,2293760,2228224,2162688,2097152,2031616,1966080,1900544,1835008,720896,1638400,1507328,1376256,1179648",2183,0,0,0,0,0,0,0,31,"1,1,1,1,1,1,1,1,1,1,1,1,1,1,1,1,1,1,1,1,1,1,1,1,1,1,1,1,1,1,1,1,2,1,1,1,1,1,1,1,1,1,1,1,1,1,1,1,1,1,1,1,1,1,1,1,1,1,1,2,1,1,1,1","328758,352153,380561,421919,393999,415610,454602,450417,503829,519634,558334,580226,601110,620916,639705,667977,683529,699976,742676,727319,737304,758410,764623,759567,759614,764794,765349,760950,758163,774574,766839,768736,652822,799045,790021,784958,803006,798085,790304,800757,798084,804356,804837,805355,794096,792697,793574,762690,755646,724986,703496,683869,670741,651115,613673,605074,564812,535230,526465,562613,475269,421687,387937,329848",5,1,3104,0,2,5,1023.1377777777777,4,3600,237122,2530388,3686400,1835008,,true,,,
39,A,basic,detour,,,0.11.0,eb9b14e7,2048,65536,true,8,512,9,0,33,0,"18,20,22,24,26,27,28,28,29,29,29,29,29,29,29,29,29,28,28,27,26,24,23,22,21,21,21,21,21,21,21,21,5,21,21,21,21,21,21,21,21,23,24,25,27,28,29,30,30,30,30,30,30,30,30,30,30,29,28,22,25,23,21,18",23,50,1526,"33,5",1852,"31,6,3256",0,63,6,58,3533,0,"4,32,3",1572,"56,13",938,2117,"20,2,2890",4292,"4,32",2356,"19,8",2690,1,2644,67,1590,"63,25",1804,"63,31,3253",119434,3228,0,2937658,65536,1024,0,0,1884,"1179648,1310720,1441792,1572864,1703936,1769472,1835008,1835008,1900544,1900544,1900544,1900544,1900544,1900544,1900544,1900544,1900544,1835008,1835008,1769472,1703936,1572864,1507328,1441792,1376256,1376256,1376256,1376256,1376256,1376256,1376256,1376256,327680,1376256,1376256,1376256,1376256,1376256,1376256,1376256,1376256,1507328,1572864,1638400,1769472,1835008,1900544,1966080,1966080,1966080,1966080,1966080,1966080,1966080,1966080,1966080,1966080,1900544,1835008,720896,1638400,1507328,1376256,1179648",1595,0,0,0,0,0,0,0,41,"1,1,1,1,1,1,1,1,1,1,1,1,1,1,1,1,1,1,1,1,1,1,1,1,1,1,1,1,1,1,1,1,1,1,1,1,1,1,1,1,1,1,1,1,1,1,1,1,1,1,1,1,1,1,1,1,1,1,1,2,1,1,1,1","332132,380704,410750,452248,441915,469128,490763,505565,525083,533975,535946,546066,549354,557902,559180,555929,558861,544930,540155,519697,497174,457493,453644,429264,407354,402318,408871,393577,409533,394881,399016,399322,102962,402627,393126,390434,394974,401855,391189,404569,392499,448003,453439,494416,517883,541208,556494,578242,577151,584238,578027,576378,586640,587694,583862,569848,581684,565514,538575,564860,471383,430596,385920,341236",5,1,3226,0,39,5,1023.1038888888888,4,3600,3581178,2165485,3686400,1835008,,true,,,
40,A,basic,straight,,,0.11.0,8108cbcd,2048,0,false,2,512,1,0,59,0,"0,0,1,4,8,9,9,9,9,9,9,9,9,9,9,9,9,9,9,9,9,9,9,9,9,9,9,9,9,9,9,9,1,1,1,1,1,1,1,1,1,1,1,1,1,1,1,1,1,1,1,1,1,1,1,1,1,1,1,0,0,0,0,0",515,58,51512,"31,31",51502,"31,31,3600",0,63,6,46,-1,65536,,15663,"31,28",2428,15714,"31,28,3568",51502,"31,31",51502,"31,31",3600,19,3600,41,0,,0,,487929582,274773,1787850,0,65536,1024,0,0,2145,",,65536,87381,262144,589824,589824,589824,589824,589824,589824,589824,589824,589824,589824,589824,589824,589824,589824,589824,589824,589824,589824,589824,589824,589824,589824,589824,589824,589824,589824,589824,65536,65536,65536,65536,65536,65536,65536,65536,65536,65536,65536,65536,65536,65536,65536,65536,65536,65536,65536,65536,65536,65536,65536,65536,65536,65536,65536,,,,,",450,0,0,0,0,0,0,0,53,"0,0,1,3,2,1,1,1,1,1,1,1,1,1,1,1,1,1,1,1,1,1,1,1,1,1,1,1,1,1,1,1,1,1,1,1,1,1,1,1,1,1,1,1,1,1,1,1,1,1,1,1,1,1,1,1,1,1,1,0,0,0,0,0",",93673,142926,178765,84253,153034,151003,163020,161066,167501,170439,176248,174961,179105,178349,180489,183818,182364,186469,184676,186840,176207,163843,159727,149859,146419,139337,138071,136262,134846,129976,131178,0,20617,26361,29884,32161,33952,38085,37555,41457,42324,45723,43680,47925,47151,50671,53289,53136,52362,54595,52139,52649,51645,51273,49372,50480,49806,48367,31625,54544,30943,,",5,1,18074,28,28,5,1272.5030555555556,4,3600,0,1730200,3686400,589824,,true,,,
40,A,basic,distributed,,,0.11.0,aa0ac4df,2048,0,false,2,512,1,0,68,0,"0,6,9,11,12,13,15,15,16,17,19,20,21,22,23,22,22,22,22,20,19,18,17,16,16,16,16,16,16,16,16,16,6,16,16,16,16,16,16,16,16,16,17,18,20,21,22,23,23,23,24,22,21,20,18,17,16,15,14,8,11,9,7,0",20,58,1352,"31,31",1871,"31,30,1176",0,63,6,83,2646,65536,,1558,"20,8",527,2060,"19,8,1111",5136,"4,32",2060,"19,8",1111,1,3478,32,0,,0,,823420,3594,1013549,2351407,65536,1024,0,0,639,",393216,589824,720896,786432,851968,983040,983040,1048576,1114112,1245184,1310720,1376256,1441792,753664,720896,720896,720896,720896,655360,622592,589824,557056,524288,524288,524288,524288,524288,524288,524288,524288,524288,196608,524288,524288,524288,524288,524288,524288,524288,524288,524288,557056,589824,655360,688128,720896,753664,753664,753664,1572864,1441792,1376256,1310720,1179648,1114112,1048576,983040,917504,262144,720896,589824,458752,",1044,0,0,0,0,0,0,0,16,"0,1,1,1,1,1,1,1,1,1,1,1,1,1,2,2,2,2,2,2,2,2,2,2,2,2,2,2,2,2,2,2,2,2,2,2,2,2,2,2,2,2,2,2,2,2,2,2,2,2,1,1,1,1,1,1,1,1,1,2,1,1,1,0",",112158,155918,174693,138839,165545,203916,223806,240788,265054,305937,330768,353271,383465,425213,449318,478392,510228,534873,557849,579325,614180,647796,665369,677155,677119,687621,689291,682461,694090,681252,684512,620006,597925,596135,601711,606477,610913,606883,620722,620321,627892,623754,611739,572796,548930,535782,507837,496308,472505,457374,420098,408432,380938,345554,328759,309102,282517,267263,273502,197068,170202,126946,",5,1,4103,0,39,5,1046.556111111111,4,3600,0,3071492,3686400,983040,,false,,,
40,A,basic,detour,,,0.11.0,abf0adc0,2048,0,false,2,512,1,0,66,0,"0,6,9,11,12,13,15,15,15,15,16,15,15,15,16,15,15,15,15,13,12,11,10,9,9,9,9,9,9,9,9,9,5,9,9,9,9,9,9,9,9,9,10,11,13,14,15,16,16,16,17,16,16,17,16,16,16,15,14,8,11,9,7,0",29,58,1624,"32,10",1923,"31,9,1635",0,63,6,80,2740,65536,,1990,"62,31",957,2985,"19,8,1902",5647,"4,32",2985,"19,8",1902,2,2898,34,0,,0,,1134662,7016,0,3347676,65536,1024,0,0,762,",393216,589824,720896,786432,851968,983040,983040,983040,983040,1048576,983040,983040,983040,1048576,983040,983040,983040,983040,851968,786432,720896,655360,589824,589824,589824,589824,589824,589824,589824,589824,589824,327680,589824,589824,589824,589824,589824,589824,589824,589824,589824,655360,720896,851968,917504,983040,1048576,1048576,1048576,1114112,1048576,1048576,1114112,1048576,1048576,1048576,983040,917504,262144,720896,589824,458752,",750,0,0,0,0,0,0,0,19,"0,1,1,1,1,1,1,1,1,1,1,1,1,1,1,1,1,1,1,1,1,1,1,1,1,1,1,1,1,1,1,1,1,1,1,1,1,1,1,1,1,1,1,1,1,1,1,1,1,1,1,1,1,1,1,1,1,1,1,2,1,1,1,0",",109200,166757,193015,153364,171814,218511,237164,246978,263924,295378,282814,276197,288414,311921,290202,290970,298115,292543,252250,227660,219843,199297,180065,170797,174024,173287,169544,170512,170968,171879,167936,103998,158315,158527,152975,157350,159008,158531,159337,157586,160211,180288,200345,245338,269845,278011,298965,301567,300377,323608,304732,309781,336335,315722,314120,316277,303648,271680,287478,205024,165208,127177,",5,1,4618,0,39,5,1059.4888888888888,4,3600,0,2977254,3686400,983040,,true,,,
41,A,basic,straight,,,0.11.0,6223e395,2048,0,false,2,512,3,0,92,0,"0,0,0,1,3,3,3,3,3,3,3,5,5,5,5,5,5,5,5,5,5,5,5,5,5,5,5,5,5,5,5,5,3,9,9,9,9,9,9,9,9,9,9,9,9,9,9,9,9,9,9,9,9,9,9,9,9,9,9,4,9,7,5,0",20,56,1347,"32,31",1348,"32,31,315",0,33,59,92,2310,65536,,325,"41,28",83,440,"45,28,1420",18989,"4,32",2072,"27,32",253,7,164,8,0,,0,,12386763,3598,3552689,0,65536,1024,0,0,270,",,,65536,196608,196608,196608,196608,196608,196608,196608,327680,327680,327680,327680,327680,327680,327680,327680,327680,327680,327680,327680,327680,327680,327680,327680,327680,327680,327680,327680,327680,196608,589824,589824,589824,589824,589824,589824,589824,589824,589824,589824,589824,589824,589824,589824,589824,589824,589824,589824,589824,589824,589824,589824,589824,589824,589824,589824,131072,589824,458752,327680,",406,0,0,0,0,0,0,0,7,"0,0,0,1,1,1,1,1,1,1,1,1,1,1,1,1,1,1,1,1,1,1,1,1,1,1,1,1,1,1,1,1,1,1,1,1,1,1,1,1,1,1,1,1,1,1,1,1,1,1,1,1,1,1,1,1,1,1,1,2,1,1,1,0",",,0,8091,21335,47007,47130,47447,47796,47918,48229,48572,48693,48998,49336,49456,49755,50088,50207,50500,50829,50947,51235,51559,52425,52049,51599,51148,50971,50907,51075,51573,48140,89147,94127,96468,101096,100402,105616,108393,108284,116676,113276,115965,116537,115450,119198,118138,120581,114317,116170,114107,112631,111499,107144,101857,101717,100261,95116,230309,176421,128735,92071,",5,1,17964,0,23,5,1271.1730555555555,4,3600,0,3418555,3686400,196608,,false,,,
41,A,basic,distributed,,,0.11.0,de224a55,2048,0,false,2,512,3,0,69,0,"0,6,9,11,12,13,15,15,16,17,19,20,21,22,23,22,22,22,22,20,19,18,17,16,16,16,16,16,16,16,16,16,8,16,16,16,16,16,16,16,16,16,17,18,20,21,22,23,23,23,24,22,21,20,18,17,16,15,14,8,11,9,7,0",20,56,1048,"32,10",1315,"31,8,1907",0,63,6,84,2619,65536,,1607,"62,30",497,2042,"19,8,1432",5122,"4,32",2042,"19,8",1432,1,1866,31,0,,0,,821662,3594,1094324,2311434,65536,1024,0,0,608,",393216,589824,720896,786432,851968,983040,983040,1048576,1114112,1245184,1310720,1376256,1441792,753664,720896,720896,720896,720896,655360,622592,589824,557056,524288,524288,524288,524288,524288,524288,524288,524288,524288,262144,524288,524288,524288,524288,524288,524288,524288,524288,524288,557056,589824,655360,688128,720896,753664,753664,753664,1572864,1441792,1376256,1310720,1179648,1114112,1048576,983040,917504,262144,720896,589824,458752,",1046,0,0,0,0,0,0,0,15,"0,1,1,1,1,1,1,1,1,1,1,1,1,1,2,2,2,2,2,2,2,2,2,2,2,2,2,2,2,2,2,2,2,2,2,2,2,2,2,2,2,2,2,2,2,2,2,2,2,2,1,1,1,1,1,1,1,1,1,2,1,1,1,0",",107303,148150,168131,139493,165502,204394,217252,242258,258756,301348,323851,348990,366758,412018,427421,452329,467346,491708,509310,528283,551856,576483,607137,600948,593883,601200,591248,609668,590952,596405,603397,611374,629898,624841,632752,632583,634282,631395,634069,634835,645075,632098,625934,580598,561898,546878,511453,488163,467317,451583,407761,394618,375559,335868,324504,302091,282131,260395,272646,203448,163921,130448,",5,1,4095,0,39,5,1046.2066666666667,4,3600,0,3103073,3686400,983040,,true,,,
41,A,basic,detour,,,0.11.0,abf0adc0,2048,0,false,2,512,3,0,66,0,"0,6,9,11,12,13,15,15,15,15,16,15,15,15,16,15,15,15,15,13,12,11,10,9,9,9,9,9,9,9,9,9,5,9,9,9,9,9,9,9,9,9,10,11,13,14,15,16,16,16,17,16,16,17,16,16,16,15,14,8,11,9,7,0",29,56,1624,"32,10",1923,"31,9,1635",0,63,6,80,2740,65536,,1990,"62,31",957,2985,"19,8,1902",5647,"4,32",2985,"19,8",1902,2,2898,34,0,,0,,1134662,7016,0,3347676,65536,1024,0,0,762,",393216,589824,720896,786432,851968,983040,983040,983040,983040,1048576,983040,983040,983040,1048576,983040,983040,983040,983040,851968,786432,720896,655360,589824,589824,589824,589824,589824,589824,589824,589824,589824,327680,589824,589824,589824,589824,589824,589824,589824,589824,589824,655360,720896,851968,917504,983040,1048576,1048576,1048576,1114112,1048576,1048576,1114112,1048576,1048576,1048576,983040,917504,262144,720896,589824,458752,",750,0,0,0,0,0,0,0,19,"0,1,1,1,1,1,1,1,1,1,1,1,1,1,1,1,1,1,1,1,1,1,1,1,1,1,1,1,1,1,1,1,1,1,1,1,1,1,1,1,1,1,1,1,1,1,1,1,1,1,1,1,1,1,1,1,1,1,1,2,1,1,1,0",",109200,166757,193015,153364,171814,218511,237164,246978,263924,295378,282814,276197,288414,311921,290202,290970,298115,292543,252250,227660,219843,199297,180065,170797,174024,173287,169544,170512,170968,171879,167936,103998,158315,158527,152975,157350,159008,158531,159337,157586,160211,180288,200345,245338,269845,278011,298965,301567,300377,323608,304732,309781,336335,315722,314120,316277,303648,271680,287478,205024,165208,127177,",5,1,4618,0,39,5,1059.4888888888888,4,3600,0,2977254,3686400,983040,,true,,,
42,A,basic,straight,,,0.11.0,a4d7ba07,2048,0,false,2,512,5,0,91,0,"0,0,0,1,3,3,3,3,3,3,3,5,5,5,5,5,5,5,5,5,5,5,5,5,5,5,5,5,5,5,5,5,5,9,9,9,9,9,9,9,9,9,9,9,9,9,9,9,9,9,9,9,9,9,9,9,9,9,9,4,9,7,5,0",20,54,205,"33,28",279,"33,29,1391",0,33,59,92,2313,65536,,370,"48,28",97,489,"44,28,3249",18989,"4,32",2072,"27,32",253,7,164,9,0,,0,,12386763,3598,3552788,0,65536,1024,0,0,272,",,,65536,196608,196608,196608,196608,196608,196608,196608,327680,327680,327680,327680,327680,327680,327680,327680,327680,327680,327680,327680,327680,327680,327680,327680,327680,327680,327680,327680,327680,327680,589824,589824,589824,589824,589824,589824,589824,589824,589824,589824,589824,589824,589824,589824,589824,589824,589824,589824,589824,589824,589824,589824,589824,589824,589824,589824,131072,589824,458752,327680,",408,0,0,0,0,0,0,0,7,"0,0,0,1,1,1,1,1,1,1,1,1,1,1,1,1,1,1,1,1,1,1,1,1,1,1,1,1,1,1,1,1,1,1,1,1,1,1,1,1,1,1,1,1,1,1,1,1,1,1,1,1,1,1,1,1,1,1,1,2,1,1,1,0",",,0,8091,21335,47007,47130,47447,47796,47918,48229,48572,48693,48998,49336,49456,49755,50088,50207,50500,50829,50947,51235,51559,52425,52049,51599,51148,50971,50907,51075,51346,51508,98933,101152,105701,105336,111127,110227,116156,115683,119674,115661,118909,121672,125149,119093,124009,125304,119956,121485,118902,113586,117017,108841,110370,102675,105443,98713,230873,167174,127887,90971,",5,1,17964,0,23,5,1271.1730555555555,4,3600,0,3415724,3686400,196608,,false,,,
42,A,basic,distributed,,,0.11.0,2421cc5d,2048,0,false,2,512,5,0,69,0,"0,6,9,11,12,13,15,15,16,17,19,20,21,22,23,22,22,22,22,20,19,18,17,16,16,16,16,16,16,16,16,16,10,16,16,16,16,16,16,16,16,16,17,18,20,21,22,23,23,23,24,22,21,20,18,17,16,15,14,8,11,9,7,0",20,54,1126,"32,10",1234,"31,8,2010",0,63,6,84,2621,65536,,1325,"58,36",492,2004,"20,8,1349",5124,"4,32",2004,"20,8",1349,1,2695,31,0,,0,,822002,3594,1190802,2311558,65536,1024,0,0,611,",393216,589824,720896,786432,851968,983040,983040,1048576,1114112,1245184,1310720,1376256,1441792,753664,720896,720896,720896,720896,655360,622592,589824,557056,524288,524288,524288,524288,524288,524288,524288,524288,524288,327680,524288,524288,524288,524288,524288,524288,524288,524288,524288,557056,589824,655360,688128,720896,753664,753664,753664,1572864,1441792,1376256,1310720,1179648,1114112,1048576,983040,917504,262144,720896,589824,458752,",1048,0,0,0,0,0,0,0,15,"0,1,1,1,1,1,1,1,1,1,1,1,1,1,2,2,2,2,2,2,2,2,2,2,2,2,2,2,2,2,2,2,2,2,2,2,2,2,2,2,2,2,2,2,2,2,2,2,2,2,1,1,1,1,1,1,1,1,1,2,1,1,1,0",",107775,154386,169179,138896,163802,203019,222461,238436,262492,301286,326331,349871,365909,414282,429507,447665,469440,495547,515563,525298,560366,576905,596929,612138,595140,596493,603964,609612,604300,591907,606174,633032,631410,629300,631028,628244,627784,634381,626018,641468,639319,632563,630623,581734,567008,545644,515903,496239,467826,454863,408695,391570,376002,338751,324135,302628,279720,263598,267988,200077,166578,124987,",5,1,4096,0,40,5,1046.2875,4,3600,0,3099989,3686400,983040,,true,,,
42,A,basic,detour,,,0.11.0,abf0adc0,2048,0,false,2,512,5,0,66,0,"0,6,9,11,12,13,15,15,15,15,16,15,15,15,16,15,15,15,15,13,12,11,10,9,9,9,9,9,9,9,9,9,5,9,9,9,9,9,9,9,9,9,10,11,13,14,15,16,16,16,17,16,16,17,16,16,16,15,14,8,11,9,7,0",29,54,1624,"32,10",1923,"31,9,1635",0,63,6,80,2740,65536,,1990,"62,31",957,2985,"19,8,1902",5647,"4,32",2985,"19,8",1902,2,2898,34,0,,0,,1134662,7016,0,3347676,65536,1024,0,0,762,",393216,589824,720896,786432,851968,983040,983040,983040,983040,1048576,983040,983040,983040,1048576,983040,983040,983040,983040,851968,786432,720896,655360,589824,589824,589824,589824,589824,589824,589824,589824,589824,327680,589824,589824,589824,589824,589824,589824,589824,589824,589824,655360,720896,851968,917504,983040,1048576,1048576,1048576,1114112,1048576,1048576,1114112,1048576,1048576,1048576,983040,917504,262144,720896,589824,458752,",750,0,0,0,0,0,0,0,19,"0,1,1,1,1,1,1,1,1,1,1,1,1,1,1,1,1,1,1,1,1,1,1,1,1,1,1,1,1,1,1,1,1,1,1,1,1,1,1,1,1,1,1,1,1,1,1,1,1,1,1,1,1,1,1,1,1,1,1,2,1,1,1,0",",109200,166757,193015,153364,171814,218511,237164,246978,263924,295378,282814,276197,288414,311921,290202,290970,298115,292543,252250,227660,219843,199297,180065,170797,174024,173287,169544,170512,170968,171879,167936,103998,158315,158527,152975,157350,159008,158531,159337,157586,160211,180288,200345,245338,269845,278011,298965,301567,300377,323608,304732,309781,336335,315722,314120,316277,303648,271680,287478,205024,165208,127177,",5,1,4618,0,39,5,1059.4888888888888,4,3600,0,2977254,3686400,983040,,true,,,
43,A,basic,straight,,,0.11.0,1e534081,2048,0,false,2,512,9,0,91,0,"0,0,0,1,3,3,3,5,7,9,8,9,9,9,9,9,9,9,9,9,9,9,9,9,9,9,9,9,9,9,9,9,9,9,9,9,9,9,9,9,9,9,9,9,9,9,9,9,9,9,9,9,9,9,9,9,9,9,9,4,9,7,5,0",20,50,150,"32,28",215,"32,28,2084",0,9,59,92,2318,65536,,336,"39,28",112,459,"45,28,2368",18990,"4,32",2076,"27,32",938,7,2511,9,0,,0,,12386748,3598,3656831,0,65536,1024,0,0,278,",,,65536,196608,196608,196608,109226,229376,589824,524288,589824,589824,589824,589824,589824,589824,589824,589824,589824,589824,589824,589824,589824,589824,589824,589824,589824,589824,589824,589824,589824,589824,589824,589824,589824,589824,589824,589824,589824,589824,589824,589824,589824,589824,589824,589824,589824,589824,589824,589824,589824,589824,589824,589824,589824,589824,589824,589824,131072,589824,458752,327680,",541,0,0,0,0,0,0,0,7,"0,0,0,1,1,1,1,3,2,1,1,1,1,1,1,1,1,1,1,1,1,1,1,1,1,1,1,1,1,1,1,1,1,1,1,1,1,1,1,1,1,1,1,1,1,1,1,1,1,1,1,1,1,1,1,1,1,1,1,2,1,1,1,0",",100352,141300,49292,24408,54514,55812,57156,58229,59908,59486,60547,62748,61667,64279,64094,66993,67447,68532,69344,70900,71982,73216,74444,76100,76052,76972,77152,78742,79981,82452,85102,88928,94205,98228,101102,104362,106939,106848,116474,111832,118755,117082,120739,116440,121826,119443,122853,120423,115162,120417,114135,113059,110191,109014,104642,105866,100287,96497,233920,171872,127844,87941,",5,1,17964,0,23,5,1271.1730555555555,4,3600,0,3409733,3686400,196608,,false,,,
43,A,basic,distributed,,,0.11.0,1d7dfe53,2048,0,false,2,512,9,0,69,0,"0,6,9,11,12,13,15,15,16,17,19,20,21,22,23,22,22,22,22,20,19,18,17,16,16,16,16,16,16,16,16,16,12,16,16,16,16,16,16,16,16,16,17,18,20,21,22,23,23,23,24,22,21,20,18,17,16,15,14,8,11,9,7,0",20,50,1152,"33,9",1250,"31,8,2484",0,63,6,84,2621,65536,,1561,"62,30",493,2041,"19,8,2099",5130,"4,32",2041,"19,8",2099,1,3108,31,0,,0,,822395,3594,1259401,2308547,65536,1024,0,0,609,",393216,589824,720896,786432,851968,983040,983040,1048576,1114112,1245184,1310720,1376256,1441792,753664,720896,720896,720896,720896,655360,622592,589824,557056,524288,524288,524288,524288,524288,524288,524288,524288,524288,393216,524288,524288,524288,524288,524288,524288,524288,524288,524288,557056,589824,655360,688128,720896,753664,753664,753664,1572864,1441792,1376256,1310720,1179648,1114112,1048576,983040,917504,262144,720896,589824,458752,",1050,0,0,0,0,0,0,0,15,"0,1,1,1,1,1,1,1,1,1,1,1,1,1,2,2,2,2,2,2,2,2,2,2,2,2,2,2,2,2,2,2,2,2,2,2,2,2,2,2,2,2,2,2,2,2,2,2,2,2,1,1,1,1,1,1,1,1,1,2,1,1,1,0",",108615,148886,167604,140287,166548,207422,220107,243052,259027,299628,325069,342952,371199,412609,433035,453042,471361,492320,509246,534864,553671,586893,602256,610191,609399,593494,610035,605133,607184,609834,603480,634233,620516,629756,627760,630070,633674,636809,627984,632762,633921,632082,617797,576374,559384,535247,510893,484776,467814,450509,414603,395094,381446,336861,322650,305005,275366,267787,274050,201542,163544,127173,",5,1,4100,0,39,5,1046.3927777777778,4,3600,0,3100758,3686400,983040,,true,,,
43,A,basic,detour,,,0.11.0,abf0adc0,2048,0,false,2,512,9,0,66,0,"0,6,9,11,12,13,15,15,15,15,16,15,15,15,16,15,15,15,15,13,12,11,10,9,9,9,9,9,9,9,9,9,5,9,9,9,9,9,9,9,9,9,10,11,13,14,15,16,16,16,17,16,16,17,16,16,16,15,14,8,11,9,7,0",29,50,1624,"32,10",1923,"31,9,1635",0,63,6,80,2740,65536,,1990,"62,31",957,2985,"19,8,1902",5647,"4,32",2985,"19,8",1902,2,2898,34,0,,0,,1134662,7016,0,3347676,65536,1024,0,0,762,",393216,589824,720896,786432,851968,983040,983040,983040,983040,1048576,983040,983040,983040,1048576,983040,983040,983040,983040,851968,786432,720896,655360,589824,589824,589824,589824,589824,589824,589824,589824,589824,327680,589824,589824,589824,589824,589824,589824,589824,589824,589824,655360,720896,851968,917504,983040,1048576,1048576,1048576,1114112,1048576,1048576,1114112,1048576,1048576,1048576,983040,917504,262144,720896,589824,458752,",750,0,0,0,0,0,0,0,19,"0,1,1,1,1,1,1,1,1,1,1,1,1,1,1,1,1,1,1,1,1,1,1,1,1,1,1,1,1,1,1,1,1,1,1,1,1,1,1,1,1,1,1,1,1,1,1,1,1,1,1,1,1,1,1,1,1,1,1,2,1,1,1,0",",109200,166757,193015,153364,171814,218511,237164,246978,263924,295378,282814,276197,288414,311921,290202,290970,298115,292543,252250,227660,219843,199297,180065,170797,174024,173287,169544,170512,170968,171879,167936,103998,158315,158527,152975,157350,159008,158531,159337,157586,160211,180288,200345,245338,269845,278011,298965,301567,300377,323608,304732,309781,336335,315722,314120,316277,303648,271680,287478,205024,165208,127177,",5,1,4618,0,39,5,1059.4888888888888,4,3600,0,2977254,3686400,983040,,true,,,
44,A,basic,straight,,,0.11.0,fd515ca5,2048,0,false,8,512,1,0,41,0,"0,1,1,5,11,15,16,16,19,21,21,21,21,21,21,21,21,21,21,21,21,21,21,21,21,21,21,21,21,21,21,21,1,1,1,1,1,1,1,1,1,1,1,1,1,2,2,2,2,2,2,2,2,2,2,2,2,2,2,0,0,0,0,0",349,58,34991,"31,31",34989,"31,31,3600",0,8,6,46,-1,65536,,3312,"29,22",634,3974,"30,22,3408",34989,"31,31",34989,"31,31",3600,13,3600,59,213,"0,26",243,"0,25,3534",185124917,104318,1787850,0,65536,1024,0,0,1698,",65536,65536,109226,240298,196608,209715,349525,622592,1376256,1376256,1376256,1376256,1376256,1376256,1376256,1376256,1376256,1376256,1376256,1376256,1376256,1376256,1376256,1376256,1376256,1376256,1376256,1376256,1376256,1376256,1376256,65536,65536,65536,65536,65536,65536,65536,65536,65536,65536,65536,65536,65536,131072,131072,131072,131072,131072,131072,131072,131072,131072,131072,131072,131072,131072,131072,,,,,",1018,695182,0,694929,253,0,18,0,34,"0,1,1,3,3,5,5,3,2,1,1,1,1,1,1,1,1,1,1,1,1,1,1,1,1,1,1,1,1,1,1,1,1,1,1,1,1,1,1,1,1,1,1,1,1,1,1,1,1,1,1,1,1,1,1,1,1,1,1,0,0,0,0,0","318030,365298,410350,405667,221759,349466,346596,345379,372102,368899,370574,376343,386488,385477,380412,377610,385893,395573,382875,386016,403930,402227,391176,400415,392516,399234,372151,320856,286282,266861,240366,241175,0,91492,96732,101393,101928,106671,108861,111073,113132,119057,115243,118623,115068,117982,122251,121008,124095,120057,121627,119989,119267,116810,117230,114076,113184,110294,108989,143335,163474,127127,95560,54456",5,1,17992,28,28,5,1271.9252777777779,4,3600,0,1727016,3686400,209715,,false,,,
44,A,basic,distributed,,,0.11.0,24fd1958,2048,0,false,8,512,1,0,44,0,"10,12,13,14,17,19,21,26,30,30,32,33,34,35,36,37,38,39,40,40,40,40,40,40,40,40,40,40,40,40,40,40,6,40,40,40,40,40,40,40,40,40,40,40,40,40,40,39,38,37,36,35,34,33,32,31,30,29,28,22,25,23,21,18",19,58,998,"31,31",1350,"31,29,2672",0,8,6,41,-1,65536,,983,"19,2",318,1155,"30,22,2881",5060,"4,32",1948,"5,31",379,1,1344,56,168,"0,22",176,"0,22,2835",788858,3594,769598,1828210,65536,1024,0,0,1547,"655360,786432,851968,917504,1114112,622592,458752,567978,1966080,983040,2097152,2162688,2228224,2293760,2359296,2424832,2490368,2555904,2621440,2621440,2621440,2621440,2621440,2621440,2621440,2621440,2621440,2621440,2621440,2621440,2621440,2621440,196608,2621440,2621440,2621440,2621440,2621440,2621440,2621440,2621440,2621440,2621440,2621440,2621440,2621440,2621440,2555904,2490368,2424832,2359296,2293760,2228224,2162688,2097152,2031616,1966080,1900544,1835008,720896,1638400,1507328,1376256,1179648",2175,1345661,0,616314,729347,0,36,0,21,"1,1,1,1,1,2,3,3,1,2,1,1,1,1,1,1,1,1,1,1,1,1,1,1,1,1,1,1,1,1,1,1,2,1,1,1,1,1,1,1,1,1,1,1,1,1,1,1,1,1,1,1,1,1,1,1,1,1,1,2,1,1,1,1","214940,247508,271198,300442,323345,340936,350919,378995,416624,431321,452495,476255,488638,517364,538712,562691,586216,601644,620150,628909,620908,615616,635709,633744,626294,633646,631993,621001,641449,646010,629021,646100,589975,668883,663372,671457,678151,683271,681895,688010,675992,684445,686058,693131,674121,666076,657640,646460,620633,611130,594491,580310,570160,550911,537182,517009,513255,485311,453066,495036,457225,429069,397240,334107",5,1,4036,0,2,5,1040.1925,4,3600,0,1535590,3686400,458752,,true,,,
44,A,basic,detour,,,0.11.0,9dc06f9f,2048,0,false,8,512,1,0,39,0,"18,20,22,24,26,27,28,28,29,29,29,29,29,29,29,29,29,28,28,27,26,24,23,22,21,21,21,21,21,21,21,21,5,21,21,21,21,21,21,21,21,23,24,25,27,28,29,30,30,30,30,30,30,30,30,30,30,29,28,22,25,23,21,18",20,58,1086,"31,7",1386,"31,7,2592",0,63,6,20,-1,65536,,1148,"22,2",507,1501,"19,2,2642",4708,"4,32",2092,"5,31",1653,1,1142,61,184,"0,22",229,"0,22,3032",439747,3592,0,2112530,65536,1024,0,0,3285,"1179648,1310720,1441792,1572864,1703936,1769472,1835008,1835008,1900544,1900544,1900544,1900544,1900544,1900544,1900544,1900544,1900544,1835008,1835008,1769472,1703936,1572864,1507328,1441792,1376256,1376256,1376256,1376256,1376256,1376256,1376256,1376256,327680,1376256,1376256,1376256,1376256,1376256,1376256,1376256,1376256,1507328,1572864,1638400,1769472,1835008,1900544,1966080,1966080,1966080,1966080,1966080,1966080,1966080,1966080,1966080,1966080,1900544,1835008,720896,1638400,1507328,1376256,1179648",1595,2065103,0,1083536,981567,0,56,0,23,"1,1,1,1,1,1,1,1,1,1,1,1,1,1,1,1,1,1,1,1,1,1,1,1,1,1,1,1,1,1,1,1,1,1,1,1,1,1,1,1,1,1,1,1,1,1,1,1,1,1,1,1,1,1,1,1,1,1,1,2,1,1,1,1","364971,412565,448865,471916,378139,400666,421752,432401,475425,486278,504731,516064,519756,533282,539195,548818,542390,527110,536091,517034,497994,454527,457451,429740,408568,403132,400346,410490,401434,402157,398405,400444,106446,382951,376221,391370,377980,384132,379219,380276,387763,426758,448197,470911,495277,537434,528998,551883,556165,557112,547582,551974,550464,549101,550589,548068,544081,522970,516790,538828,495603,472839,425422,361853",5,1,3682,0,2,5,1047.8175,4,3600,0,762461,3686400,1835008,,true,,,
45,A,basic,straight,,,0.11.0,5ae6ced8,2048,0,false,8,512,3,0,87,0,"0,0,0,1,3,3,3,3,3,3,3,5,5,5,5,5,5,5,5,5,5,5,5,5,5,5,5,5,5,5,5,5,3,21,21,21,21,21,21,21,21,21,21,21,21,21,21,21,21,21,21,21,21,21,21,21,21,21,21,16,18,15,11,3",20,56,1347,"32,31",1348,"32,31,315",0,33,33,88,2402,65536,,174,"35,22",46,225,"40,22,3232",18989,"4,32",2072,"27,32",253,7,164,13,28,"63,25",31,"63,25,2639",12386763,3598,3552689,0,65536,1024,0,0,301,",,,65536,196608,196608,196608,196608,196608,196608,196608,327680,327680,327680,327680,327680,327680,327680,327680,327680,327680,327680,327680,327680,327680,327680,327680,327680,327680,327680,327680,327680,196608,1376256,1376256,1376256,1376256,1376256,1376256,1376256,1376256,1376256,1376256,1376256,1376256,1376256,1376256,1376256,1376256,1376256,1376256,1376256,1376256,1376256,1376256,1376256,1376256,1376256,1376256,524288,589824,327680,240298,98304",781,125386,0,0,125386,0,3,0,7,"0,0,0,1,1,1,1,1,1,1,1,1,1,1,1,1,1,1,1,1,1,1,1,1,1,1,1,1,1,1,1,1,1,1,1,1,1,1,1,1,1,1,1,1,1,1,1,1,1,1,1,1,1,1,1,1,1,1,1,2,2,3,3,2",",,0,8091,21335,47007,47130,47447,47796,47918,48229,48572,48693,48998,49336,49456,49755,50088,50207,50500,50829,50947,51235,51559,52425,52049,51599,51148,50971,50907,51075,51573,48140,259233,258001,262179,257749,264153,263766,258468,268428,259930,265336,252831,265311,254007,258690,259432,249873,251151,251922,249429,239915,239107,229406,226751,216608,214265,203878,467109,448113,403226,368074,329121",5,1,17964,0,23,5,1271.1730555555555,4,3600,0,3269530,3686400,196608,,false,,,
45,A,basic,distributed,,,0.11.0,974b7d10,2048,0,false,8,512,3,0,45,0,"10,12,13,14,17,18,19,20,22,23,24,25,26,27,28,29,30,31,32,32,32,32,32,32,32,32,32,32,32,32,32,32,8,40,40,40,40,40,40,40,40,40,40,40,40,40,40,39,38,37,36,35,34,33,32,31,30,29,28,22,25,23,21,18",19,56,755,"33,8",1005,"31,4,2668",0,33,6,44,-1,65536,,761,"34,2",290,1050,"19,2,3495",5053,"4,32",1948,"5,31",385,1,1521,55,133,"0,22",173,"0,22,3562",784728,3594,1072910,1599200,65536,1024,0,0,1366,"655360,786432,851968,917504,1114112,1179648,1245184,1310720,1441792,1507328,1572864,1638400,1703936,1769472,1835008,1900544,1966080,2031616,2097152,2097152,2097152,2097152,2097152,2097152,2097152,2097152,2097152,2097152,2097152,2097152,2097152,2097152,262144,2621440,2621440,2621440,2621440,2621440,2621440,2621440,2621440,2621440,2621440,2621440,2621440,2621440,2621440,2555904,2490368,2424832,2359296,2293760,2228224,2162688,2097152,2031616,1966080,1900544,1835008,720896,1638400,1507328,1376256,1179648",1940,1304410,0,604418,699992,0,35,0,20,"1,1,1,1,1,1,1,1,1,1,1,1,1,1,1,1,1,1,1,1,1,1,1,1,1,1,1,1,1,1,1,1,2,1,1,1,1,1,1,1,1,1,1,1,1,1,1,1,1,1,1,1,1,1,1,1,1,1,1,2,1,1,1,1","195651,217196,231269,239471,315686,338122,345173,368942,404167,413541,434956,455935,479989,499057,519095,544063,561361,586245,609572,608379,604132,617390,625512,618611,625696,615994,633953,607037,625021,620454,615710,621073,632697,670391,692282,670295,679148,681476,682625,691001,683881,689314,698020,688365,684499,671102,674444,650734,634236,619786,604834,580830,576506,557602,535588,524851,510538,473479,460780,500297,463400,443533,411454,345290",5,1,4025,0,2,5,1039.6361111111112,4,3600,0,1623968,3686400,1245184,,true,,,
45,A,basic,detour,,,0.11.0,9dc06f9f,2048,0,false,8,512,3,0,39,0,"18,20,22,24,26,27,28,28,29,29,29,29,29,29,29,29,29,28,28,27,26,24,23,22,21,21,21,21,21,21,21,21,5,21,21,21,21,21,21,21,21,23,24,25,27,28,29,30,30,30,30,30,30,30,30,30,30,29,28,22,25,23,21,18",20,56,1086,"31,7",1386,"31,7,2592",0,63,6,20,-1,65536,,1148,"22,2",507,1501,"19,2,2642",4708,"4,32",2092,"5,31",1653,1,1142,61,184,"0,22",229,"0,22,3032",439747,3592,0,2112530,65536,1024,0,0,3285,"1179648,1310720,1441792,1572864,1703936,1769472,1835008,1835008,1900544,1900544,1900544,1900544,1900544,1900544,1900544,1900544,1900544,1835008,1835008,1769472,1703936,1572864,1507328,1441792,1376256,1376256,1376256,1376256,1376256,1376256,1376256,1376256,327680,1376256,1376256,1376256,1376256,1376256,1376256,1376256,1376256,1507328,1572864,1638400,1769472,1835008,1900544,1966080,1966080,1966080,1966080,1966080,1966080,1966080,1966080,1966080,1966080,1900544,1835008,720896,1638400,1507328,1376256,1179648",1595,2065103,0,1083536,981567,0,56,0,23,"1,1,1,1,1,1,1,1,1,1,1,1,1,1,1,1,1,1,1,1,1,1,1,1,1,1,1,1,1,1,1,1,1,1,1,1,1,1,1,1,1,1,1,1,1,1,1,1,1,1,1,1,1,1,1,1,1,1,1,2,1,1,1,1","364971,412565,448865,471916,378139,400666,421752,432401,475425,486278,504731,516064,519756,533282,539195,548818,542390,527110,536091,517034,497994,454527,457451,429740,408568,403132,400346,410490,401434,402157,398405,400444,106446,382951,376221,391370,377980,384132,379219,380276,387763,426758,448197,470911,495277,537434,528998,551883,556165,557112,547582,551974,550464,549101,550589,548068,544081,522970,516790,538828,495603,472839,425422,361853",5,1,3682,0,2,5,1047.8175,4,3600,0,762461,3686400,1835008,,true,,,
46,A,basic,straight,,,0.11.0,5051d978,2048,0,false,8,512,5,0,85,0,"0,0,0,1,3,3,3,3,3,3,3,5,5,5,5,5,5,5,5,5,5,5,5,5,5,5,5,5,5,5,5,5,5,21,21,21,21,21,21,21,21,21,21,21,21,21,21,21,21,21,21,21,21,21,21,21,21,21,21,16,18,17,12,5",20,54,198,"33,27",275,"33,23,2580",0,33,33,87,2422,65536,,216,"43,22",55,272,"36,22,2444",18989,"4,32",2072,"27,32",253,7,164,15,29,"63,26",35,"63,25,2634",12386763,3598,3552788,0,65536,1024,0,0,310,",,,65536,196608,196608,196608,196608,196608,196608,196608,327680,327680,327680,327680,327680,327680,327680,327680,327680,327680,327680,327680,327680,327680,327680,327680,327680,327680,327680,327680,327680,327680,1376256,1376256,1376256,1376256,1376256,1376256,1376256,1376256,1376256,1376256,1376256,1376256,1376256,1376256,1376256,1376256,1376256,1376256,1376256,1376256,1376256,1376256,1376256,1376256,1376256,1376256,524288,589824,557056,393216,163840",783,147916,0,0,147916,0,4,0,8,"0,0,0,1,1,1,1,1,1,1,1,1,1,1,1,1,1,1,1,1,1,1,1,1,1,1,1,1,1,1,1,1,1,1,1,1,1,1,1,1,1,1,1,1,1,1,1,1,1,1,1,1,1,1,1,1,1,1,1,2,2,2,2,2",",,0,8091,21335,47007,47130,47447,47796,47918,48229,48572,48693,48998,49336,49456,49755,50088,50207,50500,50829,50947,51235,51559,52425,52049,51599,51148,50971,50907,51075,51346,51508,269347,269782,269799,276904,272485,273745,276020,273754,278663,276801,276476,271269,273181,270452,271514,269938,272862,262181,261848,251883,252727,244325,237308,238719,220576,220767,469214,449111,402124,363259,311966",5,1,17964,0,23,5,1271.1730555555555,4,3600,0,3239820,3686400,196608,,false,,,
46,A,basic,distributed,,,0.11.0,acc8487e,2048,0,false,8,512,5,0,45,0,"10,12,14,14,17,18,19,20,24,26,26,29,31,32,33,35,37,37,40,40,40,40,40,40,40,40,40,40,40,40,40,40,10,40,40,40,40,40,40,40,40,40,40,40,40,40,40,39,38,37,36,35,34,33,32,31,30,29,28,22,25,23,21,18",19,54,864,"31,3",962,"31,5,3521",0,18,6,44,-1,65536,,851,"22,2",293,1058,"19,2,3377",5060,"4,32",1948,"5,31",365,1,3271,55,138,"0,23",170,"0,22,2415",785191,3594,1160763,1567001,65536,1024,0,0,1366,"655360,786432,917504,917504,1114112,1179648,1245184,1310720,524288,567978,567978,633514,507904,699050,540672,764586,1212416,1212416,2621440,2621440,2621440,2621440,2621440,2621440,2621440,2621440,2621440,2621440,2621440,2621440,2621440,2621440,327680,2621440,2621440,2621440,2621440,2621440,2621440,2621440,2621440,2621440,2621440,2621440,2621440,2621440,2621440,2555904,2490368,2424832,2359296,2293760,2228224,2162688,2097152,2031616,1966080,1900544,1835008,720896,1638400,1507328,1376256,1179648",2179,1296002,0,602591,693411,0,35,0,20,"1,1,1,1,1,1,1,1,3,3,3,3,4,3,4,3,2,2,1,1,1,1,1,1,1,1,1,1,1,1,1,1,2,1,1,1,1,1,1,1,1,1,1,1,1,1,1,1,1,1,1,1,1,1,1,1,1,1,1,2,1,1,1,1","210007,241763,270366,288515,318248,338285,357938,372638,416139,424990,444281,472343,491136,513183,535818,559955,580843,601407,625248,611683,633074,632696,648517,635049,639585,639584,634659,649218,633620,641618,640415,642519,640590,674459,675673,668836,679270,666385,680148,672516,688270,676573,691129,686238,669509,679080,657662,658069,627675,618300,592095,586197,566052,553882,533562,524533,517568,468230,460510,493858,473553,434422,403527,349484",5,1,4034,0,2,5,1039.653611111111,4,3600,0,1627040,3686400,1245184,,true,,,
46,A,basic,detour,,,0.11.0,9dc06f9f,2048,0,false,8,512,5,0,39,0,"18,20,22,24,26,27,28,28,29,29,29,29,29,29,29,29,29,28,28,27,26,24,23,22,21,21,21,21,21,21,21,21,5,21,21,21,21,21,21,21,21,23,24,25,27,28,29,30,30,30,30,30,30,30,30,30,30,29,28,22,25,23,21,18",20,54,1086,"31,7",1386,"31,7,2592",0,63,6,20,-1,65536,,1148,"22,2",507,1501,"19,2,2642",4708,"4,32",2092,"5,31",1653,1,1142,61,184,"0,22",229,"0,22,3032",439747,3592,0,2112530,65536,1024,0,0,3285,"1179648,1310720,1441792,1572864,1703936,1769472,1835008,1835008,1900544,1900544,1900544,1900544,1900544,1900544,1900544,1900544,1900544,1835008,1835008,1769472,1703936,1572864,1507328,1441792,1376256,1376256,1376256,1376256,1376256,1376256,1376256,1376256,327680,1376256,1376256,1376256,1376256,1376256,1376256,1376256,1376256,1507328,1572864,1638400,1769472,1835008,1900544,1966080,1966080,1966080,1966080,1966080,1966080,1966080,1966080,1966080,1966080,1900544,1835008,720896,1638400,1507328,1376256,1179648",1595,2065103,0,1083536,981567,0,56,0,23,"1,1,1,1,1,1,1,1,1,1,1,1,1,1,1,1,1,1,1,1,1,1,1,1,1,1,1,1,1,1,1,1,1,1,1,1,1,1,1,1,1,1,1,1,1,1,1,1,1,1,1,1,1,1,1,1,1,1,1,2,1,1,1,1","364971,412565,448865,471916,378139,400666,421752,432401,475425,486278,504731,516064,519756,533282,539195,548818,542390,527110,536091,517034,497994,454527,457451,429740,408568,403132,400346,410490,401434,402157,398405,400444,106446,382951,376221,391370,377980,384132,379219,380276,387763,426758,448197,470911,495277,537434,528998,551883,556165,557112,547582,551974,550464,549101,550589,548068,544081,522970,516790,538828,495603,472839,425422,361853",5,1,3682,0,2,5,1047.8175,4,3600,0,762461,3686400,1835008,,true,,,
47,A,basic,straight,,,0.11.0,de34ddf6,2048,0,false,8,512,9,0,85,0,"0,0,0,2,6,9,14,15,18,19,21,21,21,21,21,21,21,21,21,21,21,21,21,21,21,21,21,21,21,21,21,21,9,21,21,21,21,21,21,21,21,21,21,21,21,21,21,21,21,21,21,21,21,21,21,21,21,21,21,16,16,14,10,2",20,50,150,"33,23",201,"33,26,2642",0,8,6,87,2427,65536,,172,"38,22",64,208,"37,22,2986",18989,"4,32",2076,"27,32",1398,7,164,15,25,"63,25",31,"63,25,2828",12386759,3598,3601067,0,65536,1024,0,0,318,",,,65536,131072,117964,183500,245760,393216,415061,1376256,1376256,1376256,1376256,1376256,1376256,1376256,1376256,1376256,1376256,1376256,1376256,1376256,1376256,1376256,1376256,1376256,1376256,1376256,1376256,1376256,1376256,589824,1376256,1376256,1376256,1376256,1376256,1376256,1376256,1376256,1376256,1376256,1376256,1376256,1376256,1376256,1376256,1376256,1376256,1376256,1376256,1376256,1376256,1376256,1376256,1376256,1376256,1376256,524288,524288,458752,327680,131072",1301,140737,0,20703,120034,0,3,0,8,"0,0,0,2,3,5,5,4,3,3,1,1,1,1,1,1,1,1,1,1,1,1,1,1,1,1,1,1,1,1,1,1,1,1,1,1,1,1,1,1,1,1,1,1,1,1,1,1,1,1,1,1,1,1,1,1,1,1,1,2,2,2,2,1","342695,372562,406640,207216,59256,130486,135469,137816,145196,147373,151152,159374,156423,161826,167154,173527,168042,181049,178947,183067,187629,189326,195178,194678,194515,197818,199258,202745,201192,206909,203527,203464,82779,245587,257991,252677,258381,251011,263358,255471,265838,255280,257503,257383,262547,255945,259673,252912,251675,248155,254019,239021,244022,230703,232527,223445,217223,212669,203894,471704,443144,403736,362844,317238",5,1,17964,0,23,5,1271.1730555555555,4,3600,0,3234729,3686400,183500,,false,,,
47,A,basic,distributed,,,0.11.0,17d8803f,2048,0,false,8,512,9,0,45,0,"10,12,13,14,17,18,20,21,23,28,28,28,30,34,34,36,38,39,40,40,40,40,40,40,40,40,40,40,40,40,40,40,14,40,40,40,40,40,40,40,40,40,40,40,40,40,40,39,38,37,36,35,34,33,32,31,30,29,28,22,25,23,21,18",19,50,733,"32,10",977,"31,3,2699",0,16,6,44,-1,65536,,925,"23,2",294,1067,"19,2,2726",5060,"4,32",1948,"5,31",393,1,2426,55,161,"0,22",174,"0,22,3513",786303,3594,1286352,1550784,65536,1024,0,0,1365,"655360,786432,851968,917504,1114112,1179648,655360,688128,753664,611669,611669,458752,491520,1114112,742741,1179648,2490368,2555904,2621440,2621440,2621440,2621440,2621440,2621440,2621440,2621440,2621440,2621440,2621440,2621440,2621440,2621440,458752,2621440,2621440,2621440,2621440,2621440,2621440,2621440,2621440,2621440,2621440,2621440,2621440,2621440,2621440,2555904,2490368,2424832,2359296,2293760,2228224,2162688,2097152,2031616,1966080,1900544,1835008,720896,1638400,1507328,1376256,1179648",2183,1292544,0,603116,689428,0,35,0,20,"1,1,1,1,1,1,2,2,2,3,3,4,4,2,3,2,1,1,1,1,1,1,1,1,1,1,1,1,1,1,1,1,2,1,1,1,1,1,1,1,1,1,1,1,1,1,1,1,1,1,1,1,1,1,1,1,1,1,1,2,1,1,1,1","209833,240323,269097,295706,318330,342199,356124,377085,407600,432790,445403,474911,488768,515844,540986,553989,584707,601033,621259,623217,625170,640786,638255,648791,640454,643524,641840,645801,637918,638832,647437,642505,625907,669552,659879,665987,676892,668698,677050,674697,673230,681881,678911,682067,673079,676316,665362,646318,624944,619542,592357,583696,569784,545755,542823,529225,505053,471581,459382,496981,481812,435348,407391,346993",5,1,4034,0,2,5,1039.7483333333332,4,3600,0,1628962,3686400,655360,,true,,,
47,A,basic,detour,,,0.11.0,9dc06f9f,2048,0,false,8,512,9,0,39,0,"18,20,22,24,26,27,28,28,29,29,29,29,29,29,29,29,29,28,28,27,26,24,23,22,21,21,21,21,21,21,21,21,5,21,21,21,21,21,21,21,21,23,24,25,27,28,29,30,30,30,30,30,30,30,30,30,30,29,28,22,25,23,21,18",20,50,1086,"31,7",1386,"31,7,2592",0,63,6,20,-1,65536,,1148,"22,2",507,1501,"19,2,2642",4708,"4,32",2092,"5,31",1653,1,1142,61,184,"0,22",229,"0,22,3032",439747,3592,0,2112530,65536,1024,0,0,3285,"1179648,1310720,1441792,1572864,1703936,1769472,1835008,1835008,1900544,1900544,1900544,1900544,1900544,1900544,1900544,1900544,1900544,1835008,1835008,1769472,1703936,1572864,1507328,1441792,1376256,1376256,1376256,1376256,1376256,1376256,1376256,1376256,327680,1376256,1376256,1376256,1376256,1376256,1376256,1376256,1376256,1507328,1572864,1638400,1769472,1835008,1900544,1966080,1966080,1966080,1966080,1966080,1966080,1966080,1966080,1966080,1966080,1900544,1835008,720896,1638400,1507328,1376256,1179648",1595,2065103,0,1083536,981567,0,56,0,23,"1,1,1,1,1,1,1,1,1,1,1,1,1,1,1,1,1,1,1,1,1,1,1,1,1,1,1,1,1,1,1,1,1,1,1,1,1,1,1,1,1,1,1,1,1,1,1,1,1,1,1,1,1,1,1,1,1,1,1,2,1,1,1,1","364971,412565,448865,471916,378139,400666,421752,432401,475425,486278,504731,516064,519756,533282,539195,548818,542390,527110,536091,517034,497994,454527,457451,429740,408568,403132,400346,410490,401434,402157,398405,400444,106446,382951,376221,391370,377980,384132,379219,380276,387763,426758,448197,470911,495277,537434,528998,551883,556165,557112,547582,551974,550464,549101,550589,548068,544081,522970,516790,538828,495603,472839,425422,361853",5,1,3682,0,2,5,1047.8175,4,3600,0,762461,3686400,1835008,,true,,,
48,A,basic,straight,,,0.11.0,02248ae3,2048,0,true,2,512,1,4096,74,0,"0,0,0,1,3,3,3,3,3,3,3,3,3,3,3,3,3,3,3,3,3,3,3,4,7,8,9,9,9,9,9,9,1,1,1,1,1,1,1,1,1,1,1,1,1,1,1,1,1,1,1,1,1,1,1,1,1,1,1,0,0,0,0,0",710,58,70917,"31,31",70901,"31,31,3599",0,24,63,46,-1,65536,,1028,"28,28",112,1028,"31,28,1609",71012,"31,32",71012,"31,32",3600,27,3600,26,0,,0,,630806174,150897,1787850,0,65536,1024,0,0,2142,",,,65536,196608,196608,196608,196608,196608,196608,196608,196608,196608,196608,196608,196608,196608,196608,196608,196608,196608,196608,196608,262144,458752,524288,589824,589824,589824,589824,589824,589824,65536,65536,65536,65536,65536,65536,65536,65536,65536,65536,65536,65536,65536,65536,65536,65536,65536,65536,65536,65536,65536,65536,65536,65536,65536,65536,65536,,,,,",295,0,0,0,0,0,0,0,53,"0,0,0,1,1,1,1,1,1,1,1,1,1,1,1,1,1,1,1,1,1,1,1,1,1,1,1,1,1,1,1,1,1,1,1,1,1,1,1,1,1,1,1,1,1,1,1,1,1,1,1,1,1,1,1,1,1,1,1,0,0,0,0,0",",,0,8091,21335,47007,47130,47447,47796,47918,48229,48572,48693,48998,49336,49456,49755,50088,50207,50500,50829,50775,47590,65524,89386,94770,93211,93518,93534,93290,92939,92811,0,11385,15272,18138,20575,22600,24168,26658,28271,29670,31018,32633,34060,35428,37982,41401,42874,43091,41661,41859,42056,42252,42447,42641,42834,43033,43225,,,,,",5,1,17964,27,27,5,1271.1730555555555,4,3600,0,1731258,3686400,196608,,true,,,
48,A,basic,distributed,,,0.11.0,e286a7d4,2048,0,true,2,512,1,4096,94,0,"0,0,0,1,9,9,10,12,13,14,15,16,16,16,15,16,16,16,15,14,13,13,9,7,7,7,7,7,7,7,10,12,6,6,6,6,6,6,6,6,6,6,6,8,10,12,13,16,16,17,17,16,17,17,15,15,15,14,14,7,11,9,7,0",49,58,1661,"31,31",1662,"31,31,698",0,63,6,87,2489,65536,,1609,"61,35",54,1610,"61,35,2037",5036,"4,32",4930,"61,34",2034,1,60,6,0,,0,,1188351,10673,970344,2500762,65536,1024,0,0,465,",,,65536,589824,589824,655360,786432,851968,917504,983040,524288,524288,524288,491520,524288,524288,524288,491520,458752,425984,425984,294912,229376,229376,229376,229376,229376,229376,229376,327680,393216,196608,196608,196608,196608,196608,196608,196608,196608,196608,196608,196608,174762,327680,393216,425984,524288,524288,557056,557056,524288,557056,1114112,983040,983040,491520,917504,917504,152917,720896,589824,458752,",786,0,0,0,0,0,0,0,12,"0,0,0,1,1,1,1,1,1,1,1,2,2,2,2,2,2,2,2,2,2,2,2,2,2,2,2,2,2,2,2,2,2,2,2,2,2,2,2,2,2,2,2,3,2,2,2,2,2,2,2,2,2,1,1,1,2,1,1,3,1,1,1,0",",,,146862,118954,149774,169665,189059,221279,240277,260134,279109,306173,327268,345319,365824,384276,411365,435070,440736,429955,472141,562744,588042,589818,589716,589668,589595,589576,589922,663499,637815,599352,600986,601062,601053,600970,600976,601010,601017,601055,601031,601127,586628,511405,472926,439452,418686,396806,381762,348815,332716,319354,286216,272184,254949,230454,241948,223066,222224,150277,123843,98314,",5,1,4012,0,59,5,1038.8227777777777,4,3600,0,3235176,3686400,655360,,false,,,
48,A,basic,detour,,,0.11.0,7703f420,2048,0,true,2,512,1,4096,94,0,"0,0,0,0,8,9,10,12,13,14,13,14,14,14,13,14,14,15,13,12,11,11,7,5,5,5,5,5,5,5,5,5,5,5,5,5,5,5,5,5,5,5,5,8,9,11,12,13,15,16,16,15,16,16,16,16,15,15,14,7,11,9,7,0",101,58,1552,"32,10",1552,"32,10,763",0,63,6,85,2562,65536,,1594,"61,35",112,1596,"61,35,1045",10124,"60,34",10124,"60,34",1187,3,1187,6,0,,0,,4155808,9464,0,3439767,65536,1024,0,0,553,",,,,524288,589824,655360,786432,851968,917504,851968,917504,917504,917504,851968,917504,917504,983040,851968,786432,720896,720896,458752,327680,327680,327680,327680,327680,327680,327680,327680,327680,327680,327680,327680,327680,327680,327680,327680,327680,327680,327680,327680,524288,589824,720896,786432,851968,983040,1048576,1048576,983040,1048576,1048576,1048576,1048576,491520,983040,917504,152917,720896,589824,458752,",678,0,0,0,0,0,0,0,14,"0,0,0,0,1,1,1,1,1,1,1,1,1,1,1,1,1,1,1,1,1,1,1,1,1,1,1,1,1,1,1,1,1,1,1,1,1,1,1,1,1,1,1,1,1,1,1,1,1,1,1,1,1,1,1,1,2,1,1,3,1,1,1,0",",,,145290,128403,151879,165869,179780,210410,216922,213481,216708,241760,241426,224662,224053,248866,250585,232631,212277,199715,180036,140763,108525,105950,105722,105598,105468,105389,105291,105213,105114,104141,104928,104842,104757,104658,104566,104485,104385,104305,104185,110103,150007,177374,202317,232418,242428,253087,269383,249676,255284,268629,249044,257547,270443,251884,254819,238940,210925,152807,137502,111392,",5,1,3568,58,58,5,1035.9658333333334,4,3600,0,3160458,3686400,655360,,true,,,
49,A,basic,straight,,,0.11.0,a48d404d,2048,0,true,2,512,3,4096,98,0,"0,0,0,1,3,3,3,3,3,3,3,5,5,5,5,5,5,5,5,5,5,5,5,5,5,5,5,5,5,5,5,5,3,5,5,5,5,5,5,5,5,5,5,5,5,6,7,7,7,7,5,5,5,5,5,5,5,5,5,0,0,0,0,0",20,56,1347,"32,31",1348,"32,31,315",0,46,63,93,2290,65536,,0,,0,0,,18989,"4,32",2072,"27,32",253,7,164,2,0,,0,,12386763,3598,3552689,0,65536,1024,0,0,249,",,,65536,196608,196608,196608,196608,196608,196608,196608,327680,327680,327680,327680,327680,327680,327680,327680,327680,327680,327680,327680,327680,327680,327680,327680,327680,327680,327680,327680,327680,196608,327680,327680,327680,327680,327680,327680,327680,327680,327680,327680,327680,327680,393216,458752,458752,458752,458752,327680,327680,327680,327680,327680,327680,327680,327680,327680,,,,,",310,0,0,0,0,0,0,0,6,"0,0,0,1,1,1,1,1,1,1,1,1,1,1,1,1,1,1,1,1,1,1,1,1,1,1,1,1,1,1,1,1,1,1,1,1,1,1,1,1,1,1,1,1,1,1,1,1,1,1,1,1,1,1,1,1,1,1,1,0,0,0,0,0",",,0,8091,21335,47007,47130,47447,47796,47918,48229,48572,48693,48998,49336,49456,49755,50088,50207,50500,50829,50947,51235,51559,52425,52049,51599,51148,50971,50907,51075,51573,48140,54400,55530,56269,57249,58502,59618,61104,62292,63994,65602,67375,69062,70861,72617,74277,76077,76302,72536,72562,72550,72543,72572,72543,72562,72553,72536,,,,,",5,1,17964,0,23,5,1271.1730555555555,4,3600,0,3439175,3686400,196608,,false,,,
49,A,basic,distributed,,,0.11.0,c6d57d16,2048,0,true,2,512,3,4096,95,0,"0,0,0,1,9,9,10,12,13,14,15,16,16,16,15,16,16,16,15,14,13,13,9,7,7,7,7,7,7,7,7,7,7,7,7,7,7,7,7,7,7,7,7,9,11,13,14,17,17,18,18,17,17,17,15,14,14,14,14,7,11,9,7,0",49,56,1071,"32,10",1072,"32,10,1552",0,63,6,87,2483,65536,,1608,"61,35",53,1608,"61,35,2021",5036,"4,32",4921,"61,34",2031,1,60,5,0,,0,,1181505,10626,976204,2500762,65536,1024,0,0,458,",,,65536,589824,589824,655360,786432,851968,917504,983040,524288,524288,524288,491520,524288,524288,524288,491520,458752,425984,425984,294912,229376,229376,229376,229376,229376,229376,229376,229376,229376,229376,229376,229376,229376,229376,229376,229376,229376,229376,229376,229376,196608,360448,425984,458752,557056,557056,589824,589824,557056,557056,1114112,983040,917504,458752,917504,917504,152917,720896,589824,458752,",782,0,0,0,0,0,0,0,12,"0,0,0,1,1,1,1,1,1,1,1,2,2,2,2,2,2,2,2,2,2,2,2,2,2,2,2,2,2,2,2,2,2,2,2,2,2,2,2,2,2,2,2,3,2,2,2,2,2,2,2,2,2,1,1,1,2,1,1,3,1,1,1,0",",,,146862,118954,149774,169665,189059,221279,240277,260134,279109,306173,327268,345319,365824,384276,411365,435070,440736,429955,472141,562744,588042,589818,589716,589668,589595,589576,589530,589484,589438,588997,589312,589379,589364,589277,589277,589302,589302,589332,589302,589277,575565,501636,464079,431841,411597,390416,375650,342661,327194,314353,281053,267278,251820,226789,238673,221564,221786,150275,123878,98359,",5,1,4012,0,59,5,1038.8227777777777,4,3600,0,3241107,3686400,655360,,true,,,
49,A,basic,detour,,,0.11.0,7703f420,2048,0,true,2,512,3,4096,94,0,"0,0,0,0,8,9,10,12,13,14,13,14,14,14,13,14,14,15,13,12,11,11,7,5,5,5,5,5,5,5,5,5,5,5,5,5,5,5,5,5,5,5,5,8,9,11,12,13,15,16,16,15,16,16,16,16,15,15,14,7,11,9,7,0",101,56,1552,"32,10",1552,"32,10,763",0,63,6,85,2562,65536,,1594,"61,35",112,1596,"61,35,1045",10124,"60,34",10124,"60,34",1187,3,1187,6,0,,0,,4155808,9464,0,3439767,65536,1024,0,0,553,",,,,524288,589824,655360,786432,851968,917504,851968,917504,917504,917504,851968,917504,917504,983040,851968,786432,720896,720896,458752,327680,327680,327680,327680,327680,327680,327680,327680,327680,327680,327680,327680,327680,327680,327680,327680,327680,327680,327680,327680,524288,589824,720896,786432,851968,983040,1048576,1048576,983040,1048576,1048576,1048576,1048576,491520,983040,917504,152917,720896,589824,458752,",678,0,0,0,0,0,0,0,14,"0,0,0,0,1,1,1,1,1,1,1,1,1,1,1,1,1,1,1,1,1,1,1,1,1,1,1,1,1,1,1,1,1,1,1,1,1,1,1,1,1,1,1,1,1,1,1,1,1,1,1,1,1,1,1,1,2,1,1,3,1,1,1,0",",,,145290,128403,151879,165869,179780,210410,216922,213481,216708,241760,241426,224662,224053,248866,250585,232631,212277,199715,180036,140763,108525,105950,105722,105598,105468,105389,105291,105213,105114,104141,104928,104842,104757,104658,104566,104485,104385,104305,104185,110103,150007,177374,202317,232418,242428,253087,269383,249676,255284,268629,249044,257547,270443,251884,254819,238940,210925,152807,137502,111392,",5,1,3568,58,58,5,1035.9658333333334,4,3600,0,3160458,3686400,655360,,true,,,
50,A,basic,straight,,,0.11.0,71192275,2048,0,true,2,512,5,4096,98,0,"0,0,0,1,3,3,3,3,3,3,3,5,5,5,5,5,5,5,5,5,5,5,5,5,5,5,5,5,5,5,5,5,5,5,5,5,5,5,5,5,5,5,5,5,6,6,7,7,7,7,5,5,5,5,5,5,5,5,5,0,0,0,0,0",20,54,70,"32,30",72,"32,30,565",0,46,63,93,2290,65536,,0,,0,0,,18989,"4,32",2072,"27,32",253,7,164,2,0,,0,,12386763,3598,3552788,0,65536,1024,0,0,249,",,,65536,196608,196608,196608,196608,196608,196608,196608,327680,327680,327680,327680,327680,327680,327680,327680,327680,327680,327680,327680,327680,327680,327680,327680,327680,327680,327680,327680,327680,327680,327680,327680,327680,327680,327680,327680,327680,327680,327680,327680,327680,393216,393216,458752,458752,458752,458752,327680,327680,327680,327680,327680,327680,327680,327680,327680,,,,,",313,0,0,0,0,0,0,0,6,"0,0,0,1,1,1,1,1,1,1,1,1,1,1,1,1,1,1,1,1,1,1,1,1,1,1,1,1,1,1,1,1,1,1,1,1,1,1,1,1,1,1,1,1,1,1,1,1,1,1,1,1,1,1,1,1,1,1,1,0,0,0,0,0",",,0,8091,21335,47007,47130,47447,47796,47918,48229,48572,48693,48998,49336,49456,49755,50088,50207,50500,50829,50947,51235,51559,52425,52049,51599,51148,50971,50907,51075,51346,51508,57784,58105,58843,59696,60523,62321,63294,64439,66231,67483,68783,70748,72067,74040,75424,77297,77507,73534,73529,73534,73534,73529,73534,73534,73529,73534,,,,,",5,1,17964,0,23,5,1271.1730555555555,4,3600,0,3439190,3686400,196608,,false,,,
50,A,basic,distributed,,,0.11.0,44fce11e,2048,0,true,2,512,5,4096,95,0,"0,0,0,1,9,9,10,12,13,14,15,16,16,16,15,16,16,16,15,14,13,13,9,7,7,7,7,7,7,7,7,7,7,7,7,7,7,7,7,7,7,7,7,9,11,13,14,17,17,18,18,17,17,17,15,14,14,14,14,7,11,9,7,0",49,54,1071,"32,10",1072,"32,10,1552",0,63,6,87,2483,65536,,1608,"61,35",53,1608,"61,35,2021",5036,"4,32",4921,"61,34",2031,1,60,5,0,,0,,1181505,10626,976204,2500762,65536,1024,0,0,458,",,,65536,589824,589824,655360,786432,851968,917504,983040,524288,524288,524288,491520,524288,524288,524288,491520,458752,425984,425984,294912,229376,229376,229376,229376,229376,229376,229376,229376,229376,229376,229376,229376,229376,229376,229376,229376,229376,229376,229376,229376,196608,360448,425984,458752,557056,557056,589824,589824,557056,557056,1114112,983040,917504,458752,917504,917504,152917,720896,589824,458752,",782,0,0,0,0,0,0,0,12,"0,0,0,1,1,1,1,1,1,1,1,2,2,2,2,2,2,2,2,2,2,2,2,2,2,2,2,2,2,2,2,2,2,2,2,2,2,2,2,2,2,2,2,3,2,2,2,2,2,2,2,2,2,1,1,1,2,1,1,3,1,1,1,0",",,,146862,118954,149774,169665,189059,221279,240277,260134,279109,306173,327268,345319,365824,384276,411365,435070,440736,429955,472141,562744,588042,589818,589716,589668,589595,589576,589530,589484,589438,589994,589312,589379,589364,589277,589277,589302,589302,589332,589302,589277,575565,501636,464079,431841,411597,390416,375650,342661,327194,314353,281053,267278,251820,226789,238673,221564,221786,150275,123878,98359,",5,1,4012,0,59,5,1038.8227777777777,4,3600,0,3241099,3686400,655360,,true,,,
50,A,basic,detour,,,0.11.0,7703f420,2048,0,true,2,512,5,4096,94,0,"0,0,0,0,8,9,10,12,13,14,13,14,14,14,13,14,14,15,13,12,11,11,7,5,5,5,5,5,5,5,5,5,5,5,5,5,5,5,5,5,5,5,5,8,9,11,12,13,15,16,16,15,16,16,16,16,15,15,14,7,11,9,7,0",101,54,1552,"32,10",1552,"32,10,763",0,63,6,85,2562,65536,,1594,"61,35",112,1596,"61,35,1045",10124,"60,34",10124,"60,34",1187,3,1187,6,0,,0,,4155808,9464,0,3439767,65536,1024,0,0,553,",,,,524288,589824,655360,786432,851968,917504,851968,917504,917504,917504,851968,917504,917504,983040,851968,786432,720896,720896,458752,327680,327680,327680,327680,327680,327680,327680,327680,327680,327680,327680,327680,327680,327680,327680,327680,327680,327680,327680,327680,524288,589824,720896,786432,851968,983040,1048576,1048576,983040,1048576,1048576,1048576,1048576,491520,983040,917504,152917,720896,589824,458752,",678,0,0,0,0,0,0,0,14,"0,0,0,0,1,1,1,1,1,1,1,1,1,1,1,1,1,1,1,1,1,1,1,1,1,1,1,1,1,1,1,1,1,1,1,1,1,1,1,1,1,1,1,1,1,1,1,1,1,1,1,1,1,1,1,1,2,1,1,3,1,1,1,0",",,,145290,128403,151879,165869,179780,210410,216922,213481,216708,241760,241426,224662,224053,248866,250585,232631,212277,199715,180036,140763,108525,105950,105722,105598,105468,105389,105291,105213,105114,104141,104928,104842,104757,104658,104566,104485,104385,104305,104185,110103,150007,177374,202317,232418,242428,253087,269383,249676,255284,268629,249044,257547,270443,251884,254819,238940,210925,152807,137502,111392,",5,1,3568,58,58,5,1035.9658333333334,4,3600,0,3160458,3686400,655360,,true,,,
51,A,basic,straight,,,0.11.0,3d4b3329,2048,0,true,2,512,9,4096,98,0,"0,0,0,1,3,3,3,3,3,3,3,5,5,5,5,5,5,5,5,5,5,5,5,5,5,5,5,5,5,5,5,5,5,5,5,5,5,5,5,5,5,5,5,5,6,6,7,7,7,7,5,5,5,5,5,5,5,5,5,0,0,0,0,0",20,50,0,,0,,0,46,63,93,2290,65536,,0,,0,0,,18989,"4,32",2072,"27,32",253,7,164,2,0,,0,,12386763,3598,3552788,0,65536,1024,0,0,249,",,,65536,196608,196608,196608,196608,196608,196608,196608,327680,327680,327680,327680,327680,327680,327680,327680,327680,327680,327680,327680,327680,327680,327680,327680,327680,327680,327680,327680,327680,327680,327680,327680,327680,327680,327680,327680,327680,327680,327680,327680,327680,393216,393216,458752,458752,458752,458752,327680,327680,327680,327680,327680,327680,327680,327680,327680,,,,,",313,0,0,0,0,0,0,0,6,"0,0,0,1,1,1,1,1,1,1,1,1,1,1,1,1,1,1,1,1,1,1,1,1,1,1,1,1,1,1,1,1,1,1,1,1,1,1,1,1,1,1,1,1,1,1,1,1,1,1,1,1,1,1,1,1,1,1,1,0,0,0,0,0",",,0,8091,21335,47007,47130,47447,47796,47918,48229,48572,48693,48998,49336,49456,49755,50088,50207,50500,50829,50947,51235,51559,52425,52049,51599,51148,50971,50907,51075,51346,51742,57784,58105,58843,59696,60523,62321,63294,64439,66231,67483,68783,70748,72067,74040,75424,77277,77473,73534,73529,73534,73534,73529,73534,73534,73529,73534,,,,,",5,1,17964,0,23,5,1271.1730555555555,4,3600,0,3439184,3686400,196608,,false,,,
51,A,basic,distributed,,,0.11.0,44fce11e,2048,0,true,2,512,9,4096,95,0,"0,0,0,1,9,9,10,12,13,14,15,16,16,16,15,16,16,16,15,14,13,13,9,7,7,7,7,7,7,7,7,7,7,7,7,7,7,7,7,7,7,7,7,9,11,13,14,17,17,18,18,17,17,17,15,14,14,14,14,7,11,9,7,0",49,50,1071,"32,10",1072,"32,10,1552",0,63,6,87,2483,65536,,1608,"61,35",53,1608,"61,35,2021",5036,"4,32",4921,"61,34",2031,1,60,5,0,,0,,1181505,10626,976204,2500762,65536,1024,0,0,458,",,,65536,589824,589824,655360,786432,851968,917504,983040,524288,524288,524288,491520,524288,524288,524288,491520,458752,425984,425984,294912,229376,229376,229376,229376,229376,229376,229376,229376,229376,229376,229376,229376,229376,229376,229376,229376,229376,229376,229376,229376,196608,360448,425984,458752,557056,557056,589824,589824,557056,557056,1114112,983040,917504,458752,917504,917504,152917,720896,589824,458752,",782,0,0,0,0,0,0,0,12,"0,0,0,1,1,1,1,1,1,1,1,2,2,2,2,2,2,2,2,2,2,2,2,2,2,2,2,2,2,2,2,2,2,2,2,2,2,2,2,2,2,2,2,3,2,2,2,2,2,2,2,2,2,1,1,1,2,1,1,3,1,1,1,0",",,,146862,118954,149774,169665,189059,221279,240277,260134,279109,306173,327268,345319,365824,384276,411365,435070,440736,429955,472141,562744,588042,589818,589716,589668,589595,589576,589530,589484,589438,589994,589312,589379,589364,589277,589277,589302,589302,589332,589302,589277,575565,501636,464079,431841,411597,390416,375650,342661,327194,314353,281053,267278,251820,226789,238673,221564,221786,150275,123878,98359,",5,1,4012,0,59,5,1038.8227777777777,4,3600,0,3241099,3686400,655360,,true,,,
51,A,basic,detour,,,0.11.0,7703f420,2048,0,true,2,512,9,4096,94,0,"0,0,0,0,8,9,10,12,13,14,13,14,14,14,13,14,14,15,13,12,11,11,7,5,5,5,5,5,5,5,5,5,5,5,5,5,5,5,5,5,5,5,5,8,9,11,12,13,15,16,16,15,16,16,16,16,15,15,14,7,11,9,7,0",101,50,1552,"32,10",1552,"32,10,763",0,63,6,85,2562,65536,,1594,"61,35",112,1596,"61,35,1045",10124,"60,34",10124,"60,34",1187,3,1187,6,0,,0,,4155808,9464,0,3439767,65536,1024,0,0,553,",,,,524288,589824,655360,786432,851968,917504,851968,917504,917504,917504,851968,917504,917504,983040,851968,786432,720896,720896,458752,327680,327680,327680,327680,327680,327680,327680,327680,327680,327680,327680,327680,327680,327680,327680,327680,327680,327680,327680,327680,524288,589824,720896,786432,851968,983040,1048576,1048576,983040,1048576,1048576,1048576,1048576,491520,983040,917504,152917,720896,589824,458752,",678,0,0,0,0,0,0,0,14,"0,0,0,0,1,1,1,1,1,1,1,1,1,1,1,1,1,1,1,1,1,1,1,1,1,1,1,1,1,1,1,1,1,1,1,1,1,1,1,1,1,1,1,1,1,1,1,1,1,1,1,1,1,1,1,1,2,1,1,3,1,1,1,0",",,,145290,128403,151879,165869,179780,210410,216922,213481,216708,241760,241426,224662,224053,248866,250585,232631,212277,199715,180036,140763,108525,105950,105722,105598,105468,105389,105291,105213,105114,104141,104928,104842,104757,104658,104566,104485,104385,104305,104185,110103,150007,177374,202317,232418,242428,253087,269383,249676,255284,268629,249044,257547,270443,251884,254819,238940,210925,152807,137502,111392,",5,1,3568,58,58,5,1035.9658333333334,4,3600,0,3160458,3686400,655360,,true,,,
